2026-08-31 14:53:40 [INFO] JarvisBridge WebSocket server started on ws://127.0.0.1:8765
2026-08-31 14:53:40 [INFO] server listening on 127.0.0.1:8765
2026-08-31 14:53:41 [INFO] Launched Jarvis desktop UI overlay process (hidden by default, PID: 7836).
2026-08-31 14:53:41 [INFO] connection open
2026-08-31 14:53:41 [INFO] [BRIDGE] UI client connected: ('127.0.0.1', 55247)
2026-08-31 14:53:43 [INFO] connection open
2026-08-31 14:53:43 [INFO] [BRIDGE] UI client connected: ('127.0.0.1', 54816)
2026-08-31 14:53:44 [INFO] [VAD] Loading Silero VAD from local torch hub cache: C:\Users\ADMIN/.cache\torch\hub\snakers4_silero-vad_master
2026-08-31 14:53:44 [INFO] [VAD] Silero VAD neural model ready (threshold=0.35).
2026-08-31 14:53:44 [INFO] Initializing OpenWakeWord neural model ('hey_jarvis')...
2026-08-31 14:53:44 [INFO] OpenWakeWord model ready (keyword: 'hey_jarvis', confidence threshold=0.45).
2026-08-31 14:53:45 [INFO] [AUDIO] Ownership transfer: NONE -> TRIGGER
2026-08-31 14:53:45 [INFO] ===============================================================
2026-08-31 14:53:45 [INFO]  JARVIS RUNTIME COORDINATOR — HERMES AGENT & SINGLE AUDIO OWNER
2026-08-31 14:53:45 [INFO] ===============================================================
2026-08-31 14:53:45 [INFO]  Microphone Invariant: Central AudioManager (Single Stream)
2026-08-31 14:53:45 [INFO]  Mode 1: TRIGGER MODE (Claps & Deterministic Shortcuts)
2026-08-31 14:53:45 [INFO]  Mode 2: CHAT MODE (VAD + STT + Hermes Agent + Computer Use)
2026-08-31 14:53:45 [INFO]  Activation: 'Hey Jarvis, I need your help' -> Chat Mode & Hermes
2026-08-31 14:53:45 [INFO]  Deactivation: 'Jarvis, go to sleep' -> Return to Trigger Mode
2026-08-31 14:53:45 [INFO]  Audio capture: Rate=16000 Hz, Block=80 ms
2026-08-31 14:53:45 [INFO] ===============================================================
2026-08-31 14:53:45 [INFO] Audio devices:
   0 Microsoft Sound Mapper - Input, MME (2 in, 0 out)
>  1 Microphone (MCHOSE K20), MME (1 in, 0 out)
   2 Microsoft Sound Mapper - Output, MME (0 in, 2 out)
<  3 Realtek HD Audio 2nd output (Re, MME (0 in, 2 out)
   4 Speakers (Realtek(R) Audio), MME (0 in, 8 out)
   5 SAMSUNG (NVIDIA High Definition, MME (0 in, 2 out)
   6 Realtek Digital Output (Realtek, MME (0 in, 2 out)
   7 Speakers (MCHOSE K20), MME (0 in, 8 out)
   8 Primary Sound Capture Driver, Windows DirectSound (2 in, 0 out)
   9 Microphone (MCHOSE K20), Windows DirectSound (1 in, 0 out)
  10 Primary Sound Driver, Windows DirectSound (0 in, 2 out)
  11 Realtek HD Audio 2nd output (Realtek(R) Audio), Windows DirectSound (0 in, 2 out)
  12 Speakers (Realtek(R) Audio), Windows DirectSound (0 in, 8 out)
  13 SAMSUNG (NVIDIA High Definition Audio), Windows DirectSound (0 in, 2 out)
  14 Realtek Digital Output (Realtek(R) Audio), Windows DirectSound (0 in, 2 out)
  15 Speakers (MCHOSE K20), Windows DirectSound (0 in, 8 out)
  16 Speakers (Realtek(R) Audio), Windows WASAPI (0 in, 2 out)
  17 SAMSUNG (NVIDIA High Definition Audio), Windows WASAPI (0 in, 2 out)
  18 Realtek Digital Output (Realtek(R) Audio), Windows WASAPI (0 in, 2 out)
  19 Speakers (MCHOSE K20), Windows WASAPI (0 in, 8 out)
  20 Realtek HD Audio 2nd output (Realtek(R) Audio), Windows WASAPI (0 in, 2 out)
  21 Microphone (MCHOSE K20), Windows WASAPI (1 in, 0 out)
  22 Headphones (Realtek HD Audio 2nd output), Windows WDM-KS (0 in, 2 out)
  23 Stereo Mix (Realtek HD Audio Stereo input), Windows WDM-KS (2 in, 0 out)
  24 Line In (Realtek HD Audio Line input), Windows WDM-KS (2 in, 0 out)
  25 Microphone (Realtek HD Audio Mic input), Windows WDM-KS (2 in, 0 out)
  26 Speakers (Realtek HD Audio output), Windows WDM-KS (0 in, 8 out)
  27 SPDIF Out (Realtek HDA SPDIF Out), Windows WDM-KS (0 in, 2 out)
  28 Microphone (MicIn), Windows WDM-KS (1 in, 0 out)
  29 Speakers (Speaker), Windows WDM-KS (0 in, 8 out)
  30 Output (NVIDIA High Definition Audio), Windows WDM-KS (0 in, 2 out)
2026-08-31 14:53:45 [INFO] Using default microphone [1]: Microphone (MCHOSE K20) (probe rms=0.00385)
2026-08-31 14:53:48 [INFO] Microphone calibration complete (baseline noise=0.00010, threshold=0.02500). Ready for commands!
2026-08-31 14:53:48 [INFO] Say 'Hey Jarvis, I need your help' for Conversation mode, or clap for Commands.
2026-08-31 14:53:53 [INFO] 🌟 [INTENT: CONVERSATION] Dedicated phrase detected ('chavis i need your help') -> Materializing Jarvis Orb...
2026-08-31 14:53:53 [INFO] [JARVIS] Wake detected -> Conversation session acquired. ID: 007366aa
2026-08-31 14:53:53 [INFO] [JARVIS] Conversation session acquired. ID: 007366aa
2026-08-31 14:53:53 [INFO] [AUDIO] Ownership transfer: TRIGGER -> CHAT
2026-08-31 14:53:53 [INFO] [HERMES_RUNTIME] Session started: 007366aa
2026-08-31 14:53:53 [INFO] Playing phrase from cache: C:\Users\ADMIN\Downloads\jarvis-main\jarvis-main\.cache\jarvis_welcome\d0ecfd35be7f28a737660d7a.wav
2026-08-31 14:53:53 [INFO] [JARVIS] State changed -> speaking
2026-08-31 14:53:55 [INFO] [JARVIS] State changed -> listening
2026-08-31 14:53:56 [INFO] [VAD] Speech started.
2026-08-31 14:53:56 [INFO] 🎙️ [VAD] User started speaking turn...
2026-08-31 14:53:57 [INFO] [VAD] Speech ended (utterance bytes=46080).
2026-08-31 14:53:57 [INFO] [AUDIO] duration=1.44s rms=0.09000 peak=0.7382 silence_ratio=0.63 is_valid=True
2026-08-31 14:53:58 [INFO] [STT] Initializing Faster-Whisper (model='base', device='cpu', compute_type='int8')...
2026-08-31 14:53:59 [INFO] [STT] Faster-Whisper model ready (threads=8).
2026-08-31 14:53:59 [INFO] Processing audio with duration 00:01.440
2026-08-31 14:54:00 [INFO] Detected language 'en' with probability 0.86
2026-08-31 14:54:01 [INFO] [STT] Faster-Whisper: transcribed='Open YouTube.' | lang='en' (prob=0.86)
2026-08-31 14:54:01 [INFO] [LANGUAGE] Detected ENGLISH utterance: 'Open YouTube.' (conf=0.90)
2026-08-31 14:54:01 [INFO] [STT] model=base language_mode=auto text='Open YouTube.' avg_logprob=-0.430 no_speech_prob=0.293 compression_ratio=0.62
2026-08-31 14:54:01 [INFO] [LANGUAGE] primary=en languages=['vi', 'en'] mixed_language=True
2026-08-31 14:54:01 [INFO] [STT_RESOLVER] candidate_count=1 selected_candidate='Open YouTube.' confidence=0.86 score=-0.810
2026-08-31 14:54:01 [INFO] [APP_REGISTRY] Discovered 78 Windows Start Menu applications.
2026-08-31 14:54:01 [INFO] [VOICE_MEMORY] Loaded 34 learned phrase mappings from user_voice_memory.json
2026-08-31 14:54:01 [INFO] [STT -> INTERPRETATION]
  [STT RAW]: 'Open YouTube.'
  [NORMALIZED]: 'Open YouTube.'
  [INTENT]: OPEN_APPLICATION (confidence=0.98, compound=False)
  [ENTITY]: YouTube (method=levenshtein, confidence=0.93)
2026-08-31 14:54:01 [INFO] 🎙️ [SMART TURN COMPLETED] Raw: 'Open YouTube.' | Normalized: 'Open YouTube.'
2026-08-31 14:54:01 [INFO] 💬 [CONVERSATION MODE] Processing user command: 'Open YouTube.' (Raw STT: 'Open YouTube.')
2026-08-31 14:54:01 [INFO] [LANGUAGE] Detected ENGLISH utterance: 'Open YouTube.' (conf=0.90)
2026-08-31 14:54:01 [INFO] 🎙️ [STT] raw = 'Open YouTube.'
2026-08-31 14:54:01 [INFO] 🌐 [LANGUAGE] detected = 'en' (confidence=0.90, response_rule='ALWAYS_ENGLISH')
2026-08-31 14:54:01 [INFO] ✨ [NORMALIZER] normalized = 'Open YouTube.'
2026-08-31 14:54:01 [INFO] 🎯 [INTENT] type = OPEN_APPLICATION (confidence=0.98, compound=False)
2026-08-31 14:54:01 [INFO] 🏷️ [ENTITY] candidate = 'YouTube' (alias='YouTube', method=levenshtein, confidence=0.93)
2026-08-31 14:54:01 [INFO] [ROUTER] Fast-path routing to 'open_app:youtube' for 'Open YouTube.'
2026-08-31 14:54:01 [INFO] [ROUTER] Command: 'Open YouTube.' -> Target: DETERMINISTIC_ACTION (Action: open_app:youtube)
2026-08-31 14:54:01 [INFO] [JARVIS] State changed -> processing
2026-08-31 14:54:01 [INFO] [ACTION] Fast-path executing deterministic action: open_app:youtube
2026-08-31 14:54:01 [INFO] [TOOL] open_application('YouTube')
2026-08-31 14:54:01 [INFO] [TOOL_REGISTRY] Executing 'open_application' with params: {'app_name': 'YouTube'}
2026-08-31 14:54:01 [INFO] [COMPUTER_USE] Opening web service 'YouTube' -> https://www.youtube.com
2026-08-31 14:54:01 [INFO] [BROWSER] Opened https://www.youtube.com with Isolated CDP on port 9222
2026-08-31 14:54:01 [INFO] [RESULT] success
2026-08-31 14:54:01 [INFO] Playing phrase from cache: C:\Users\ADMIN\Downloads\jarvis-main\jarvis-main\.cache\jarvis_welcome\df453efcd9c6d4e03836a8a9.wav
2026-08-31 14:54:01 [INFO] [JARVIS] State changed -> speaking
2026-08-31 14:54:03 [INFO] [JARVIS] State changed -> listening
2026-08-31 14:54:03 [INFO] [JARVIS] State changed -> listening
2026-08-31 14:54:03 [INFO] [CHAT] Returned to listening state. Ready for next voice command.
2026-08-31 14:54:07 [INFO] [VAD] Speech started.
2026-08-31 14:54:07 [INFO] 🎙️ [VAD] User started speaking turn...
2026-08-31 14:54:09 [INFO] [VAD] Speech ended (utterance bytes=79360).
2026-08-31 14:54:09 [INFO] [AUDIO] duration=2.48s rms=0.09000 peak=0.7716 silence_ratio=0.60 is_valid=True
2026-08-31 14:54:09 [INFO] Processing audio with duration 00:02.480
2026-08-31 14:54:09 [INFO] Detected language 'ms' with probability 0.34
2026-08-31 14:54:11 [INFO] [STT] Language 'ms' (prob=0.34) uncertain/empty -> Re-transcribing with bilingual fallback...
2026-08-31 14:54:11 [INFO] Processing audio with duration 00:02.480
2026-08-31 14:54:12 [INFO] [STT] Faster-Whisper: transcribed='Gly the second video.' | lang='en' (prob=1.00)
2026-08-31 14:54:12 [INFO] [LANGUAGE] Detected ENGLISH utterance: 'Gly the second video.' (conf=0.90)
2026-08-31 14:54:12 [INFO] [STT] model=base language_mode=auto text='Gly the second video.' avg_logprob=-0.667 no_speech_prob=0.076 compression_ratio=0.72
2026-08-31 14:54:12 [INFO] [LANGUAGE] primary=en languages=['en'] mixed_language=False
2026-08-31 14:54:12 [INFO] [STT_RESOLVER] candidate_count=1 selected_candidate='Gly the second video.' confidence=1.00 score=-0.879
2026-08-31 14:54:12 [INFO] [STT -> INTERPRETATION]
  [STT RAW]: 'Gly the second video.'
  [NORMALIZED]: 'Gly the second video.'
  [INTENT]: CONVERSATION (confidence=0.85, compound=False)
  [ENTITY]: None (method=None, confidence=0.00)
2026-08-31 14:54:12 [INFO] 🎙️ [SMART TURN COMPLETED] Raw: 'Gly the second video.' | Normalized: 'Gly the second video.'
2026-08-31 14:54:12 [INFO] 💬 [CONVERSATION MODE] Processing user command: 'Gly the second video.' (Raw STT: 'Gly the second video.')
2026-08-31 14:54:12 [INFO] [LANGUAGE] Detected ENGLISH utterance: 'Gly the second video.' (conf=0.90)
2026-08-31 14:54:12 [INFO] 🎙️ [STT] raw = 'Gly the second video.'
2026-08-31 14:54:12 [INFO] 🌐 [LANGUAGE] detected = 'en' (confidence=0.90, response_rule='ALWAYS_ENGLISH')
2026-08-31 14:54:12 [INFO] ✨ [NORMALIZER] normalized = 'Gly the second video.'
2026-08-31 14:54:12 [INFO] 🎯 [INTENT] type = CONVERSATION (confidence=0.85, compound=False)
2026-08-31 14:54:12 [INFO] [ROUTER] Routing natural-language task 'Gly the second video.' to Hermes Agent
2026-08-31 14:54:12 [INFO] [ROUTER] Command: 'Gly the second video.' -> Target: HERMES_AGENT (Action: agent_task)
2026-08-31 14:54:12 [INFO] 🧠 [HERMES] Starting task delegation to Hermes Agent loop for session: 007366aa
2026-08-31 14:54:12 [INFO] [JARVIS] State changed -> agent_thinking
2026-08-31 14:54:12 [INFO] [HERMES] Step 1: Agent thinking & reasoning about instruction 'Gly the second video.'...
2026-08-31 14:54:12 [INFO] [CHAT -> HERMES] Dispatching instruction: 'Gly the second video.' (Intent: CONVERSATION)
2026-08-31 14:54:12 [INFO] [HERMES_CLIENT] Sending message to Hermes for session 007366aa: 'Gly the second video.'
2026-08-31 14:54:12 [INFO] [HERMES EVENT] 💭 Thinking: Analyzing request with Qwen reasoning...
2026-08-31 14:54:12 [INFO] [JARVIS] State changed -> agent_thinking
2026-08-31 14:54:17 [INFO] [HERMES_RUNTIME] Generated plan for 'Gly the second video.': ['select_youtube_video']
2026-08-31 14:54:17 [INFO] [HERMES EVENT] ⚙️ Executing tool: 'select_youtube_video' (params: {'index': 2})
2026-08-31 14:54:17 [INFO] [JARVIS] State changed -> agent_acting
2026-08-31 14:54:17 [INFO] [HERMES_RUNTIME] Executing tool: select_youtube_video ({'index': 2})
2026-08-31 14:54:17 [INFO] [TOOL_REGISTRY] Executing 'select_youtube_video' with params: {'index': 2}
2026-08-31 14:54:17 [INFO] [WINDOW] Foreground matches target app 'chrome' & task 'youtube': HWND=29166676
2026-08-31 14:54:17 [INFO] ========== [YOUTUBE DOM EXTRACTION DEBUG LOG] ==========
2026-08-31 14:54:17 [INFO] [DOM_DEBUG] Viewport dimensions: innerWidth=1920, innerHeight=945
2026-08-31 14:54:17 [INFO] [DOM_DEBUG] Total nodes queried: 62
2026-08-31 14:54:17 [INFO] [DOM_DEBUG] Accepted ordinal #1: center=(528.2, 581.6), href="/watch?v=3S1PPIRoOzQ", title="Medieval Fantasy Music for Relaxation and Peaceful | The Seeking Peace"
2026-08-31 14:54:17 [INFO] [DOM_DEBUG] Accepted ordinal #2: center=(1072.5, 581.6), href="/watch?v=eel2Sj7p-bU", title="Mashup Sơn Thủy Trùng Mây x Thủy Chung (Hot TikTok) - Rồi Mưa Giông Đến Đây Thiếu Vắng - Nhạc Remix"
2026-08-31 14:54:17 [INFO] [DOM_DEBUG] Accepted ordinal #3: center=(1616.8, 581.6), href="/watch?v=NFYQK09Rh64", title="PC 300 củ, Siêu xe Và Ngày Mưa Setup Tại Biệt Thự Ven Sông Cùng Anh @PEWPEW"
2026-08-31 14:54:17 [INFO] [DOM_DEBUG] Accepted ordinal #4: center=(528.2, 1010.8), href="/watch?v=oIhdyhSfpCs", title="I'm back i'm back ( again )"
2026-08-31 14:54:17 [INFO] [DOM_DEBUG] Accepted ordinal #5: center=(1072.5, 1010.8), href="/watch?v=zzkx45vmpSU", title="Japanese Phonk | Blue Departure (1 Hour Mix)"
2026-08-31 14:54:17 [INFO] [DOM_DEBUG] DOM Extraction finished: 5 visible videos identified.
2026-08-31 14:54:17 [INFO] =========================================================
2026-08-31 14:54:17 [INFO] [DOM_PERCEPTION] Extracted 5 visible YouTube video items directly from DOM.
2026-08-31 14:54:17 [INFO] [COORD MATH] Viewport (cx: 1072.5, cy: 581.6) -> Screen (X: 0 + 1072.5 = 1072, Y: 0 + 581.6 + 80 = 662)
2026-08-31 14:54:17 [INFO] [COMPONENT_TARGET] ordinal=#2 title='Mashup Sơn Thủy Trùng Mây x Thủy Chung (Hot TikTok) - Rồi Mưa Giông Đến Đây Thiếu Vắng - Nhạc Remix' href='/watch?v=eel2Sj7p-bU' id=yt_video_2 is_ad=False
[COORDINATE] dom_viewport_space=(1072.5, 581.6) -> window_client_space=(1072.5, 661.6) -> screen_space=(1072, 662)
[WINDOW] hwnd=29166676 chrome_h=80 origin=(0, 0)
[MOUSE] final_physical_point=(1072, 662)
2026-08-31 14:54:17 [INFO] [MOUSE_TXN] id=DOM-YT-2-1981 action=CLICK target=(1072, 662) count=1 button=left
2026-08-31 14:54:17 [INFO] [DOM-YT-2-1981] [MOUSE_MOVE] requested=(1072, 662) before=(1193, 289) delta=(-121, 373) distance=392.1px
2026-08-31 14:54:17 [INFO] [DOM-YT-2-1981] [MOUSE_MOVE] actual=(1072, 662) distance=0.0px verified=True
2026-08-31 14:54:17 [INFO] [MOUSE_TXN] id=DOM-YT-2-1981 [MOUSE FINAL CHECK] requested_target=(1072, 662) actual_cursor=(1072, 662) delta=(0, 0) distance=0.0px
2026-08-31 14:54:17 [INFO] [DOM-YT-2-1981] [MOUSE_CLICK] physical_position=(1072, 662) button=left count=1 down=True up=True completed=True
2026-08-31 14:54:17 [INFO] [MOUSE_TXN] id=DOM-YT-2-1981 [MOUSE CLICK RESULT] position_at_click=(1072, 662) down_result=True up_result=True click_completed=True
2026-08-31 14:54:17 [INFO] 
[CURSOR]
expected=(1072, 662)
actual=(1072, 662)
distance=0.0
verified=True
2026-08-31 14:54:17 [INFO] 
[CLICK]
dispatch=SUCCESS
count=1
2026-08-31 14:54:17 [INFO] 
[ACTION]
VIDEO_SELECTION_COMPLETED
2026-08-31 14:54:17 [INFO] [HERMES EVENT] ✅ Tool finished: 'select_youtube_video' (result: {'success': True, 'status': 'SUCCESS', 'ordinal': 2, 'target_id': 'yt_video_2', 'component_id': 'yt_video_2', 'title': 'Mashup Sơn Thủy Trùng Mây x Thủy Chung (Hot TikTok) - Rồi Mưa Giông Đến Đây Thiếu Vắng - Nhạc Remix', 'href': '/watch?v=eel2Sj7p-bU', 'is_ad': False, 'target': {'requested_index': 2, 'ordinal': 2, 'component_id': 'yt_video_2', 'bbox': [808.3, 427, 528.3, 309.2], 'screen_point': (1072, 662), 'title': 'Mashup Sơn Thủy Trùng Mây x Thủy Chung (Hot TikTok) - Rồi Mưa Giông Đến Đây Thiếu Vắng - Nhạc Remix'}, 'viewport_point': (1072.5, 581.6), 'click_point': (1072, 662), 'cursor_before': (1193, 289), 'cursor_after': (1072, 662), 'actual_position_before': (1193, 289), 'actual_position_at_click': (1072, 662), 'coord_math': '[COORD MATH] Viewport (cx: 1072.5, cy: 581.6) -> Screen (X: 0 + 1072.5 = 1072, Y: 0 + 581.6 + 80 = 662)', 'debug_log': ['Viewport dimensions: innerWidth=1920, innerHeight=945', 'Total nodes queried: 62', 'Accepted ordinal #1: center=(528.2, 581.6), href="/watch?v=3S1PPIRoOzQ", title="Medieval Fantasy Music for Relaxation and Peaceful | The Seeking Peace"', 'Accepted ordinal #2: center=(1072.5, 581.6), href="/watch?v=eel2Sj7p-bU", title="Mashup Sơn Thủy Trùng Mây x Thủy Chung (Hot TikTok) - Rồi Mưa Giông Đến Đây Thiếu Vắng - Nhạc Remix"', 'Accepted ordinal #3: center=(1616.8, 581.6), href="/watch?v=NFYQK09Rh64", title="PC 300 củ, Siêu xe Và Ngày Mưa Setup Tại Biệt Thự Ven Sông Cùng Anh @PEWPEW"', 'Accepted ordinal #4: center=(528.2, 1010.8), href="/watch?v=oIhdyhSfpCs", title="I\'m back i\'m back ( again )"', 'Accepted ordinal #5: center=(1072.5, 1010.8), href="/watch?v=zzkx45vmpSU", title="Japanese Phonk | Blue Departure (1 Hour Mix)"', 'DOM Extraction finished: 5 visible videos identified.'], 'move_verified': True, 'click_completed': True, 'mouse_action_success': True, 'target_interaction_verified': True, 'task_verified': True, 'window_recovered': False, 'message': "Clicked and selected YouTube video #2 ('Mashup Sơn Thủy Trùng Mây x Thủy Chung (Hot TikTok) - Rồi Mưa Giông Đến Đây Thiếu Vắng - Nhạc Remix') via DOM perception."})
2026-08-31 14:54:17 [INFO] [HERMES EVENT] 🔍 Verifying results: Verifying execution results...
2026-08-31 14:54:17 [INFO] [JARVIS] State changed -> agent_verifying
2026-08-31 14:54:17 [INFO] [HERMES EVENT] 🎯 Completed! Response: 'Playing video 2.'
2026-08-31 14:54:17 [INFO] [HERMES_CLIENT] Received Hermes response: 'Playing video 2.'
2026-08-31 14:54:17 [INFO] [HERMES -> CHAT] Final response synthesized: 'Playing video 2.' (success=True)
2026-08-31 14:54:17 [INFO] Playing phrase from cache: C:\Users\ADMIN\Downloads\jarvis-main\jarvis-main\.cache\jarvis_welcome\ef803ccc89d907373d7adec3.wav
2026-08-31 14:54:17 [INFO] [JARVIS] State changed -> speaking
2026-08-31 14:54:19 [INFO] [JARVIS] State changed -> listening
2026-08-31 14:54:19 [INFO] [JARVIS] State changed -> listening
2026-08-31 14:54:19 [INFO] [CHAT] Returned to listening state. Ready for next voice command.
2026-08-31 14:54:24 [INFO] [VAD] Speech started.
2026-08-31 14:54:24 [INFO] 🎙️ [VAD] User started speaking turn...
2026-08-31 14:54:26 [INFO] [VAD] Speech ended (utterance bytes=87040).
2026-08-31 14:54:26 [INFO] [AUDIO] duration=2.72s rms=0.09000 peak=0.7418 silence_ratio=0.59 is_valid=True
2026-08-31 14:54:26 [INFO] Processing audio with duration 00:02.720
2026-08-31 14:54:27 [INFO] Detected language 'en' with probability 0.21
2026-08-31 14:54:28 [INFO] [STT] Language 'en' (prob=0.21) uncertain/empty -> Re-transcribing with bilingual fallback...
2026-08-31 14:54:28 [INFO] Processing audio with duration 00:02.720
2026-08-31 14:54:29 [INFO] [STT] Faster-Whisper: transcribed='Play the first video.' | lang='en' (prob=1.00)
2026-08-31 14:54:29 [INFO] [LANGUAGE] Detected ENGLISH utterance: 'Play the first video.' (conf=0.90)
2026-08-31 14:54:29 [INFO] [STT] model=base language_mode=auto text='Play the first video.' avg_logprob=-0.277 no_speech_prob=0.074 compression_ratio=0.72
2026-08-31 14:54:29 [INFO] [LANGUAGE] primary=en languages=['en'] mixed_language=False
2026-08-31 14:54:29 [INFO] [STT_RESOLVER] candidate_count=1 selected_candidate='Play the first video.' confidence=1.00 score=-0.192
2026-08-31 14:54:30 [INFO] [STT -> INTERPRETATION]
  [STT RAW]: 'Play the first video.'
  [NORMALIZED]: 'Play the first video.'
  [INTENT]: CONVERSATION (confidence=0.85, compound=False)
  [ENTITY]: None (method=None, confidence=0.00)
2026-08-31 14:54:30 [INFO] 🎙️ [SMART TURN COMPLETED] Raw: 'Play the first video.' | Normalized: 'Play the first video.'
2026-08-31 14:54:30 [INFO] 💬 [CONVERSATION MODE] Processing user command: 'Play the first video.' (Raw STT: 'Play the first video.')
2026-08-31 14:54:30 [INFO] [LANGUAGE] Detected ENGLISH utterance: 'Play the first video.' (conf=0.90)
2026-08-31 14:54:30 [INFO] 🎙️ [STT] raw = 'Play the first video.'
2026-08-31 14:54:30 [INFO] 🌐 [LANGUAGE] detected = 'en' (confidence=0.90, response_rule='ALWAYS_ENGLISH')
2026-08-31 14:54:30 [INFO] ✨ [NORMALIZER] normalized = 'Play the first video.'
2026-08-31 14:54:30 [INFO] 🎯 [INTENT] type = CONVERSATION (confidence=0.85, compound=False)
2026-08-31 14:54:30 [INFO] [ROUTER] Routing natural-language task 'Play the first video.' to Hermes Agent
2026-08-31 14:54:30 [INFO] [ROUTER] Command: 'Play the first video.' -> Target: HERMES_AGENT (Action: agent_task)
2026-08-31 14:54:30 [INFO] 🧠 [HERMES] Starting task delegation to Hermes Agent loop for session: 007366aa
2026-08-31 14:54:30 [INFO] [JARVIS] State changed -> agent_thinking
2026-08-31 14:54:30 [INFO] [HERMES] Step 1: Agent thinking & reasoning about instruction 'Play the first video.'...
2026-08-31 14:54:30 [INFO] [CHAT -> HERMES] Dispatching instruction: 'Play the first video.' (Intent: CONVERSATION)
2026-08-31 14:54:30 [INFO] [HERMES_CLIENT] Sending message to Hermes for session 007366aa: 'Play the first video.'
2026-08-31 14:54:30 [INFO] [HERMES EVENT] 💭 Thinking: Analyzing request with Qwen reasoning...
2026-08-31 14:54:30 [INFO] [JARVIS] State changed -> agent_thinking
2026-08-31 14:54:34 [INFO] [HERMES_RUNTIME] Generated plan for 'Play the first video.': ['select_youtube_video']
2026-08-31 14:54:34 [INFO] [HERMES EVENT] ⚙️ Executing tool: 'select_youtube_video' (params: {'index': 1})
2026-08-31 14:54:34 [INFO] [JARVIS] State changed -> agent_acting
2026-08-31 14:54:34 [INFO] [HERMES_RUNTIME] Executing tool: select_youtube_video ({'index': 1})
2026-08-31 14:54:34 [INFO] [TOOL_REGISTRY] Executing 'select_youtube_video' with params: {'index': 1}
2026-08-31 14:54:34 [INFO] [WINDOW] Foreground matches target app 'chrome' & task 'youtube': HWND=29166676
2026-08-31 14:54:34 [INFO] ========== [YOUTUBE DOM EXTRACTION DEBUG LOG] ==========
2026-08-31 14:54:34 [INFO] [DOM_DEBUG] Viewport dimensions: innerWidth=1920, innerHeight=945
2026-08-31 14:54:34 [INFO] [DOM_DEBUG] Total nodes queried: 82
2026-08-31 14:54:34 [INFO] [DOM_DEBUG] Accepted ordinal #1: center=(528.2, 581.6), href="/watch?v=3S1PPIRoOzQ", title="Medieval Fantasy Music for Relaxation and Peaceful | The Seeking Peace"
2026-08-31 14:54:34 [INFO] [DOM_DEBUG] Accepted ordinal #2: center=(1072.5, 581.6), href="/watch?v=eel2Sj7p-bU", title="Mashup Sơn Thủy Trùng Mây x Thủy Chung (Hot TikTok) - Rồi Mưa Giông Đến Đây Thiếu Vắng - Nhạc Remix"
2026-08-31 14:54:34 [INFO] [DOM_DEBUG] Accepted ordinal #3: center=(1616.8, 581.6), href="/watch?v=NFYQK09Rh64", title="PC 300 củ, Siêu xe Và Ngày Mưa Setup Tại Biệt Thự Ven Sông Cùng Anh @PEWPEW"
2026-08-31 14:54:34 [INFO] [DOM_DEBUG] Accepted ordinal #4: center=(528.2, 1010.8), href="/watch?v=oIhdyhSfpCs", title="I'm back i'm back ( again )"
2026-08-31 14:54:34 [INFO] [DOM_DEBUG] Accepted ordinal #5: center=(1072.5, 1010.8), href="/watch?v=zzkx45vmpSU", title="Japanese Phonk | Blue Departure (1 Hour Mix)"
2026-08-31 14:54:34 [INFO] [DOM_DEBUG] DOM Extraction finished: 5 visible videos identified.
2026-08-31 14:54:34 [INFO] =========================================================
2026-08-31 14:54:34 [INFO] [DOM_PERCEPTION] Extracted 5 visible YouTube video items directly from DOM.
2026-08-31 14:54:34 [INFO] [COORD MATH] Viewport (cx: 528.2, cy: 581.6) -> Screen (X: 0 + 528.2 = 528, Y: 0 + 581.6 + 80 = 662)
2026-08-31 14:54:34 [INFO] [COMPONENT_TARGET] ordinal=#1 title='Medieval Fantasy Music for Relaxation and Peaceful | The Seeking Peace' href='/watch?v=3S1PPIRoOzQ' id=yt_video_1 is_ad=False
[COORDINATE] dom_viewport_space=(528.2, 581.6) -> window_client_space=(528.2, 661.6) -> screen_space=(528, 662)
[WINDOW] hwnd=29166676 chrome_h=80 origin=(0, 0)
[MOUSE] final_physical_point=(528, 662)
2026-08-31 14:54:34 [INFO] [MOUSE_TXN] id=DOM-YT-1-EA4C action=CLICK target=(528, 662) count=1 button=left
2026-08-31 14:54:34 [INFO] [DOM-YT-1-EA4C] [MOUSE_MOVE] requested=(528, 662) before=(587, 318) delta=(-59, 344) distance=349.0px
2026-08-31 14:54:34 [INFO] [DOM-YT-1-EA4C] [MOUSE_MOVE] actual=(528, 662) distance=0.0px verified=True
2026-08-31 14:54:34 [INFO] [MOUSE_TXN] id=DOM-YT-1-EA4C [MOUSE FINAL CHECK] requested_target=(528, 662) actual_cursor=(528, 662) delta=(0, 0) distance=0.0px
2026-08-31 14:54:34 [INFO] [DOM-YT-1-EA4C] [MOUSE_CLICK] physical_position=(528, 662) button=left count=1 down=True up=True completed=True
2026-08-31 14:54:34 [INFO] [MOUSE_TXN] id=DOM-YT-1-EA4C [MOUSE CLICK RESULT] position_at_click=(528, 662) down_result=True up_result=True click_completed=True
2026-08-31 14:54:34 [INFO] 
[CURSOR]
expected=(528, 662)
actual=(528, 662)
distance=0.0
verified=True
2026-08-31 14:54:34 [INFO] 
[CLICK]
dispatch=SUCCESS
count=1
2026-08-31 14:54:34 [INFO] 
[ACTION]
VIDEO_SELECTION_COMPLETED
2026-08-31 14:54:34 [INFO] [HERMES EVENT] ✅ Tool finished: 'select_youtube_video' (result: {'success': True, 'status': 'SUCCESS', 'ordinal': 1, 'target_id': 'yt_video_1', 'component_id': 'yt_video_1', 'title': 'Medieval Fantasy Music for Relaxation and Peaceful | The Seeking Peace', 'href': '/watch?v=3S1PPIRoOzQ', 'is_ad': False, 'target': {'requested_index': 1, 'ordinal': 1, 'component_id': 'yt_video_1', 'bbox': [264, 427, 528.3, 309.2], 'screen_point': (528, 662), 'title': 'Medieval Fantasy Music for Relaxation and Peaceful | The Seeking Peace'}, 'viewport_point': (528.2, 581.6), 'click_point': (528, 662), 'cursor_before': (587, 318), 'cursor_after': (528, 662), 'actual_position_before': (587, 318), 'actual_position_at_click': (528, 662), 'coord_math': '[COORD MATH] Viewport (cx: 528.2, cy: 581.6) -> Screen (X: 0 + 528.2 = 528, Y: 0 + 581.6 + 80 = 662)', 'debug_log': ['Viewport dimensions: innerWidth=1920, innerHeight=945', 'Total nodes queried: 82', 'Accepted ordinal #1: center=(528.2, 581.6), href="/watch?v=3S1PPIRoOzQ", title="Medieval Fantasy Music for Relaxation and Peaceful | The Seeking Peace"', 'Accepted ordinal #2: center=(1072.5, 581.6), href="/watch?v=eel2Sj7p-bU", title="Mashup Sơn Thủy Trùng Mây x Thủy Chung (Hot TikTok) - Rồi Mưa Giông Đến Đây Thiếu Vắng - Nhạc Remix"', 'Accepted ordinal #3: center=(1616.8, 581.6), href="/watch?v=NFYQK09Rh64", title="PC 300 củ, Siêu xe Và Ngày Mưa Setup Tại Biệt Thự Ven Sông Cùng Anh @PEWPEW"', 'Accepted ordinal #4: center=(528.2, 1010.8), href="/watch?v=oIhdyhSfpCs", title="I\'m back i\'m back ( again )"', 'Accepted ordinal #5: center=(1072.5, 1010.8), href="/watch?v=zzkx45vmpSU", title="Japanese Phonk | Blue Departure (1 Hour Mix)"', 'DOM Extraction finished: 5 visible videos identified.'], 'move_verified': True, 'click_completed': True, 'mouse_action_success': True, 'target_interaction_verified': True, 'task_verified': True, 'window_recovered': False, 'message': "Clicked and selected YouTube video #1 ('Medieval Fantasy Music for Relaxation and Peaceful | The Seeking Peace') via DOM perception."})
2026-08-31 14:54:34 [INFO] [HERMES EVENT] 🔍 Verifying results: Verifying execution results...
2026-08-31 14:54:34 [INFO] [JARVIS] State changed -> agent_verifying
2026-08-31 14:54:34 [INFO] [HERMES EVENT] 🎯 Completed! Response: 'Playing video 1.'
2026-08-31 14:54:34 [INFO] [HERMES_CLIENT] Received Hermes response: 'Playing video 1.'
2026-08-31 14:54:34 [INFO] [HERMES -> CHAT] Final response synthesized: 'Playing video 1.' (success=True)
2026-08-31 14:54:34 [INFO] Playing phrase from cache: C:\Users\ADMIN\Downloads\jarvis-main\jarvis-main\.cache\jarvis_welcome\b8116be7ec171d15a95ca712.wav
2026-08-31 14:54:34 [INFO] [JARVIS] State changed -> speaking
2026-08-31 14:54:36 [INFO] [JARVIS] State changed -> listening
2026-08-31 14:54:36 [INFO] [JARVIS] State changed -> listening
2026-08-31 14:54:36 [INFO] [CHAT] Returned to listening state. Ready for next voice command.
2026-08-31 14:54:39 [INFO] [VAD] Speech started.
2026-08-31 14:54:39 [INFO] 🎙️ [VAD] User started speaking turn...
2026-08-31 14:54:41 [INFO] [VAD] Speech ended (utterance bytes=66560).
2026-08-31 14:54:41 [INFO] [AUDIO] duration=2.08s rms=0.09000 peak=0.4655 silence_ratio=0.62 is_valid=True
2026-08-31 14:54:41 [INFO] Processing audio with duration 00:02.080
2026-08-31 14:54:42 [INFO] Detected language 'en' with probability 0.43
2026-08-31 14:54:43 [INFO] [STT] Language 'en' (prob=0.43) uncertain/empty -> Re-transcribing with bilingual fallback...
2026-08-31 14:54:43 [INFO] Processing audio with duration 00:02.080
2026-08-31 14:54:44 [INFO] [STT] Faster-Whisper: transcribed='Play video 3.' | lang='en' (prob=1.00)
2026-08-31 14:54:44 [INFO] [LANGUAGE] Detected ENGLISH utterance: 'Play video 3.' (conf=0.90)
2026-08-31 14:54:44 [INFO] [STT] model=base language_mode=auto text='Play video 3.' avg_logprob=-0.440 no_speech_prob=0.092 compression_ratio=0.62
2026-08-31 14:54:44 [INFO] [LANGUAGE] primary=en languages=['en'] mixed_language=False
2026-08-31 14:54:44 [INFO] [STT_RESOLVER] candidate_count=1 selected_candidate='Play video 3.' confidence=1.00 score=-0.453
2026-08-31 14:54:44 [INFO] [STT -> INTERPRETATION]
  [STT RAW]: 'Play video 3.'
  [NORMALIZED]: 'Play video 3.'
  [INTENT]: CONVERSATION (confidence=0.85, compound=False)
  [ENTITY]: None (method=None, confidence=0.00)
2026-08-31 14:54:44 [INFO] 🎙️ [SMART TURN COMPLETED] Raw: 'Play video 3.' | Normalized: 'Play video 3.'
2026-08-31 14:54:44 [INFO] 💬 [CONVERSATION MODE] Processing user command: 'Play video 3.' (Raw STT: 'Play video 3.')
2026-08-31 14:54:44 [INFO] [LANGUAGE] Detected ENGLISH utterance: 'Play video 3.' (conf=0.90)
2026-08-31 14:54:44 [INFO] 🎙️ [STT] raw = 'Play video 3.'
2026-08-31 14:54:44 [INFO] 🌐 [LANGUAGE] detected = 'en' (confidence=0.90, response_rule='ALWAYS_ENGLISH')
2026-08-31 14:54:44 [INFO] ✨ [NORMALIZER] normalized = 'Play video 3.'
2026-08-31 14:54:44 [INFO] 🎯 [INTENT] type = CONVERSATION (confidence=0.85, compound=False)
2026-08-31 14:54:44 [INFO] [ROUTER] Routing natural-language task 'Play video 3.' to Hermes Agent
2026-08-31 14:54:44 [INFO] [ROUTER] Command: 'Play video 3.' -> Target: HERMES_AGENT (Action: agent_task)
2026-08-31 14:54:44 [INFO] 🧠 [HERMES] Starting task delegation to Hermes Agent loop for session: 007366aa
2026-08-31 14:54:44 [INFO] [JARVIS] State changed -> agent_thinking
2026-08-31 14:54:44 [INFO] [HERMES] Step 1: Agent thinking & reasoning about instruction 'Play video 3.'...
2026-08-31 14:54:44 [INFO] [CHAT -> HERMES] Dispatching instruction: 'Play video 3.' (Intent: CONVERSATION)
2026-08-31 14:54:44 [INFO] [HERMES_CLIENT] Sending message to Hermes for session 007366aa: 'Play video 3.'
2026-08-31 14:54:44 [INFO] [HERMES EVENT] 💭 Thinking: Analyzing request with Qwen reasoning...
2026-08-31 14:54:44 [INFO] [JARVIS] State changed -> agent_thinking
2026-08-31 14:54:44 [INFO] [HERMES_RUNTIME] Fast-path deterministic routing for 'Play video 3.': ['select_youtube_video']
2026-08-31 14:54:44 [INFO] [HERMES_RUNTIME] Generated plan for 'Play video 3.': ['select_youtube_video']
2026-08-31 14:54:44 [INFO] [HERMES EVENT] ⚙️ Executing tool: 'select_youtube_video' (params: {'index': 3})
2026-08-31 14:54:44 [INFO] [JARVIS] State changed -> agent_acting
2026-08-31 14:54:44 [INFO] [HERMES_RUNTIME] Executing tool: select_youtube_video ({'index': 3})
2026-08-31 14:54:44 [INFO] [TOOL_REGISTRY] Executing 'select_youtube_video' with params: {'index': 3}
2026-08-31 14:54:44 [INFO] [WINDOW] Foreground matches target app 'chrome' & task 'youtube': HWND=29166676
2026-08-31 14:54:44 [INFO] ========== [YOUTUBE DOM EXTRACTION DEBUG LOG] ==========
2026-08-31 14:54:44 [INFO] [DOM_DEBUG] Viewport dimensions: innerWidth=1920, innerHeight=945
2026-08-31 14:54:44 [INFO] [DOM_DEBUG] Total nodes queried: 82
2026-08-31 14:54:44 [INFO] [DOM_DEBUG] Accepted ordinal #1: center=(528.2, 581.6), href="/watch?v=3S1PPIRoOzQ", title="Medieval Fantasy Music for Relaxation and Peaceful | The Seeking Peace"
2026-08-31 14:54:44 [INFO] [DOM_DEBUG] Accepted ordinal #2: center=(1072.5, 581.6), href="/watch?v=eel2Sj7p-bU", title="Mashup Sơn Thủy Trùng Mây x Thủy Chung (Hot TikTok) - Rồi Mưa Giông Đến Đây Thiếu Vắng - Nhạc Remix"
2026-08-31 14:54:44 [INFO] [DOM_DEBUG] Accepted ordinal #3: center=(1616.8, 581.6), href="/watch?v=NFYQK09Rh64", title="PC 300 củ, Siêu xe Và Ngày Mưa Setup Tại Biệt Thự Ven Sông Cùng Anh @PEWPEW"
2026-08-31 14:54:44 [INFO] [DOM_DEBUG] Accepted ordinal #4: center=(528.2, 1010.8), href="/watch?v=oIhdyhSfpCs", title="I'm back i'm back ( again )"
2026-08-31 14:54:44 [INFO] [DOM_DEBUG] Accepted ordinal #5: center=(1072.5, 1010.8), href="/watch?v=zzkx45vmpSU", title="Japanese Phonk | Blue Departure (1 Hour Mix)"
2026-08-31 14:54:44 [INFO] [DOM_DEBUG] DOM Extraction finished: 5 visible videos identified.
2026-08-31 14:54:44 [INFO] =========================================================
2026-08-31 14:54:44 [INFO] [DOM_PERCEPTION] Extracted 5 visible YouTube video items directly from DOM.
2026-08-31 14:54:44 [INFO] [COORD MATH] Viewport (cx: 1616.8, cy: 581.6) -> Screen (X: 0 + 1616.8 = 1617, Y: 0 + 581.6 + 80 = 662)
2026-08-31 14:54:44 [INFO] [COMPONENT_TARGET] ordinal=#3 title='PC 300 củ, Siêu xe Và Ngày Mưa Setup Tại Biệt Thự Ven Sông Cùng Anh @PEWPEW' href='/watch?v=NFYQK09Rh64' id=yt_video_3 is_ad=False
[COORDINATE] dom_viewport_space=(1616.8, 581.6) -> window_client_space=(1616.8, 661.6) -> screen_space=(1617, 662)
[WINDOW] hwnd=29166676 chrome_h=80 origin=(0, 0)
[MOUSE] final_physical_point=(1617, 662)
2026-08-31 14:54:44 [INFO] [MOUSE_TXN] id=DOM-YT-3-3BE7 action=CLICK target=(1617, 662) count=1 button=left
2026-08-31 14:54:44 [INFO] [DOM-YT-3-3BE7] [MOUSE_MOVE] requested=(1617, 662) before=(678, 290) delta=(939, 372) distance=1010.0px
2026-08-31 14:54:45 [INFO] [DOM-YT-3-3BE7] [MOUSE_MOVE] actual=(1617, 662) distance=0.0px verified=True
2026-08-31 14:54:45 [INFO] [MOUSE_TXN] id=DOM-YT-3-3BE7 [MOUSE FINAL CHECK] requested_target=(1617, 662) actual_cursor=(1617, 662) delta=(0, 0) distance=0.0px
2026-08-31 14:54:45 [INFO] [DOM-YT-3-3BE7] [MOUSE_CLICK] physical_position=(1617, 662) button=left count=1 down=True up=True completed=True
2026-08-31 14:54:45 [INFO] [MOUSE_TXN] id=DOM-YT-3-3BE7 [MOUSE CLICK RESULT] position_at_click=(1617, 662) down_result=True up_result=True click_completed=True
2026-08-31 14:54:45 [INFO] 
[CURSOR]
expected=(1617, 662)
actual=(1617, 662)
distance=0.0
verified=True
2026-08-31 14:54:45 [INFO] 
[CLICK]
dispatch=SUCCESS
count=1
2026-08-31 14:54:45 [INFO] 
[ACTION]
VIDEO_SELECTION_COMPLETED
2026-08-31 14:54:45 [INFO] [HERMES EVENT] ✅ Tool finished: 'select_youtube_video' (result: {'success': True, 'status': 'SUCCESS', 'ordinal': 3, 'target_id': 'yt_video_3', 'component_id': 'yt_video_3', 'title': 'PC 300 củ, Siêu xe Và Ngày Mưa Setup Tại Biệt Thự Ven Sông Cùng Anh @PEWPEW', 'href': '/watch?v=NFYQK09Rh64', 'is_ad': False, 'target': {'requested_index': 3, 'ordinal': 3, 'component_id': 'yt_video_3', 'bbox': [1352.7, 427, 528.3, 309.2], 'screen_point': (1617, 662), 'title': 'PC 300 củ, Siêu xe Và Ngày Mưa Setup Tại Biệt Thự Ven Sông Cùng Anh @PEWPEW'}, 'viewport_point': (1616.8, 581.6), 'click_point': (1617, 662), 'cursor_before': (678, 290), 'cursor_after': (1617, 662), 'actual_position_before': (678, 290), 'actual_position_at_click': (1617, 662), 'coord_math': '[COORD MATH] Viewport (cx: 1616.8, cy: 581.6) -> Screen (X: 0 + 1616.8 = 1617, Y: 0 + 581.6 + 80 = 662)', 'debug_log': ['Viewport dimensions: innerWidth=1920, innerHeight=945', 'Total nodes queried: 82', 'Accepted ordinal #1: center=(528.2, 581.6), href="/watch?v=3S1PPIRoOzQ", title="Medieval Fantasy Music for Relaxation and Peaceful | The Seeking Peace"', 'Accepted ordinal #2: center=(1072.5, 581.6), href="/watch?v=eel2Sj7p-bU", title="Mashup Sơn Thủy Trùng Mây x Thủy Chung (Hot TikTok) - Rồi Mưa Giông Đến Đây Thiếu Vắng - Nhạc Remix"', 'Accepted ordinal #3: center=(1616.8, 581.6), href="/watch?v=NFYQK09Rh64", title="PC 300 củ, Siêu xe Và Ngày Mưa Setup Tại Biệt Thự Ven Sông Cùng Anh @PEWPEW"', 'Accepted ordinal #4: center=(528.2, 1010.8), href="/watch?v=oIhdyhSfpCs", title="I\'m back i\'m back ( again )"', 'Accepted ordinal #5: center=(1072.5, 1010.8), href="/watch?v=zzkx45vmpSU", title="Japanese Phonk | Blue Departure (1 Hour Mix)"', 'DOM Extraction finished: 5 visible videos identified.'], 'move_verified': True, 'click_completed': True, 'mouse_action_success': True, 'target_interaction_verified': True, 'task_verified': True, 'window_recovered': False, 'message': "Clicked and selected YouTube video #3 ('PC 300 củ, Siêu xe Và Ngày Mưa Setup Tại Biệt Thự Ven Sông Cùng Anh @PEWPEW') via DOM perception."})
2026-08-31 14:54:45 [INFO] [HERMES EVENT] 🔍 Verifying results: Verifying execution results...
2026-08-31 14:54:45 [INFO] [JARVIS] State changed -> agent_verifying
2026-08-31 14:54:45 [INFO] [HERMES EVENT] 🎯 Completed! Response: 'Playing video 3.'
2026-08-31 14:54:45 [INFO] [HERMES_CLIENT] Received Hermes response: 'Playing video 3.'
2026-08-31 14:54:45 [INFO] [HERMES -> CHAT] Final response synthesized: 'Playing video 3.' (success=True)
2026-08-31 14:54:45 [INFO] Playing phrase from cache: C:\Users\ADMIN\Downloads\jarvis-main\jarvis-main\.cache\jarvis_welcome\5c3f93556a064b0fcc6f6c34.wav
2026-08-31 14:54:45 [INFO] [JARVIS] State changed -> speaking
2026-08-31 14:54:46 [INFO] [JARVIS] State changed -> listening
2026-08-31 14:54:46 [INFO] [JARVIS] State changed -> listening
2026-08-31 14:54:46 [INFO] [CHAT] Returned to listening state. Ready for next voice command.
2026-08-31 14:54:49 [INFO] [VAD] Speech started.
2026-08-31 14:54:49 [INFO] 🎙️ [VAD] User started speaking turn...
2026-08-31 14:54:50 [INFO] [VAD] Speech ended (utterance bytes=66560).
2026-08-31 14:54:50 [INFO] [AUDIO] duration=2.08s rms=0.09000 peak=0.5799 silence_ratio=0.64 is_valid=True
2026-08-31 14:54:50 [INFO] Processing audio with duration 00:02.080
2026-08-31 14:54:51 [INFO] Detected language 'en' with probability 0.52
2026-08-31 14:54:53 [INFO] [STT] Faster-Whisper: transcribed='Bly video far.' | lang='en' (prob=0.52)
2026-08-31 14:54:53 [INFO] [LANGUAGE] Detected ENGLISH utterance: 'Bly video far.' (conf=0.80)
2026-08-31 14:54:53 [INFO] [STT] model=base language_mode=auto text='Bly video far.' avg_logprob=-0.664 no_speech_prob=0.158 compression_ratio=0.64
2026-08-31 14:54:53 [INFO] [LANGUAGE] primary=en languages=['en'] mixed_language=False
2026-08-31 14:54:53 [INFO] [STT_RESOLVER] candidate_count=1 selected_candidate='Bly video far.' confidence=0.52 score=-1.078
2026-08-31 14:54:53 [INFO] [STT -> INTERPRETATION]
  [STT RAW]: 'Bly video far.'
  [NORMALIZED]: 'Bly select video 4.'
  [INTENT]: CONVERSATION (confidence=0.85, compound=False)
  [ENTITY]: None (method=None, confidence=0.00)
2026-08-31 14:54:53 [INFO] 🎙️ [SMART TURN COMPLETED] Raw: 'Bly video far.' | Normalized: 'Bly select video 4.'
2026-08-31 14:54:53 [INFO] 💬 [CONVERSATION MODE] Processing user command: 'Bly select video 4.' (Raw STT: 'Bly video far.')
2026-08-31 14:54:53 [INFO] [LANGUAGE] Detected ENGLISH utterance: 'Bly video far.' (conf=0.80)
2026-08-31 14:54:53 [INFO] 🎙️ [STT] raw = 'Bly video far.'
2026-08-31 14:54:53 [INFO] 🌐 [LANGUAGE] detected = 'en' (confidence=0.80, response_rule='ALWAYS_ENGLISH')
2026-08-31 14:54:53 [INFO] ✨ [NORMALIZER] normalized = 'Bly select video 4.'
2026-08-31 14:54:53 [INFO] 🎯 [INTENT] type = CONVERSATION (confidence=0.85, compound=False)
2026-08-31 14:54:53 [INFO] [ROUTER] Routing natural-language task 'Bly video far.' to Hermes Agent
2026-08-31 14:54:53 [INFO] [ROUTER] Command: 'Bly select video 4.' -> Target: HERMES_AGENT (Action: agent_task)
2026-08-31 14:54:53 [INFO] 🧠 [HERMES] Starting task delegation to Hermes Agent loop for session: 007366aa
2026-08-31 14:54:53 [INFO] [JARVIS] State changed -> agent_thinking
2026-08-31 14:54:53 [INFO] [HERMES] Step 1: Agent thinking & reasoning about instruction 'Bly select video 4.'...
2026-08-31 14:54:53 [INFO] [CHAT -> HERMES] Dispatching instruction: 'Bly select video 4.' (Intent: CONVERSATION)
2026-08-31 14:54:53 [INFO] [HERMES_CLIENT] Sending message to Hermes for session 007366aa: 'Bly select video 4.'
2026-08-31 14:54:53 [INFO] [HERMES EVENT] 💭 Thinking: Analyzing request with Qwen reasoning...
2026-08-31 14:54:53 [INFO] [JARVIS] State changed -> agent_thinking
2026-08-31 14:54:53 [INFO] [HERMES_RUNTIME] Fast-path deterministic routing for 'Bly select video 4.': ['select_youtube_video']
2026-08-31 14:54:53 [INFO] [HERMES_RUNTIME] Generated plan for 'Bly select video 4.': ['select_youtube_video']
2026-08-31 14:54:53 [INFO] [HERMES EVENT] ⚙️ Executing tool: 'select_youtube_video' (params: {'index': 4})
2026-08-31 14:54:53 [INFO] [JARVIS] State changed -> agent_acting
2026-08-31 14:54:53 [INFO] [HERMES_RUNTIME] Executing tool: select_youtube_video ({'index': 4})
2026-08-31 14:54:53 [INFO] [TOOL_REGISTRY] Executing 'select_youtube_video' with params: {'index': 4}
2026-08-31 14:54:58 [INFO] [WINDOW] Resolved 'chrome' candidate HWND=29166676 title='(45) YouTube - Google Chrome'
2026-08-31 14:54:58 [INFO] ========== [YOUTUBE DOM EXTRACTION DEBUG LOG] ==========
2026-08-31 14:54:58 [INFO] [DOM_DEBUG] Viewport dimensions: innerWidth=1920, innerHeight=945
2026-08-31 14:54:58 [INFO] [DOM_DEBUG] Total nodes queried: 82
2026-08-31 14:54:58 [INFO] [DOM_DEBUG] Accepted ordinal #1: center=(528.2, 581.6), href="/watch?v=3S1PPIRoOzQ", title="Medieval Fantasy Music for Relaxation and Peaceful | The Seeking Peace"
2026-08-31 14:54:58 [INFO] [DOM_DEBUG] Accepted ordinal #2: center=(1072.5, 581.6), href="/watch?v=eel2Sj7p-bU", title="Mashup Sơn Thủy Trùng Mây x Thủy Chung (Hot TikTok) - Rồi Mưa Giông Đến Đây Thiếu Vắng - Nhạc Remix"
2026-08-31 14:54:58 [INFO] [DOM_DEBUG] Accepted ordinal #3: center=(1616.8, 581.6), href="/watch?v=NFYQK09Rh64", title="PC 300 củ, Siêu xe Và Ngày Mưa Setup Tại Biệt Thự Ven Sông Cùng Anh @PEWPEW"
2026-08-31 14:54:58 [INFO] [DOM_DEBUG] Accepted ordinal #4: center=(528.2, 1010.8), href="/watch?v=oIhdyhSfpCs", title="I'm back i'm back ( again )"
2026-08-31 14:54:58 [INFO] [DOM_DEBUG] Accepted ordinal #5: center=(1072.5, 1010.8), href="/watch?v=zzkx45vmpSU", title="Japanese Phonk | Blue Departure (1 Hour Mix)"
2026-08-31 14:54:58 [INFO] [DOM_DEBUG] DOM Extraction finished: 5 visible videos identified.
2026-08-31 14:54:58 [INFO] =========================================================
2026-08-31 14:54:58 [INFO] [DOM_PERCEPTION] Extracted 5 visible YouTube video items directly from DOM.
2026-08-31 14:54:58 [INFO] [COORD MATH] Viewport (cx: 528.2, cy: 1010.8) -> Screen (X: 0 + 528.2 = 528, Y: 0 + 1010.8 + 80 = 1091)
2026-08-31 14:54:58 [INFO] [COMPONENT_TARGET] ordinal=#4 title='I'm back i'm back ( again )' href='/watch?v=oIhdyhSfpCs' id=yt_video_4 is_ad=False
[COORDINATE] dom_viewport_space=(528.2, 1010.8) -> window_client_space=(528.2, 1090.8) -> screen_space=(528, 1091)
[WINDOW] hwnd=29166676 chrome_h=80 origin=(0, 0)
[MOUSE] final_physical_point=(528, 1091)
2026-08-31 14:54:58 [INFO] [MOUSE_TXN] id=DOM-YT-4-7911 action=CLICK target=(528, 1091) count=1 button=left
2026-08-31 14:54:58 [INFO] [DOM-YT-4-7911] [MOUSE_MOVE] requested=(528, 1091) before=(1617, 662) delta=(-1089, 429) distance=1170.5px
2026-08-31 14:54:58 [INFO] [DOM-YT-4-7911] [MOUSE_MOVE] actual=(528, 1079) distance=12.0px verified=False
2026-08-31 14:54:58 [WARNING] [DOM-YT-4-7911] [MOUSE_MOVE] VERIFICATION FAILED: expected=(528, 1091) actual=(528, 1079) dist=12.0
2026-08-31 14:54:58 [WARNING] [MOUSE_TXN] id=DOM-YT-4-7911 [MOUSE_CLICK] ABORTED: cursor_not_at_target. expected=(528, 1091) actual=(528, 1079)
2026-08-31 14:54:58 [INFO] 
[CURSOR]
expected=(528, 1091)
actual=(528, 1091)
distance=0.0
verified=False
2026-08-31 14:54:58 [INFO] 
[CLICK]
dispatch=FAILED
count=1
2026-08-31 14:54:58 [INFO] 
[ACTION]
VIDEO_SELECTION_COMPLETED
2026-08-31 14:54:58 [INFO] [HERMES EVENT] ✅ Tool finished: 'select_youtube_video' (result: {'success': False, 'status': 'CLICK_FAILED', 'ordinal': 4, 'target_id': 'yt_video_4', 'component_id': 'yt_video_4', 'title': "I'm back i'm back ( again )", 'href': '/watch?v=oIhdyhSfpCs', 'is_ad': False, 'target': {'requested_index': 4, 'ordinal': 4, 'component_id': 'yt_video_4', 'bbox': [264, 856.2, 528.3, 309.2], 'screen_point': (528, 1091), 'title': "I'm back i'm back ( again )"}, 'viewport_point': (528.2, 1010.8), 'click_point': (528, 1091), 'cursor_before': (1617, 662), 'cursor_after': (528, 1091), 'actual_position_before': (1617, 662), 'actual_position_at_click': (528, 1091), 'coord_math': '[COORD MATH] Viewport (cx: 528.2, cy: 1010.8) -> Screen (X: 0 + 528.2 = 528, Y: 0 + 1010.8 + 80 = 1091)', 'debug_log': ['Viewport dimensions: innerWidth=1920, innerHeight=945', 'Total nodes queried: 82', 'Accepted ordinal #1: center=(528.2, 581.6), href="/watch?v=3S1PPIRoOzQ", title="Medieval Fantasy Music for Relaxation and Peaceful | The Seeking Peace"', 'Accepted ordinal #2: center=(1072.5, 581.6), href="/watch?v=eel2Sj7p-bU", title="Mashup Sơn Thủy Trùng Mây x Thủy Chung (Hot TikTok) - Rồi Mưa Giông Đến Đây Thiếu Vắng - Nhạc Remix"', 'Accepted ordinal #3: center=(1616.8, 581.6), href="/watch?v=NFYQK09Rh64", title="PC 300 củ, Siêu xe Và Ngày Mưa Setup Tại Biệt Thự Ven Sông Cùng Anh @PEWPEW"', 'Accepted ordinal #4: center=(528.2, 1010.8), href="/watch?v=oIhdyhSfpCs", title="I\'m back i\'m back ( again )"', 'Accepted ordinal #5: center=(1072.5, 1010.8), href="/watch?v=zzkx45vmpSU", title="Japanese Phonk | Blue Departure (1 Hour Mix)"', 'DOM Extraction finished: 5 visible videos identified.'], 'move_verified': False, 'click_completed': False, 'mouse_action_success': False, 'target_interaction_verified': False, 'task_verified': False, 'window_recovered': False, 'message': "Clicked and selected YouTube video #4 ('I'm back i'm back ( again )') via DOM perception."})
2026-08-31 14:54:58 [INFO] [HERMES EVENT] 🔍 Verifying results: Verifying execution results...
2026-08-31 14:54:58 [INFO] [JARVIS] State changed -> agent_verifying
2026-08-31 14:54:58 [INFO] [HERMES EVENT] 🎯 Completed! Response: 'Clicked video 4, but playback could not be confirmed.'
2026-08-31 14:54:58 [INFO] [HERMES_CLIENT] Received Hermes response: 'Clicked video 4, but playback could not be confirmed.'
2026-08-31 14:54:58 [INFO] [HERMES -> CHAT] Final response synthesized: 'Clicked video 4, but playback could not be confirmed.' (success=False)
2026-08-31 14:54:58 [INFO] [TTS] Initializing TTS provider for mode 'hybrid'...
2026-08-31 14:54:58 [INFO] [TTS] Initializing VieNeu local neural TTS engine (dataset=C:\Users\ADMIN\Downloads\jarvis-main\jarvis-main\voice_assets\jarvis)...
2026-08-31 14:54:58 [INFO] [TTS] Hybrid Mode: Voice dataset ready (20 samples). Using local VieNeu runtime.
2026-08-31 14:54:58 [INFO] [TTS] Synthesizing response: 'Clicked video 4, but playback could not be confirmed.'
2026-08-31 14:55:00 [INFO] [TTS] VieNeu synthesizing: 'Clicked video 4, but playback could not ' (voice=en-US-ChristopherNeural)...
2026-08-31 14:55:02 [INFO] [TTS] Saved VieNeu audio to cache: f2dc8cb8a5f02c72402fc3da.wav (201600 bytes)
2026-08-31 14:55:02 [INFO] [PLAYBACK] Playing audio (201600 bytes, 4.20s, 24000 Hz)
2026-08-31 14:55:02 [INFO] [JARVIS] State changed -> listening
2026-08-31 14:55:02 [INFO] [JARVIS] State changed -> speaking
2026-08-31 14:55:02 [INFO] [PLAYBACK] Playing 100800 samples (4.20s at 24000 Hz)...
2026-08-31 14:55:02 [INFO] [CHAT] Returned to listening state. Ready for next voice command.
2026-08-31 14:55:07 [INFO] [PLAYBACK] Playback completed normally.
2026-08-31 14:55:07 [INFO] [JARVIS] State changed -> listening
2026-08-31 14:55:08 [INFO] [VAD] Speech started.
2026-08-31 14:55:08 [INFO] 🎙️ [VAD] User started speaking turn...
2026-08-31 14:55:10 [INFO] [VAD] Speech ended (utterance bytes=64000).
2026-08-31 14:55:10 [INFO] [AUDIO] duration=2.00s rms=0.09000 peak=0.5290 silence_ratio=0.61 is_valid=True
2026-08-31 14:55:10 [INFO] Processing audio with duration 00:02.000
2026-08-31 14:55:10 [INFO] Detected language 'en' with probability 0.45
2026-08-31 14:55:12 [INFO] [STT] Language 'en' (prob=0.45) uncertain/empty -> Re-transcribing with bilingual fallback...
2026-08-31 14:55:12 [INFO] Processing audio with duration 00:02.000
2026-08-31 14:55:13 [INFO] [STT] Faster-Whisper: transcribed='Play video, bye' | lang='en' (prob=1.00)
2026-08-31 14:55:13 [INFO] [LANGUAGE] Detected ENGLISH utterance: 'Play video, bye' (conf=0.90)
2026-08-31 14:55:13 [INFO] [STT] model=base language_mode=auto text='Play video, bye' avg_logprob=-0.733 no_speech_prob=0.059 compression_ratio=0.67
2026-08-31 14:55:13 [INFO] [LANGUAGE] primary=en languages=['en'] mixed_language=False
2026-08-31 14:55:13 [INFO] [STT_RESOLVER] candidate_count=1 selected_candidate='Play video, bye' confidence=1.00 score=-0.707
2026-08-31 14:55:13 [INFO] [STT -> INTERPRETATION]
  [STT RAW]: 'Play video, bye'
  [NORMALIZED]: 'Play video, bye'
  [INTENT]: CONVERSATION (confidence=0.85, compound=False)
  [ENTITY]: None (method=None, confidence=0.00)
2026-08-31 14:55:13 [INFO] 🎙️ [SMART TURN COMPLETED] Raw: 'Play video, bye' | Normalized: 'Play video, bye'
2026-08-31 14:55:13 [INFO] 💬 [CONVERSATION MODE] Processing user command: 'Play video, bye' (Raw STT: 'Play video, bye')
2026-08-31 14:55:13 [INFO] [LANGUAGE] Detected ENGLISH utterance: 'Play video, bye' (conf=0.90)
2026-08-31 14:55:13 [INFO] 🎙️ [STT] raw = 'Play video, bye'
2026-08-31 14:55:13 [INFO] 🌐 [LANGUAGE] detected = 'en' (confidence=0.90, response_rule='ALWAYS_ENGLISH')
2026-08-31 14:55:13 [INFO] ✨ [NORMALIZER] normalized = 'Play video, bye'
2026-08-31 14:55:13 [INFO] 🎯 [INTENT] type = CONVERSATION (confidence=0.85, compound=False)
2026-08-31 14:55:13 [INFO] [ROUTER] Routing natural-language task 'Play video, bye' to Hermes Agent
2026-08-31 14:55:13 [INFO] [ROUTER] Command: 'Play video, bye' -> Target: HERMES_AGENT (Action: agent_task)
2026-08-31 14:55:13 [INFO] 🧠 [HERMES] Starting task delegation to Hermes Agent loop for session: 007366aa
2026-08-31 14:55:13 [INFO] [JARVIS] State changed -> agent_thinking
2026-08-31 14:55:13 [INFO] [HERMES] Step 1: Agent thinking & reasoning about instruction 'Play video, bye'...
2026-08-31 14:55:13 [INFO] [CHAT -> HERMES] Dispatching instruction: 'Play video, bye' (Intent: CONVERSATION)
2026-08-31 14:55:13 [INFO] [HERMES_CLIENT] Sending message to Hermes for session 007366aa: 'Play video, bye'
2026-08-31 14:55:13 [INFO] [HERMES EVENT] 💭 Thinking: Analyzing request with Qwen reasoning...
2026-08-31 14:55:13 [INFO] [JARVIS] State changed -> agent_thinking
2026-08-31 14:55:13 [INFO] [HERMES_RUNTIME] Non-actionable utterance 'play video, bye' -> Silent recovery
2026-08-31 14:55:17 [INFO] [STT -> INTERPRETATION]
  [STT RAW]: 'play video'
  [NORMALIZED]: 'play video'
  [INTENT]: CONVERSATION (confidence=0.85, compound=False)
  [ENTITY]: None (method=None, confidence=0.00)
2026-08-31 14:55:17 [INFO] [HERMES_RUNTIME] Non-actionable utterance 'play video' -> Silent recovery
2026-08-31 14:55:17 [INFO] [STT -> INTERPRETATION]
  [STT RAW]: 'bye'
  [NORMALIZED]: 'bye'
  [INTENT]: CONVERSATION (confidence=0.85, compound=False)
  [ENTITY]: None (method=None, confidence=0.00)
2026-08-31 14:55:17 [INFO] [HERMES_RUNTIME] Non-actionable utterance 'bye' -> Silent recovery
2026-08-31 14:55:17 [INFO] [HERMES_RUNTIME] Non-actionable utterance 'play video, bye' -> Silent recovery
2026-08-31 14:55:17 [INFO] [HERMES_RUNTIME] Generated plan for 'Play video, bye': []
2026-08-31 14:55:17 [INFO] [HERMES EVENT] 🔍 Verifying results: Verifying execution results...
2026-08-31 14:55:17 [INFO] [JARVIS] State changed -> agent_verifying
2026-08-31 14:55:17 [INFO] [HERMES EVENT] 🎯 Completed! Response: ''
2026-08-31 14:55:17 [INFO] [HERMES_CLIENT] Received Hermes response: ''
2026-08-31 14:55:17 [INFO] [HERMES -> CHAT] Final response synthesized: '' (success=True)
2026-08-31 14:55:17 [INFO] [HERMES] Response is silent (no speech synthesis needed).
2026-08-31 14:55:17 [INFO] [JARVIS] State changed -> listening
2026-08-31 14:55:17 [INFO] [CHAT] Returned to listening state. Ready for next voice command.
2026-08-31 14:55:24 [INFO] [VAD] Speech started.
2026-08-31 14:55:24 [INFO] 🎙️ [VAD] User started speaking turn...
2026-08-31 14:55:26 [INFO] [VAD] Speech ended (utterance bytes=71680).
2026-08-31 14:55:26 [INFO] [AUDIO] duration=2.24s rms=0.09000 peak=0.5031 silence_ratio=0.62 is_valid=True
2026-08-31 14:55:26 [INFO] Processing audio with duration 00:02.240
2026-08-31 14:55:27 [INFO] Detected language 'en' with probability 0.35
2026-08-31 14:55:28 [INFO] [STT] Language 'en' (prob=0.35) uncertain/empty -> Re-transcribing with bilingual fallback...
2026-08-31 14:55:28 [INFO] Processing audio with duration 00:02.240
2026-08-31 14:55:29 [INFO] [STT] Faster-Whisper: transcribed='Play video 5.' | lang='en' (prob=1.00)
2026-08-31 14:55:29 [INFO] [LANGUAGE] Detected ENGLISH utterance: 'Play video 5.' (conf=0.90)
2026-08-31 14:55:29 [INFO] [STT] model=base language_mode=auto text='Play video 5.' avg_logprob=-0.489 no_speech_prob=0.055 compression_ratio=0.62
2026-08-31 14:55:29 [INFO] [LANGUAGE] primary=en languages=['en'] mixed_language=False
2026-08-31 14:55:29 [INFO] [STT_RESOLVER] candidate_count=1 selected_candidate='Play video 5.' confidence=1.00 score=-0.397
2026-08-31 14:55:29 [INFO] [STT -> INTERPRETATION]
  [STT RAW]: 'Play video 5.'
  [NORMALIZED]: 'Play video 5.'
  [INTENT]: CONVERSATION (confidence=0.85, compound=False)
  [ENTITY]: None (method=None, confidence=0.00)
2026-08-31 14:55:29 [INFO] 🎙️ [SMART TURN COMPLETED] Raw: 'Play video 5.' | Normalized: 'Play video 5.'
2026-08-31 14:55:29 [INFO] 💬 [CONVERSATION MODE] Processing user command: 'Play video 5.' (Raw STT: 'Play video 5.')
2026-08-31 14:55:29 [INFO] [LANGUAGE] Detected ENGLISH utterance: 'Play video 5.' (conf=0.90)
2026-08-31 14:55:29 [INFO] 🎙️ [STT] raw = 'Play video 5.'
2026-08-31 14:55:29 [INFO] 🌐 [LANGUAGE] detected = 'en' (confidence=0.90, response_rule='ALWAYS_ENGLISH')
2026-08-31 14:55:29 [INFO] ✨ [NORMALIZER] normalized = 'Play video 5.'
2026-08-31 14:55:29 [INFO] 🎯 [INTENT] type = CONVERSATION (confidence=0.85, compound=False)
2026-08-31 14:55:29 [INFO] [ROUTER] Routing natural-language task 'Play video 5.' to Hermes Agent
2026-08-31 14:55:29 [INFO] [ROUTER] Command: 'Play video 5.' -> Target: HERMES_AGENT (Action: agent_task)
2026-08-31 14:55:29 [INFO] 🧠 [HERMES] Starting task delegation to Hermes Agent loop for session: 007366aa
2026-08-31 14:55:29 [INFO] [JARVIS] State changed -> agent_thinking
2026-08-31 14:55:29 [INFO] [HERMES] Step 1: Agent thinking & reasoning about instruction 'Play video 5.'...
2026-08-31 14:55:29 [INFO] [CHAT -> HERMES] Dispatching instruction: 'Play video 5.' (Intent: CONVERSATION)
2026-08-31 14:55:29 [INFO] [HERMES_CLIENT] Sending message to Hermes for session 007366aa: 'Play video 5.'
2026-08-31 14:55:29 [INFO] [HERMES EVENT] 💭 Thinking: Analyzing request with Qwen reasoning...
2026-08-31 14:55:29 [INFO] [JARVIS] State changed -> agent_thinking
2026-08-31 14:55:29 [INFO] [HERMES_RUNTIME] Fast-path deterministic routing for 'Play video 5.': ['select_youtube_video']
2026-08-31 14:55:29 [INFO] [HERMES_RUNTIME] Generated plan for 'Play video 5.': ['select_youtube_video']
2026-08-31 14:55:29 [INFO] [HERMES EVENT] ⚙️ Executing tool: 'select_youtube_video' (params: {'index': 5})
2026-08-31 14:55:29 [INFO] [JARVIS] State changed -> agent_acting
2026-08-31 14:55:29 [INFO] [HERMES_RUNTIME] Executing tool: select_youtube_video ({'index': 5})
2026-08-31 14:55:29 [INFO] [TOOL_REGISTRY] Executing 'select_youtube_video' with params: {'index': 5}
2026-08-31 14:55:34 [INFO] [WINDOW] Resolved 'chrome' candidate HWND=29166676 title='(45) YouTube - Google Chrome'
2026-08-31 14:55:34 [INFO] ========== [YOUTUBE DOM EXTRACTION DEBUG LOG] ==========
2026-08-31 14:55:34 [INFO] [DOM_DEBUG] Viewport dimensions: innerWidth=1920, innerHeight=945
2026-08-31 14:55:34 [INFO] [DOM_DEBUG] Total nodes queried: 82
2026-08-31 14:55:34 [INFO] [DOM_DEBUG] Accepted ordinal #1: center=(528.2, 181.6), href="/watch?v=3S1PPIRoOzQ", title="Medieval Fantasy Music for Relaxation and Peaceful | The Seeking Peace"
2026-08-31 14:55:34 [INFO] [DOM_DEBUG] Accepted ordinal #2: center=(1072.5, 181.6), href="/watch?v=eel2Sj7p-bU", title="Mashup Sơn Thủy Trùng Mây x Thủy Chung (Hot TikTok) - Rồi Mưa Giông Đến Đây Thiếu Vắng - Nhạc Remix"
2026-08-31 14:55:34 [INFO] [DOM_DEBUG] Accepted ordinal #3: center=(1616.8, 181.6), href="/watch?v=NFYQK09Rh64", title="PC 300 củ, Siêu xe Và Ngày Mưa Setup Tại Biệt Thự Ven Sông Cùng Anh @PEWPEW"
2026-08-31 14:55:34 [INFO] [DOM_DEBUG] Accepted ordinal #4: center=(528.2, 610.8), href="/watch?v=oIhdyhSfpCs", title="I'm back i'm back ( again )"
2026-08-31 14:55:34 [INFO] [DOM_DEBUG] Accepted ordinal #5: center=(1072.5, 610.8), href="/watch?v=zzkx45vmpSU", title="Japanese Phonk | Blue Departure (1 Hour Mix)"
2026-08-31 14:55:34 [INFO] [DOM_DEBUG] DOM Extraction finished: 5 visible videos identified.
2026-08-31 14:55:34 [INFO] =========================================================
2026-08-31 14:55:34 [INFO] [DOM_PERCEPTION] Extracted 5 visible YouTube video items directly from DOM.
2026-08-31 14:55:34 [INFO] [COORD MATH] Viewport (cx: 1072.5, cy: 610.8) -> Screen (X: 0 + 1072.5 = 1072, Y: 0 + 610.8 + 80 = 691)
2026-08-31 14:55:34 [INFO] [COMPONENT_TARGET] ordinal=#5 title='Japanese Phonk | Blue Departure (1 Hour Mix)' href='/watch?v=zzkx45vmpSU' id=yt_video_5 is_ad=False
[COORDINATE] dom_viewport_space=(1072.5, 610.8) -> window_client_space=(1072.5, 690.8) -> screen_space=(1072, 691)
[WINDOW] hwnd=29166676 chrome_h=80 origin=(0, 0)
[MOUSE] final_physical_point=(1072, 691)
2026-08-31 14:55:34 [INFO] [MOUSE_TXN] id=DOM-YT-5-F313 action=CLICK target=(1072, 691) count=1 button=left
2026-08-31 14:55:34 [INFO] [DOM-YT-5-F313] [MOUSE_MOVE] requested=(1072, 691) before=(605, 689) delta=(467, 2) distance=467.0px
2026-08-31 14:55:34 [INFO] [DOM-YT-5-F313] [MOUSE_MOVE] actual=(1072, 691) distance=0.0px verified=True
2026-08-31 14:55:34 [INFO] [MOUSE_TXN] id=DOM-YT-5-F313 [MOUSE FINAL CHECK] requested_target=(1072, 691) actual_cursor=(1072, 691) delta=(0, 0) distance=0.0px
2026-08-31 14:55:34 [INFO] [DOM-YT-5-F313] [MOUSE_CLICK] physical_position=(1072, 691) button=left count=1 down=True up=True completed=True
2026-08-31 14:55:34 [INFO] [MOUSE_TXN] id=DOM-YT-5-F313 [MOUSE CLICK RESULT] position_at_click=(1072, 691) down_result=True up_result=True click_completed=True
2026-08-31 14:55:34 [INFO] 
[CURSOR]
expected=(1072, 691)
actual=(1072, 691)
distance=0.0
verified=True
2026-08-31 14:55:34 [INFO] 
[CLICK]
dispatch=SUCCESS
count=1
2026-08-31 14:55:34 [INFO] 
[ACTION]
VIDEO_SELECTION_COMPLETED
2026-08-31 14:55:34 [INFO] [HERMES EVENT] ✅ Tool finished: 'select_youtube_video' (result: {'success': True, 'status': 'SUCCESS', 'ordinal': 5, 'target_id': 'yt_video_5', 'component_id': 'yt_video_5', 'title': 'Japanese Phonk | Blue Departure (1 Hour Mix)', 'href': '/watch?v=zzkx45vmpSU', 'is_ad': False, 'target': {'requested_index': 5, 'ordinal': 5, 'component_id': 'yt_video_5', 'bbox': [808.3, 456.2, 528.3, 309.2], 'screen_point': (1072, 691), 'title': 'Japanese Phonk | Blue Departure (1 Hour Mix)'}, 'viewport_point': (1072.5, 610.8), 'click_point': (1072, 691), 'cursor_before': (605, 689), 'cursor_after': (1072, 691), 'actual_position_before': (605, 689), 'actual_position_at_click': (1072, 691), 'coord_math': '[COORD MATH] Viewport (cx: 1072.5, cy: 610.8) -> Screen (X: 0 + 1072.5 = 1072, Y: 0 + 610.8 + 80 = 691)', 'debug_log': ['Viewport dimensions: innerWidth=1920, innerHeight=945', 'Total nodes queried: 82', 'Accepted ordinal #1: center=(528.2, 181.6), href="/watch?v=3S1PPIRoOzQ", title="Medieval Fantasy Music for Relaxation and Peaceful | The Seeking Peace"', 'Accepted ordinal #2: center=(1072.5, 181.6), href="/watch?v=eel2Sj7p-bU", title="Mashup Sơn Thủy Trùng Mây x Thủy Chung (Hot TikTok) - Rồi Mưa Giông Đến Đây Thiếu Vắng - Nhạc Remix"', 'Accepted ordinal #3: center=(1616.8, 181.6), href="/watch?v=NFYQK09Rh64", title="PC 300 củ, Siêu xe Và Ngày Mưa Setup Tại Biệt Thự Ven Sông Cùng Anh @PEWPEW"', 'Accepted ordinal #4: center=(528.2, 610.8), href="/watch?v=oIhdyhSfpCs", title="I\'m back i\'m back ( again )"', 'Accepted ordinal #5: center=(1072.5, 610.8), href="/watch?v=zzkx45vmpSU", title="Japanese Phonk | Blue Departure (1 Hour Mix)"', 'DOM Extraction finished: 5 visible videos identified.'], 'move_verified': True, 'click_completed': True, 'mouse_action_success': True, 'target_interaction_verified': True, 'task_verified': True, 'window_recovered': False, 'message': "Clicked and selected YouTube video #5 ('Japanese Phonk | Blue Departure (1 Hour Mix)') via DOM perception."})
2026-08-31 14:55:34 [INFO] [HERMES EVENT] 🔍 Verifying results: Verifying execution results...
2026-08-31 14:55:34 [INFO] [JARVIS] State changed -> agent_verifying
2026-08-31 14:55:34 [INFO] [HERMES EVENT] 🎯 Completed! Response: 'Playing video 5.'
2026-08-31 14:55:34 [INFO] [HERMES_CLIENT] Received Hermes response: 'Playing video 5.'
2026-08-31 14:55:34 [INFO] [HERMES -> CHAT] Final response synthesized: 'Playing video 5.' (success=True)
2026-08-31 14:55:34 [INFO] Playing phrase from cache: C:\Users\ADMIN\Downloads\jarvis-main\jarvis-main\.cache\jarvis_welcome\967b47e40e0f3e8bc0c44d25.wav
2026-08-31 14:55:34 [INFO] [JARVIS] State changed -> speaking
2026-08-31 14:55:36 [INFO] [JARVIS] State changed -> listening
2026-08-31 14:55:36 [INFO] [JARVIS] State changed -> listening
2026-08-31 14:55:36 [INFO] [CHAT] Returned to listening state. Ready for next voice command.
2026-08-31 14:55:47 [INFO] [VAD] Speech started.
2026-08-31 14:55:47 [INFO] 🎙️ [VAD] User started speaking turn...
2026-08-31 14:55:48 [INFO] [VAD] Speech ended (utterance bytes=53760).
2026-08-31 14:55:48 [INFO] [AUDIO] duration=1.68s rms=0.09000 peak=0.7968 silence_ratio=0.65 is_valid=True
2026-08-31 14:55:48 [INFO] Processing audio with duration 00:01.680
2026-08-31 14:55:49 [INFO] Detected language 'vi' with probability 0.91
2026-08-31 14:55:50 [INFO] [STT] Faster-Whisper: transcribed='Tất nhiêu ở đây.' | lang='vi' (prob=0.91)
2026-08-31 14:55:50 [INFO] [LANGUAGE] Detected VIETNAMESE utterance: 'Tất nhiêu ở đây.' (conf=0.98)
2026-08-31 14:55:50 [INFO] [STT] model=base language_mode=auto text='Tất nhiêu ở đây.' avg_logprob=-0.726 no_speech_prob=0.015 compression_ratio=0.72
2026-08-31 14:55:50 [INFO] [LANGUAGE] primary=vi languages=['vi'] mixed_language=False
2026-08-31 14:55:50 [INFO] [STT_RESOLVER] candidate_count=1 selected_candidate='Tất nhiêu ở đây.' confidence=0.91 score=-0.832
2026-08-31 14:55:51 [INFO] [STT -> INTERPRETATION]
  [STT RAW]: 'Tất nhiêu ở đây.'
  [NORMALIZED]: 'Tất nhiêu ở đây.'
  [INTENT]: CONVERSATION (confidence=0.85, compound=False)
  [ENTITY]: None (method=None, confidence=0.00)
2026-08-31 14:55:51 [INFO] 🎙️ [SMART TURN COMPLETED] Raw: 'Tất nhiêu ở đây.' | Normalized: 'Tất nhiêu ở đây.'
2026-08-31 14:55:51 [INFO] 💬 [CONVERSATION MODE] Processing user command: 'Tất nhiêu ở đây.' (Raw STT: 'Tất nhiêu ở đây.')
2026-08-31 14:55:51 [INFO] [LANGUAGE] Detected VIETNAMESE utterance: 'Tất nhiêu ở đây.' (conf=0.98)
2026-08-31 14:55:51 [INFO] 🎙️ [STT] raw = 'Tất nhiêu ở đây.'
2026-08-31 14:55:51 [INFO] 🌐 [LANGUAGE] detected = 'vi' (confidence=0.98, response_rule='ALWAYS_ENGLISH')
2026-08-31 14:55:51 [INFO] ✨ [NORMALIZER] normalized = 'Tất nhiêu ở đây.'
2026-08-31 14:55:51 [INFO] 🎯 [INTENT] type = CONVERSATION (confidence=0.85, compound=False)
2026-08-31 14:55:51 [INFO] [ROUTER] Routing natural-language task 'Tất nhiêu ở đây.' to Hermes Agent
2026-08-31 14:55:51 [INFO] [ROUTER] Command: 'Tất nhiêu ở đây.' -> Target: HERMES_AGENT (Action: agent_task)
2026-08-31 14:55:51 [INFO] 🧠 [HERMES] Starting task delegation to Hermes Agent loop for session: 007366aa
2026-08-31 14:55:51 [INFO] [JARVIS] State changed -> agent_thinking
2026-08-31 14:55:51 [INFO] [HERMES] Step 1: Agent thinking & reasoning about instruction 'Tất nhiêu ở đây.'...
2026-08-31 14:55:51 [INFO] [CHAT -> HERMES] Dispatching instruction: 'Tất nhiêu ở đây.' (Intent: CONVERSATION)
2026-08-31 14:55:51 [INFO] [HERMES_CLIENT] Sending message to Hermes for session 007366aa: 'Tất nhiêu ở đây.'
2026-08-31 14:55:51 [INFO] [HERMES EVENT] 💭 Thinking: Analyzing request with Qwen reasoning...
2026-08-31 14:55:51 [INFO] [JARVIS] State changed -> agent_thinking
2026-08-31 14:55:55 [INFO] [HERMES_RUNTIME] Generated plan for 'Tất nhiêu ở đây.': []
2026-08-31 14:55:55 [INFO] [HERMES EVENT] 🔍 Verifying results: Verifying execution results...
2026-08-31 14:55:55 [INFO] [JARVIS] State changed -> agent_verifying
2026-08-31 14:55:55 [INFO] [HERMES EVENT] 🎯 Completed! Response: 'I am Jarvis, your desktop AI assistant. I can open applications, switch or close windows, search the web, inspect files, and manage your workspace.'
2026-08-31 14:55:55 [INFO] [HERMES_CLIENT] Received Hermes response: 'I am Jarvis, your desktop AI assistant. I can open applications, switch or close windows, search the web, inspect files, and manage your workspace.'
2026-08-31 14:55:55 [INFO] [HERMES -> CHAT] Final response synthesized: 'I am Jarvis, your desktop AI assistant. I can open applications, switch or close windows, search the web, inspect files, and manage your workspace.' (success=True)
2026-08-31 14:55:55 [INFO] Playing phrase from cache: C:\Users\ADMIN\Downloads\jarvis-main\jarvis-main\.cache\jarvis_welcome\a55c0171fb6025847e5e9940.wav
2026-08-31 14:55:55 [INFO] [JARVIS] State changed -> speaking
2026-08-31 14:57:11 [INFO] JarvisBridge WebSocket server started on ws://127.0.0.1:8765
2026-08-31 14:57:11 [INFO] server listening on 127.0.0.1:8765
2026-08-31 14:57:11 [INFO] Launched Jarvis desktop UI overlay process (hidden by default, PID: 23464).
2026-08-31 14:57:12 [INFO] connection open
2026-08-31 14:57:12 [INFO] [BRIDGE] UI client connected: ('127.0.0.1', 57168)
2026-08-31 14:57:13 [INFO] connection open
2026-08-31 14:57:13 [INFO] [BRIDGE] UI client connected: ('127.0.0.1', 59687)
2026-08-31 14:57:14 [INFO] [VAD] Loading Silero VAD from local torch hub cache: C:\Users\ADMIN/.cache\torch\hub\snakers4_silero-vad_master
2026-08-31 14:57:14 [INFO] [VAD] Silero VAD neural model ready (threshold=0.35).
2026-08-31 14:57:14 [INFO] Initializing OpenWakeWord neural model ('hey_jarvis')...
2026-08-31 14:57:14 [INFO] OpenWakeWord model ready (keyword: 'hey_jarvis', confidence threshold=0.45).
2026-08-31 14:57:15 [INFO] [AUDIO] Ownership transfer: NONE -> TRIGGER
2026-08-31 14:57:15 [INFO] ===============================================================
2026-08-31 14:57:15 [INFO]  JARVIS RUNTIME COORDINATOR — HERMES AGENT & SINGLE AUDIO OWNER
2026-08-31 14:57:15 [INFO] ===============================================================
2026-08-31 14:57:15 [INFO]  Microphone Invariant: Central AudioManager (Single Stream)
2026-08-31 14:57:15 [INFO]  Mode 1: TRIGGER MODE (Claps & Deterministic Shortcuts)
2026-08-31 14:57:15 [INFO]  Mode 2: CHAT MODE (VAD + STT + Hermes Agent + Computer Use)
2026-08-31 14:57:15 [INFO]  Activation: 'Hey Jarvis, I need your help' -> Chat Mode & Hermes
2026-08-31 14:57:15 [INFO]  Deactivation: 'Jarvis, go to sleep' -> Return to Trigger Mode
2026-08-31 14:57:15 [INFO]  Audio capture: Rate=16000 Hz, Block=80 ms
2026-08-31 14:57:15 [INFO] ===============================================================
2026-08-31 14:57:15 [INFO] Audio devices:
   0 Microsoft Sound Mapper - Input, MME (2 in, 0 out)
>  1 Microphone (MCHOSE K20), MME (1 in, 0 out)
   2 Microsoft Sound Mapper - Output, MME (0 in, 2 out)
<  3 Realtek HD Audio 2nd output (Re, MME (0 in, 2 out)
   4 Speakers (Realtek(R) Audio), MME (0 in, 8 out)
   5 SAMSUNG (NVIDIA High Definition, MME (0 in, 2 out)
   6 Realtek Digital Output (Realtek, MME (0 in, 2 out)
   7 Speakers (MCHOSE K20), MME (0 in, 8 out)
   8 Primary Sound Capture Driver, Windows DirectSound (2 in, 0 out)
   9 Microphone (MCHOSE K20), Windows DirectSound (1 in, 0 out)
  10 Primary Sound Driver, Windows DirectSound (0 in, 2 out)
  11 Realtek HD Audio 2nd output (Realtek(R) Audio), Windows DirectSound (0 in, 2 out)
  12 Speakers (Realtek(R) Audio), Windows DirectSound (0 in, 8 out)
  13 SAMSUNG (NVIDIA High Definition Audio), Windows DirectSound (0 in, 2 out)
  14 Realtek Digital Output (Realtek(R) Audio), Windows DirectSound (0 in, 2 out)
  15 Speakers (MCHOSE K20), Windows DirectSound (0 in, 8 out)
  16 Speakers (Realtek(R) Audio), Windows WASAPI (0 in, 2 out)
  17 SAMSUNG (NVIDIA High Definition Audio), Windows WASAPI (0 in, 2 out)
  18 Realtek Digital Output (Realtek(R) Audio), Windows WASAPI (0 in, 2 out)
  19 Speakers (MCHOSE K20), Windows WASAPI (0 in, 8 out)
  20 Realtek HD Audio 2nd output (Realtek(R) Audio), Windows WASAPI (0 in, 2 out)
  21 Microphone (MCHOSE K20), Windows WASAPI (1 in, 0 out)
  22 Headphones (Realtek HD Audio 2nd output), Windows WDM-KS (0 in, 2 out)
  23 Stereo Mix (Realtek HD Audio Stereo input), Windows WDM-KS (2 in, 0 out)
  24 Line In (Realtek HD Audio Line input), Windows WDM-KS (2 in, 0 out)
  25 Microphone (Realtek HD Audio Mic input), Windows WDM-KS (2 in, 0 out)
  26 Speakers (Realtek HD Audio output), Windows WDM-KS (0 in, 8 out)
  27 SPDIF Out (Realtek HDA SPDIF Out), Windows WDM-KS (0 in, 2 out)
  28 Microphone (MicIn), Windows WDM-KS (1 in, 0 out)
  29 Speakers (Speaker), Windows WDM-KS (0 in, 8 out)
  30 Output (NVIDIA High Definition Audio), Windows WDM-KS (0 in, 2 out)
2026-08-31 14:57:15 [INFO] Using default microphone [1]: Microphone (MCHOSE K20) (probe rms=0.00002)
2026-08-31 14:57:18 [INFO] Microphone calibration complete (baseline noise=0.00010, threshold=0.02500). Ready for commands!
2026-08-31 14:57:18 [INFO] Say 'Hey Jarvis, I need your help' for Conversation mode, or clap for Commands.
2026-08-31 14:57:28 [INFO] 🎙️ [WAKE DETECTED]: 'Hey Jarvis'! (confidence=0.47 >= 0.45) — Listening for commands / claps...
2026-08-31 14:57:28 [INFO] Playing phrase from cache: C:\Users\ADMIN\Downloads\jarvis-main\jarvis-main\.cache\jarvis_welcome\80f12fdf470d1e95bef56bda.wav
2026-08-31 14:57:38 [INFO] ⏳ Wake window expired (10.0s). Returning to waiting mode...
2026-08-31 14:57:46 [INFO] 🌟 [INTENT: CONVERSATION] Dedicated phrase detected ('chavez i need your help') -> Materializing Jarvis Orb...
2026-08-31 14:57:46 [INFO] [JARVIS] Wake detected -> Conversation session acquired. ID: 0eb27938
2026-08-31 14:57:46 [INFO] [JARVIS] Conversation session acquired. ID: 0eb27938
2026-08-31 14:57:46 [INFO] [AUDIO] Ownership transfer: TRIGGER -> CHAT
2026-08-31 14:57:46 [INFO] [HERMES_RUNTIME] Session started: 0eb27938
2026-08-31 14:57:46 [INFO] Playing phrase from cache: C:\Users\ADMIN\Downloads\jarvis-main\jarvis-main\.cache\jarvis_welcome\d0ecfd35be7f28a737660d7a.wav
2026-08-31 14:57:46 [INFO] [JARVIS] State changed -> speaking
2026-08-31 14:57:48 [INFO] [JARVIS] State changed -> listening
2026-08-31 14:57:49 [INFO] [VAD] Speech started.
2026-08-31 14:57:49 [INFO] 🎙️ [VAD] User started speaking turn...
2026-08-31 14:57:50 [INFO] [VAD] Speech ended (utterance bytes=58880).
2026-08-31 14:57:50 [INFO] [AUDIO] duration=1.84s rms=0.09000 peak=0.5783 silence_ratio=0.68 is_valid=True
2026-08-31 14:57:51 [INFO] [STT] Initializing Faster-Whisper (model='base', device='cpu', compute_type='int8')...
2026-08-31 14:57:52 [INFO] [STT] Faster-Whisper model ready (threads=8).
2026-08-31 14:57:52 [INFO] Processing audio with duration 00:01.840
2026-08-31 14:57:53 [INFO] Detected language 'id' with probability 0.25
2026-08-31 14:57:54 [INFO] [STT] Language 'id' (prob=0.25) uncertain/empty -> Re-transcribing with bilingual fallback...
2026-08-31 14:57:54 [INFO] Processing audio with duration 00:01.840
2026-08-31 14:57:55 [INFO] [STT] Faster-Whisper: transcribed='Open YouTube.' | lang='en' (prob=1.00)
2026-08-31 14:57:55 [INFO] [LANGUAGE] Detected ENGLISH utterance: 'Open YouTube.' (conf=0.90)
2026-08-31 14:57:55 [INFO] [STT] model=base language_mode=auto text='Open YouTube.' avg_logprob=-0.595 no_speech_prob=0.127 compression_ratio=0.62
2026-08-31 14:57:55 [INFO] [LANGUAGE] primary=en languages=['vi', 'en'] mixed_language=True
2026-08-31 14:57:55 [INFO] [STT_RESOLVER] candidate_count=1 selected_candidate='Open YouTube.' confidence=1.00 score=-0.594
2026-08-31 14:57:55 [INFO] [APP_REGISTRY] Discovered 78 Windows Start Menu applications.
2026-08-31 14:57:55 [INFO] [VOICE_MEMORY] Loaded 34 learned phrase mappings from user_voice_memory.json
2026-08-31 14:57:55 [INFO] [STT -> INTERPRETATION]
  [STT RAW]: 'Open YouTube.'
  [NORMALIZED]: 'Open YouTube.'
  [INTENT]: OPEN_APPLICATION (confidence=0.98, compound=False)
  [ENTITY]: YouTube (method=levenshtein, confidence=0.93)
2026-08-31 14:57:55 [INFO] 🎙️ [SMART TURN COMPLETED] Raw: 'Open YouTube.' | Normalized: 'Open YouTube.'
2026-08-31 14:57:55 [INFO] 💬 [CONVERSATION MODE] Processing user command: 'Open YouTube.' (Raw STT: 'Open YouTube.')
2026-08-31 14:57:55 [INFO] [LANGUAGE] Detected ENGLISH utterance: 'Open YouTube.' (conf=0.90)
2026-08-31 14:57:55 [INFO] 🎙️ [STT] raw = 'Open YouTube.'
2026-08-31 14:57:55 [INFO] 🌐 [LANGUAGE] detected = 'en' (confidence=0.90, response_rule='ALWAYS_ENGLISH')
2026-08-31 14:57:55 [INFO] ✨ [NORMALIZER] normalized = 'Open YouTube.'
2026-08-31 14:57:55 [INFO] 🎯 [INTENT] type = OPEN_APPLICATION (confidence=0.98, compound=False)
2026-08-31 14:57:55 [INFO] 🏷️ [ENTITY] candidate = 'YouTube' (alias='YouTube', method=levenshtein, confidence=0.93)
2026-08-31 14:57:55 [INFO] [ROUTER] Fast-path routing to 'open_app:youtube' for 'Open YouTube.'
2026-08-31 14:57:55 [INFO] [ROUTER] Command: 'Open YouTube.' -> Target: DETERMINISTIC_ACTION (Action: open_app:youtube)
2026-08-31 14:57:55 [INFO] [JARVIS] State changed -> processing
2026-08-31 14:57:55 [INFO] [ACTION] Fast-path executing deterministic action: open_app:youtube
2026-08-31 14:57:55 [INFO] [TOOL] open_application('YouTube')
2026-08-31 14:57:55 [INFO] [TOOL_REGISTRY] Executing 'open_application' with params: {'app_name': 'YouTube'}
2026-08-31 14:57:55 [INFO] [COMPUTER_USE] Opening web service 'YouTube' -> https://www.youtube.com
2026-08-31 14:57:55 [INFO] [BROWSER] Opened https://www.youtube.com with Isolated CDP on port 9222
2026-08-31 14:57:55 [INFO] [RESULT] success
2026-08-31 14:57:55 [INFO] Playing phrase from cache: C:\Users\ADMIN\Downloads\jarvis-main\jarvis-main\.cache\jarvis_welcome\df453efcd9c6d4e03836a8a9.wav
2026-08-31 14:57:55 [INFO] [JARVIS] State changed -> speaking
2026-08-31 14:57:57 [INFO] [JARVIS] State changed -> listening
2026-08-31 14:57:57 [INFO] [JARVIS] State changed -> listening
2026-08-31 14:57:57 [INFO] [CHAT] Returned to listening state. Ready for next voice command.
2026-08-31 14:58:01 [INFO] [VAD] Speech started.
2026-08-31 14:58:01 [INFO] 🎙️ [VAD] User started speaking turn...
2026-08-31 14:58:03 [INFO] [VAD] Speech ended (utterance bytes=79360).
2026-08-31 14:58:03 [INFO] [AUDIO] duration=2.48s rms=0.09000 peak=0.6812 silence_ratio=0.58 is_valid=True
2026-08-31 14:58:03 [INFO] Processing audio with duration 00:02.480
2026-08-31 14:58:04 [INFO] Detected language 'en' with probability 0.37
2026-08-31 14:58:05 [INFO] [STT] Language 'en' (prob=0.37) uncertain/empty -> Re-transcribing with bilingual fallback...
2026-08-31 14:58:05 [INFO] Processing audio with duration 00:02.480
2026-08-31 14:58:07 [INFO] [STT] Faster-Whisper: transcribed='Play the second video.' | lang='en' (prob=1.00)
2026-08-31 14:58:07 [INFO] [LANGUAGE] Detected ENGLISH utterance: 'Play the second video.' (conf=0.90)
2026-08-31 14:58:07 [INFO] [STT] model=base language_mode=auto text='Play the second video.' avg_logprob=-0.434 no_speech_prob=0.026 compression_ratio=0.73
2026-08-31 14:58:07 [INFO] [LANGUAGE] primary=en languages=['en'] mixed_language=False
2026-08-31 14:58:07 [INFO] [STT_RESOLVER] candidate_count=1 selected_candidate='Play the second video.' confidence=1.00 score=-0.274
2026-08-31 14:58:07 [INFO] [STT -> INTERPRETATION]
  [STT RAW]: 'Play the second video.'
  [NORMALIZED]: 'Play the second video.'
  [INTENT]: CONVERSATION (confidence=0.85, compound=False)
  [ENTITY]: None (method=None, confidence=0.00)
2026-08-31 14:58:07 [INFO] 🎙️ [SMART TURN COMPLETED] Raw: 'Play the second video.' | Normalized: 'Play the second video.'
2026-08-31 14:58:07 [INFO] 💬 [CONVERSATION MODE] Processing user command: 'Play the second video.' (Raw STT: 'Play the second video.')
2026-08-31 14:58:07 [INFO] [LANGUAGE] Detected ENGLISH utterance: 'Play the second video.' (conf=0.90)
2026-08-31 14:58:07 [INFO] 🎙️ [STT] raw = 'Play the second video.'
2026-08-31 14:58:07 [INFO] 🌐 [LANGUAGE] detected = 'en' (confidence=0.90, response_rule='ALWAYS_ENGLISH')
2026-08-31 14:58:07 [INFO] ✨ [NORMALIZER] normalized = 'Play the second video.'
2026-08-31 14:58:07 [INFO] 🎯 [INTENT] type = CONVERSATION (confidence=0.85, compound=False)
2026-08-31 14:58:07 [INFO] [ROUTER] Routing natural-language task 'Play the second video.' to Hermes Agent
2026-08-31 14:58:07 [INFO] [ROUTER] Command: 'Play the second video.' -> Target: HERMES_AGENT (Action: agent_task)
2026-08-31 14:58:07 [INFO] 🧠 [HERMES] Starting task delegation to Hermes Agent loop for session: 0eb27938
2026-08-31 14:58:07 [INFO] [JARVIS] State changed -> agent_thinking
2026-08-31 14:58:07 [INFO] [HERMES] Step 1: Agent thinking & reasoning about instruction 'Play the second video.'...
2026-08-31 14:58:07 [INFO] [CHAT -> HERMES] Dispatching instruction: 'Play the second video.' (Intent: CONVERSATION)
2026-08-31 14:58:07 [INFO] [HERMES_CLIENT] Sending message to Hermes for session 0eb27938: 'Play the second video.'
2026-08-31 14:58:07 [INFO] [HERMES EVENT] 💭 Thinking: Analyzing request with Qwen reasoning...
2026-08-31 14:58:07 [INFO] [JARVIS] State changed -> agent_thinking
2026-08-31 14:58:12 [INFO] [HERMES_RUNTIME] Generated plan for 'Play the second video.': ['select_youtube_video']
2026-08-31 14:58:12 [INFO] [HERMES EVENT] ⚙️ Executing tool: 'select_youtube_video' (params: {'index': 2})
2026-08-31 14:58:12 [INFO] [JARVIS] State changed -> agent_acting
2026-08-31 14:58:12 [INFO] [HERMES_RUNTIME] Executing tool: select_youtube_video ({'index': 2})
2026-08-31 14:58:12 [INFO] [TOOL_REGISTRY] Executing 'select_youtube_video' with params: {'index': 2}
2026-08-31 14:58:12 [INFO] [WINDOW] Foreground matches target app 'chrome' & task 'youtube': HWND=10881810
2026-08-31 14:58:12 [INFO] ========== [YOUTUBE DOM EXTRACTION DEBUG LOG] ==========
2026-08-31 14:58:12 [INFO] [DOM_DEBUG] Viewport dimensions: innerWidth=1920, innerHeight=945
2026-08-31 14:58:12 [INFO] [DOM_DEBUG] Total nodes queried: 60
2026-08-31 14:58:12 [INFO] [DOM_DEBUG] Accepted ordinal #1: center=(1072.5, 290.6), href="/watch?v=6gFUYzmOUCs", title="Relaxing Medieval Fantasy Study Music – Deep Focus for Study & Work | It's time for a new adventure"
2026-08-31 14:58:12 [INFO] [DOM_DEBUG] Accepted ordinal #2: center=(1616.8, 290.6), href="/watch?v=i2lpEYTxhPo", title="Sơn Thuỷ Trùng Mây, Mạnh Bà ♬ BXH Nhạc Lofi Chill "Triệu View" Hay Nhất TikTok - Nhạc Lofi Chill"
2026-08-31 14:58:12 [INFO] [DOM_DEBUG] Accepted ordinal #3: center=(528.2, 719.8), href="/watch?v=lm-svV-b964", title="Vì sao không nên mua màn hình gaming no-name? (trong năm 2026)"
2026-08-31 14:58:12 [INFO] [DOM_DEBUG] Accepted ordinal #4: center=(1072.5, 719.8), href="/watch?v=HGT8SX6yWlg", title="Danh sách kết hợp – Person (抖音DJ旋律2025) x Lightning Moment (Wanji Edit Remix Tiktok) || Hot Tiktok Douyin"
2026-08-31 14:58:12 [INFO] [DOM_DEBUG] Accepted ordinal #5: center=(1616.8, 719.8), href="/watch?v=BJF0KJSSFKM", title="🎧 Powerful EDM Mix | Trap, Bass & Melodic Vibes"
2026-08-31 14:58:12 [INFO] [DOM_DEBUG] DOM Extraction finished: 5 visible videos identified.
2026-08-31 14:58:12 [INFO] =========================================================
2026-08-31 14:58:12 [INFO] [DOM_PERCEPTION] Extracted 5 visible YouTube video items directly from DOM.
2026-08-31 14:58:12 [INFO] [COORD MATH] Viewport (cx: 1616.8, cy: 290.6) -> Screen (X: 0 + 1616.8 = 1617, Y: 0 + 290.6 + 80 = 371)
2026-08-31 14:58:12 [INFO] [COMPONENT_TARGET] ordinal=#2 title='Sơn Thuỷ Trùng Mây, Mạnh Bà ♬ BXH Nhạc Lofi Chill "Triệu View" Hay Nhất TikTok - Nhạc Lofi Chill' href='/watch?v=i2lpEYTxhPo' id=yt_video_2 is_ad=False
[COORDINATE] dom_viewport_space=(1616.8, 290.6) -> window_client_space=(1616.8, 370.6) -> screen_space=(1617, 371)
[WINDOW] hwnd=10881810 chrome_h=80 origin=(0, 0)
[MOUSE] final_physical_point=(1617, 371)
2026-08-31 14:58:12 [INFO] [MOUSE_TXN] id=DOM-YT-2-332F action=CLICK target=(1617, 371) count=1 button=left
2026-08-31 14:58:12 [INFO] [DOM-YT-2-332F] [MOUSE_MOVE] requested=(1617, 371) before=(215, 96) delta=(1402, 275) distance=1428.7px
2026-08-31 14:58:12 [INFO] [DOM-YT-2-332F] [MOUSE_MOVE] actual=(1617, 371) distance=0.0px verified=True
2026-08-31 14:58:12 [INFO] [MOUSE_TXN] id=DOM-YT-2-332F [MOUSE FINAL CHECK] requested_target=(1617, 371) actual_cursor=(1617, 371) delta=(0, 0) distance=0.0px
2026-08-31 14:58:12 [INFO] [DOM-YT-2-332F] [MOUSE_CLICK] physical_position=(1617, 371) button=left count=1 down=True up=True completed=True
2026-08-31 14:58:12 [INFO] [MOUSE_TXN] id=DOM-YT-2-332F [MOUSE CLICK RESULT] position_at_click=(1617, 371) down_result=True up_result=True click_completed=True
2026-08-31 14:58:12 [INFO] 
[CURSOR]
expected=(1617, 371)
actual=(1617, 371)
distance=0.0
verified=True
2026-08-31 14:58:12 [INFO] 
[CLICK]
dispatch=SUCCESS
count=1
2026-08-31 14:58:12 [INFO] 
[ACTION]
VIDEO_SELECTION_COMPLETED
2026-08-31 14:58:12 [INFO] [HERMES EVENT] ✅ Tool finished: 'select_youtube_video' (result: {'success': True, 'status': 'SUCCESS', 'ordinal': 2, 'target_id': 'yt_video_2', 'component_id': 'yt_video_2', 'title': 'Sơn Thuỷ Trùng Mây, Mạnh Bà ♬ BXH Nhạc Lofi Chill "Triệu View" Hay Nhất TikTok - Nhạc Lofi Chill', 'href': '/watch?v=i2lpEYTxhPo', 'is_ad': False, 'target': {'requested_index': 2, 'ordinal': 2, 'component_id': 'yt_video_2', 'bbox': [1352.7, 136, 528.3, 309.2], 'screen_point': (1617, 371), 'title': 'Sơn Thuỷ Trùng Mây, Mạnh Bà ♬ BXH Nhạc Lofi Chill "Triệu View" Hay Nhất TikTok - Nhạc Lofi Chill'}, 'viewport_point': (1616.8, 290.6), 'click_point': (1617, 371), 'cursor_before': (215, 96), 'cursor_after': (1617, 371), 'actual_position_before': (215, 96), 'actual_position_at_click': (1617, 371), 'coord_math': '[COORD MATH] Viewport (cx: 1616.8, cy: 290.6) -> Screen (X: 0 + 1616.8 = 1617, Y: 0 + 290.6 + 80 = 371)', 'debug_log': ['Viewport dimensions: innerWidth=1920, innerHeight=945', 'Total nodes queried: 60', 'Accepted ordinal #1: center=(1072.5, 290.6), href="/watch?v=6gFUYzmOUCs", title="Relaxing Medieval Fantasy Study Music – Deep Focus for Study & Work | It\'s time for a new adventure"', 'Accepted ordinal #2: center=(1616.8, 290.6), href="/watch?v=i2lpEYTxhPo", title="Sơn Thuỷ Trùng Mây, Mạnh Bà ♬ BXH Nhạc Lofi Chill "Triệu View" Hay Nhất TikTok - Nhạc Lofi Chill"', 'Accepted ordinal #3: center=(528.2, 719.8), href="/watch?v=lm-svV-b964", title="Vì sao không nên mua màn hình gaming no-name? (trong năm 2026)"', 'Accepted ordinal #4: center=(1072.5, 719.8), href="/watch?v=HGT8SX6yWlg", title="Danh sách kết hợp – Person (抖音DJ旋律2025) x Lightning Moment (Wanji Edit Remix Tiktok) || Hot Tiktok Douyin"', 'Accepted ordinal #5: center=(1616.8, 719.8), href="/watch?v=BJF0KJSSFKM", title="🎧 Powerful EDM Mix | Trap, Bass & Melodic Vibes"', 'DOM Extraction finished: 5 visible videos identified.'], 'move_verified': True, 'click_completed': True, 'mouse_action_success': True, 'target_interaction_verified': True, 'task_verified': True, 'window_recovered': False, 'message': 'Clicked and selected YouTube video #2 (\'Sơn Thuỷ Trùng Mây, Mạnh Bà ♬ BXH Nhạc Lofi Chill "Triệu View" Hay Nhất TikTok - Nhạc Lofi Chill\') via DOM perception.'})
2026-08-31 14:58:12 [INFO] [HERMES EVENT] 🔍 Verifying results: Verifying execution results...
2026-08-31 14:58:12 [INFO] [JARVIS] State changed -> agent_verifying
2026-08-31 14:58:12 [INFO] [HERMES EVENT] 🎯 Completed! Response: 'Playing video 2.'
2026-08-31 14:58:12 [INFO] [HERMES_CLIENT] Received Hermes response: 'Playing video 2.'
2026-08-31 14:58:12 [INFO] [HERMES -> CHAT] Final response synthesized: 'Playing video 2.' (success=True)
2026-08-31 14:58:12 [INFO] Playing phrase from cache: C:\Users\ADMIN\Downloads\jarvis-main\jarvis-main\.cache\jarvis_welcome\ef803ccc89d907373d7adec3.wav
2026-08-31 14:58:12 [INFO] [JARVIS] State changed -> speaking
2026-08-31 14:58:14 [INFO] [JARVIS] State changed -> listening
2026-08-31 14:58:14 [INFO] [JARVIS] State changed -> listening
2026-08-31 14:58:14 [INFO] [CHAT] Returned to listening state. Ready for next voice command.
2026-08-31 14:58:24 [INFO] [VAD] Speech started.
2026-08-31 14:58:24 [INFO] 🎙️ [VAD] User started speaking turn...
2026-08-31 14:58:26 [INFO] [VAD] Speech ended (utterance bytes=76800).
2026-08-31 14:58:26 [INFO] [AUDIO] duration=2.40s rms=0.09000 peak=0.6636 silence_ratio=0.70 is_valid=True
2026-08-31 14:58:26 [INFO] Processing audio with duration 00:02.400
2026-08-31 14:58:27 [INFO] Detected language 'en' with probability 0.35
2026-08-31 14:58:28 [INFO] [STT] Language 'en' (prob=0.35) uncertain/empty -> Re-transcribing with bilingual fallback...
2026-08-31 14:58:28 [INFO] Processing audio with duration 00:02.400
2026-08-31 14:58:29 [INFO] [STT] Faster-Whisper: transcribed='RIDE P.' | lang='en' (prob=1.00)
2026-08-31 14:58:29 [INFO] [LANGUAGE] Detected ENGLISH utterance: 'RIDE P.' (conf=0.80)
2026-08-31 14:58:29 [INFO] [STT] model=base language_mode=auto text='RIDE P.' avg_logprob=-0.948 no_speech_prob=0.355 compression_ratio=0.47
2026-08-31 14:58:29 [INFO] [LANGUAGE] primary=en languages=['en'] mixed_language=False
2026-08-31 14:58:29 [INFO] [STT_RESOLVER] candidate_count=1 selected_candidate='RIDE P.' confidence=1.00 score=-2.760
2026-08-31 14:58:29 [INFO] [STT -> INTERPRETATION]
  [STT RAW]: 'RIDE P.'
  [NORMALIZED]: 'RIDE P.'
  [INTENT]: CONVERSATION (confidence=0.85, compound=False)
  [ENTITY]: None (method=None, confidence=0.00)
2026-08-31 14:58:29 [INFO] 🎙️ [SMART TURN COMPLETED] Raw: 'RIDE P.' | Normalized: 'RIDE P.'
2026-08-31 14:58:29 [INFO] 💬 [CONVERSATION MODE] Processing user command: 'RIDE P.' (Raw STT: 'RIDE P.')
2026-08-31 14:58:29 [INFO] [LANGUAGE] Detected ENGLISH utterance: 'RIDE P.' (conf=0.80)
2026-08-31 14:58:29 [INFO] 🎙️ [STT] raw = 'RIDE P.'
2026-08-31 14:58:29 [INFO] 🌐 [LANGUAGE] detected = 'en' (confidence=0.80, response_rule='ALWAYS_ENGLISH')
2026-08-31 14:58:29 [INFO] ✨ [NORMALIZER] normalized = 'RIDE P.'
2026-08-31 14:58:29 [INFO] 🎯 [INTENT] type = CONVERSATION (confidence=0.85, compound=False)
2026-08-31 14:58:29 [INFO] [ROUTER] Routing natural-language task 'RIDE P.' to Hermes Agent
2026-08-31 14:58:29 [INFO] [ROUTER] Command: 'RIDE P.' -> Target: HERMES_AGENT (Action: agent_task)
2026-08-31 14:58:29 [INFO] 🧠 [HERMES] Starting task delegation to Hermes Agent loop for session: 0eb27938
2026-08-31 14:58:29 [INFO] [JARVIS] State changed -> agent_thinking
2026-08-31 14:58:29 [INFO] [HERMES] Step 1: Agent thinking & reasoning about instruction 'RIDE P.'...
2026-08-31 14:58:29 [INFO] [CHAT -> HERMES] Dispatching instruction: 'RIDE P.' (Intent: CONVERSATION)
2026-08-31 14:58:29 [INFO] [HERMES_CLIENT] Sending message to Hermes for session 0eb27938: 'RIDE P.'
2026-08-31 14:58:29 [INFO] [HERMES EVENT] 💭 Thinking: Analyzing request with Qwen reasoning...
2026-08-31 14:58:29 [INFO] [JARVIS] State changed -> agent_thinking
2026-08-31 14:58:33 [INFO] [HERMES_RUNTIME] Non-actionable utterance 'ride p.' -> Silent recovery
2026-08-31 14:58:33 [INFO] [HERMES_RUNTIME] Generated plan for 'RIDE P.': []
2026-08-31 14:58:33 [INFO] [HERMES EVENT] 🔍 Verifying results: Verifying execution results...
2026-08-31 14:58:33 [INFO] [JARVIS] State changed -> agent_verifying
2026-08-31 14:58:33 [INFO] [HERMES EVENT] 🎯 Completed! Response: ''
2026-08-31 14:58:33 [INFO] [HERMES_CLIENT] Received Hermes response: ''
2026-08-31 14:58:33 [INFO] [HERMES -> CHAT] Final response synthesized: '' (success=True)
2026-08-31 14:58:33 [INFO] [HERMES] Response is silent (no speech synthesis needed).
2026-08-31 14:58:33 [INFO] [JARVIS] State changed -> listening
2026-08-31 14:58:33 [INFO] [CHAT] Returned to listening state. Ready for next voice command.
2026-08-31 14:58:36 [INFO] [VAD] Speech started.
2026-08-31 14:58:36 [INFO] 🎙️ [VAD] User started speaking turn...
2026-08-31 14:58:38 [INFO] [VAD] Speech ended (utterance bytes=69120).
2026-08-31 14:58:38 [INFO] [AUDIO] duration=2.16s rms=0.09000 peak=0.5221 silence_ratio=0.67 is_valid=True
2026-08-31 14:58:38 [INFO] Processing audio with duration 00:02.160
2026-08-31 14:58:39 [INFO] Detected language 'en' with probability 0.50
2026-08-31 14:58:40 [INFO] [STT] Faster-Whisper: transcribed='Jarvis, go to sleep' | lang='en' (prob=0.50)
2026-08-31 14:58:40 [INFO] [LANGUAGE] Detected ENGLISH utterance: 'Jarvis, go to sleep' (conf=0.90)
2026-08-31 14:58:40 [INFO] [STT] model=base language_mode=auto text='Jarvis, go to sleep' avg_logprob=-0.165 no_speech_prob=0.016 compression_ratio=0.71
2026-08-31 14:58:40 [INFO] [LANGUAGE] primary=en languages=['en'] mixed_language=False
2026-08-31 14:58:40 [INFO] [STT_RESOLVER] candidate_count=1 selected_candidate='Jarvis, go to sleep' confidence=0.50 score=0.098
2026-08-31 14:58:40 [INFO] [VOICE_MEMORY] Exact match in learned memory: 'jarvis, go to sleep' -> 'go to sleep'
2026-08-31 14:58:40 [INFO] [STT -> INTERPRETATION]
  [STT RAW]: 'Jarvis, go to sleep'
  [NORMALIZED]: 'go to sleep'
  [INTENT]: SLEEP_DISMISS (confidence=0.99, compound=False)
  [ENTITY]: None (method=None, confidence=0.00)
2026-08-31 14:58:40 [INFO] 🎙️ [SMART TURN COMPLETED] Raw: 'Jarvis, go to sleep' | Normalized: 'go to sleep'
2026-08-31 14:58:40 [INFO] 💬 [CONVERSATION MODE] Processing user command: 'go to sleep' (Raw STT: 'Jarvis, go to sleep')
2026-08-31 14:58:40 [INFO] [LANGUAGE] Detected ENGLISH utterance: 'Jarvis, go to sleep' (conf=0.90)
2026-08-31 14:58:40 [INFO] 🎙️ [STT] raw = 'Jarvis, go to sleep'
2026-08-31 14:58:40 [INFO] 🌐 [LANGUAGE] detected = 'en' (confidence=0.90, response_rule='ALWAYS_ENGLISH')
2026-08-31 14:58:40 [INFO] ✨ [NORMALIZER] normalized = 'go to sleep'
2026-08-31 14:58:40 [INFO] 🎯 [INTENT] type = SLEEP_DISMISS (confidence=0.99, compound=False)
2026-08-31 14:58:40 [INFO] [ROUTER] Detected sleep/close command in 'Jarvis, go to sleep'
2026-08-31 14:58:40 [INFO] [ROUTER] Command: 'go to sleep' -> Target: SLEEP_DISMISS (Action: sleep)
2026-08-31 14:58:40 [INFO] 🛑 [CONVERSATION CLOSE] User requested sleep ('go to sleep') -> Closing session...
2026-08-31 14:58:40 [INFO] [JARVIS] Sleep/Close command detected -> Orb closing animation initiated.
2026-08-31 14:58:40 [INFO] [AUDIO] Ownership transfer: CHAT -> TRIGGER
2026-08-31 14:58:40 [INFO] [HERMES_RUNTIME] Session closed: 0eb27938
2026-08-31 14:58:40 [INFO] Playing phrase from cache: C:\Users\ADMIN\Downloads\jarvis-main\jarvis-main\.cache\jarvis_welcome\133ac38c254194538895ff7e.wav
2026-08-31 14:58:40 [INFO] [JARVIS] Session ended -> UI hidden. Background wake detector ready.
2026-08-31 14:58:45 [INFO] 🌟 [INTENT: CONVERSATION] Dedicated phrase detected ('job is i need your help') -> Materializing Jarvis Orb...
2026-08-31 14:58:45 [INFO] [JARVIS] Wake detected -> Conversation session acquired. ID: 4101a34f
2026-08-31 14:58:45 [INFO] [JARVIS] Conversation session acquired. ID: 4101a34f
2026-08-31 14:58:45 [INFO] [AUDIO] Ownership transfer: TRIGGER -> CHAT
2026-08-31 14:58:45 [INFO] [HERMES_RUNTIME] Session started: 4101a34f
2026-08-31 14:58:45 [INFO] Playing phrase from cache: C:\Users\ADMIN\Downloads\jarvis-main\jarvis-main\.cache\jarvis_welcome\d0ecfd35be7f28a737660d7a.wav
2026-08-31 14:58:45 [INFO] [JARVIS] State changed -> speaking
2026-08-31 14:58:47 [INFO] [JARVIS] State changed -> listening
2026-08-31 14:58:48 [INFO] [VAD] Speech started.
2026-08-31 14:58:48 [INFO] 🎙️ [VAD] User started speaking turn...
2026-08-31 14:58:49 [INFO] [VAD] Speech ended (utterance bytes=56320).
2026-08-31 14:58:49 [INFO] [AUDIO] duration=1.76s rms=0.09000 peak=0.5192 silence_ratio=0.64 is_valid=True
2026-08-31 14:58:49 [INFO] Processing audio with duration 00:01.760
2026-08-31 14:58:50 [INFO] Detected language 'en' with probability 0.65
2026-08-31 14:58:51 [INFO] [STT] Faster-Whisper: transcribed='Jump up on YouTube.' | lang='en' (prob=0.65)
2026-08-31 14:58:51 [INFO] [LANGUAGE] Detected ENGLISH utterance: 'Jump up on YouTube.' (conf=0.90)
2026-08-31 14:58:51 [INFO] [STT] model=base language_mode=auto text='Jump up on YouTube.' avg_logprob=-0.549 no_speech_prob=0.035 compression_ratio=0.70
2026-08-31 14:58:51 [INFO] [LANGUAGE] primary=en languages=['vi', 'en'] mixed_language=True
2026-08-31 14:58:51 [INFO] [STT_RESOLVER] candidate_count=1 selected_candidate='Jump up on YouTube.' confidence=0.65 score=-0.402
2026-08-31 14:58:51 [INFO] [STT -> INTERPRETATION]
  [STT RAW]: 'Jump up on YouTube.'
  [NORMALIZED]: 'Jump up on YouTube.'
  [INTENT]: CONVERSATION (confidence=0.85, compound=False)
  [ENTITY]: YouTube (method=levenshtein, confidence=0.93)
2026-08-31 14:58:51 [INFO] 🎙️ [SMART TURN COMPLETED] Raw: 'Jump up on YouTube.' | Normalized: 'Jump up on YouTube.'
2026-08-31 14:58:51 [INFO] 💬 [CONVERSATION MODE] Processing user command: 'Jump up on YouTube.' (Raw STT: 'Jump up on YouTube.')
2026-08-31 14:58:51 [INFO] [LANGUAGE] Detected ENGLISH utterance: 'Jump up on YouTube.' (conf=0.90)
2026-08-31 14:58:51 [INFO] 🎙️ [STT] raw = 'Jump up on YouTube.'
2026-08-31 14:58:51 [INFO] 🌐 [LANGUAGE] detected = 'en' (confidence=0.90, response_rule='ALWAYS_ENGLISH')
2026-08-31 14:58:51 [INFO] ✨ [NORMALIZER] normalized = 'Jump up on YouTube.'
2026-08-31 14:58:51 [INFO] 🎯 [INTENT] type = CONVERSATION (confidence=0.85, compound=False)
2026-08-31 14:58:51 [INFO] 🏷️ [ENTITY] candidate = 'YouTube' (alias='YouTube', method=levenshtein, confidence=0.93)
2026-08-31 14:58:51 [INFO] [ROUTER] Routing natural-language task 'Jump up on YouTube.' to Hermes Agent
2026-08-31 14:58:51 [INFO] [ROUTER] Command: 'Jump up on YouTube.' -> Target: HERMES_AGENT (Action: agent_task)
2026-08-31 14:58:51 [INFO] 🧠 [HERMES] Starting task delegation to Hermes Agent loop for session: 4101a34f
2026-08-31 14:58:51 [INFO] [JARVIS] State changed -> agent_thinking
2026-08-31 14:58:51 [INFO] [HERMES] Step 1: Agent thinking & reasoning about instruction 'Jump up on YouTube.'...
2026-08-31 14:58:51 [INFO] [CHAT -> HERMES] Dispatching instruction: 'Jump up on YouTube.' (Intent: CONVERSATION)
2026-08-31 14:58:51 [INFO] [HERMES_CLIENT] Sending message to Hermes for session 4101a34f: 'Jump up on YouTube.'
2026-08-31 14:58:51 [INFO] [HERMES EVENT] 💭 Thinking: Analyzing request with Qwen reasoning...
2026-08-31 14:58:51 [INFO] [JARVIS] State changed -> agent_thinking
2026-08-31 14:58:55 [INFO] [HERMES_RUNTIME] Non-actionable utterance 'jump up on youtube.' -> Silent recovery
2026-08-31 14:58:55 [INFO] [HERMES_RUNTIME] Generated plan for 'Jump up on YouTube.': []
2026-08-31 14:58:55 [INFO] [HERMES EVENT] 🔍 Verifying results: Verifying execution results...
2026-08-31 14:58:55 [INFO] [JARVIS] State changed -> agent_verifying
2026-08-31 14:58:55 [INFO] [HERMES EVENT] 🎯 Completed! Response: ''
2026-08-31 14:58:55 [INFO] [HERMES_CLIENT] Received Hermes response: ''
2026-08-31 14:58:55 [INFO] [HERMES -> CHAT] Final response synthesized: '' (success=True)
2026-08-31 14:58:55 [INFO] [HERMES] Response is silent (no speech synthesis needed).
2026-08-31 14:58:55 [INFO] [JARVIS] State changed -> listening
2026-08-31 14:58:55 [INFO] [CHAT] Returned to listening state. Ready for next voice command.
2026-08-31 14:59:01 [INFO] [VAD] Speech started.
2026-08-31 14:59:01 [INFO] 🎙️ [VAD] User started speaking turn...
2026-08-31 14:59:03 [INFO] [VAD] Speech ended (utterance bytes=74240).
2026-08-31 14:59:03 [INFO] [AUDIO] duration=2.32s rms=0.09000 peak=0.6766 silence_ratio=0.68 is_valid=True
2026-08-31 14:59:03 [INFO] Processing audio with duration 00:02.320
2026-08-31 14:59:04 [INFO] Detected language 'en' with probability 0.55
2026-08-31 14:59:05 [INFO] [STT] Faster-Whisper: transcribed='Jarvis, go to sleep' | lang='en' (prob=0.55)
2026-08-31 14:59:05 [INFO] [LANGUAGE] Detected ENGLISH utterance: 'Jarvis, go to sleep' (conf=0.90)
2026-08-31 14:59:05 [INFO] [STT] model=base language_mode=auto text='Jarvis, go to sleep' avg_logprob=-0.306 no_speech_prob=0.025 compression_ratio=0.71
2026-08-31 14:59:05 [INFO] [LANGUAGE] primary=en languages=['en'] mixed_language=False
2026-08-31 14:59:05 [INFO] [STT_RESOLVER] candidate_count=1 selected_candidate='Jarvis, go to sleep' confidence=0.55 score=-0.078
2026-08-31 14:59:05 [INFO] [VOICE_MEMORY] Exact match in learned memory: 'jarvis, go to sleep' -> 'go to sleep'
2026-08-31 14:59:05 [INFO] [STT -> INTERPRETATION]
  [STT RAW]: 'Jarvis, go to sleep'
  [NORMALIZED]: 'go to sleep'
  [INTENT]: SLEEP_DISMISS (confidence=0.99, compound=False)
  [ENTITY]: None (method=None, confidence=0.00)
2026-08-31 14:59:05 [INFO] 🎙️ [SMART TURN COMPLETED] Raw: 'Jarvis, go to sleep' | Normalized: 'go to sleep'
2026-08-31 14:59:05 [INFO] 💬 [CONVERSATION MODE] Processing user command: 'go to sleep' (Raw STT: 'Jarvis, go to sleep')
2026-08-31 14:59:05 [INFO] [LANGUAGE] Detected ENGLISH utterance: 'Jarvis, go to sleep' (conf=0.90)
2026-08-31 14:59:05 [INFO] 🎙️ [STT] raw = 'Jarvis, go to sleep'
2026-08-31 14:59:05 [INFO] 🌐 [LANGUAGE] detected = 'en' (confidence=0.90, response_rule='ALWAYS_ENGLISH')
2026-08-31 14:59:05 [INFO] ✨ [NORMALIZER] normalized = 'go to sleep'
2026-08-31 14:59:05 [INFO] 🎯 [INTENT] type = SLEEP_DISMISS (confidence=0.99, compound=False)
2026-08-31 14:59:05 [INFO] [ROUTER] Detected sleep/close command in 'Jarvis, go to sleep'
2026-08-31 14:59:05 [INFO] [ROUTER] Command: 'go to sleep' -> Target: SLEEP_DISMISS (Action: sleep)
2026-08-31 14:59:05 [INFO] 🛑 [CONVERSATION CLOSE] User requested sleep ('go to sleep') -> Closing session...
2026-08-31 14:59:05 [INFO] [JARVIS] Sleep/Close command detected -> Orb closing animation initiated.
2026-08-31 14:59:05 [INFO] [AUDIO] Ownership transfer: CHAT -> TRIGGER
2026-08-31 14:59:05 [INFO] [HERMES_RUNTIME] Session closed: 4101a34f
2026-08-31 14:59:05 [INFO] Playing phrase from cache: C:\Users\ADMIN\Downloads\jarvis-main\jarvis-main\.cache\jarvis_welcome\133ac38c254194538895ff7e.wav
2026-08-31 14:59:06 [INFO] [JARVIS] Session ended -> UI hidden. Background wake detector ready.
2026-08-31 14:59:10 [INFO] 🌟 [INTENT: CONVERSATION] Dedicated phrase detected ('jarvis i need your help') -> Materializing Jarvis Orb...
2026-08-31 14:59:10 [INFO] [JARVIS] Wake detected -> Conversation session acquired. ID: a818af91
2026-08-31 14:59:10 [INFO] [JARVIS] Conversation session acquired. ID: a818af91
2026-08-31 14:59:10 [INFO] [AUDIO] Ownership transfer: TRIGGER -> CHAT
2026-08-31 14:59:10 [INFO] [HERMES_RUNTIME] Session started: a818af91
2026-08-31 14:59:10 [INFO] Playing phrase from cache: C:\Users\ADMIN\Downloads\jarvis-main\jarvis-main\.cache\jarvis_welcome\d0ecfd35be7f28a737660d7a.wav
2026-08-31 14:59:10 [INFO] [JARVIS] State changed -> speaking
2026-08-31 14:59:13 [INFO] [JARVIS] State changed -> listening
2026-08-31 14:59:14 [INFO] [VAD] Speech started.
2026-08-31 14:59:14 [INFO] 🎙️ [VAD] User started speaking turn...
2026-08-31 14:59:15 [INFO] [VAD] Speech ended (utterance bytes=58880).
2026-08-31 14:59:15 [INFO] [AUDIO] duration=1.84s rms=0.09000 peak=0.6226 silence_ratio=0.67 is_valid=True
2026-08-31 14:59:15 [INFO] Processing audio with duration 00:01.840
2026-08-31 14:59:16 [INFO] Detected language 'en' with probability 0.35
2026-08-31 14:59:17 [INFO] [STT] Language 'en' (prob=0.35) uncertain/empty -> Re-transcribing with bilingual fallback...
2026-08-31 14:59:17 [INFO] Processing audio with duration 00:01.840
2026-08-31 14:59:18 [INFO] [STT] Faster-Whisper: transcribed='Open YouTube.' | lang='en' (prob=1.00)
2026-08-31 14:59:18 [INFO] [LANGUAGE] Detected ENGLISH utterance: 'Open YouTube.' (conf=0.90)
2026-08-31 14:59:18 [INFO] [STT] model=base language_mode=auto text='Open YouTube.' avg_logprob=-0.188 no_speech_prob=0.028 compression_ratio=0.62
2026-08-31 14:59:18 [INFO] [LANGUAGE] primary=en languages=['vi', 'en'] mixed_language=True
2026-08-31 14:59:18 [INFO] [STT_RESOLVER] candidate_count=1 selected_candidate='Open YouTube.' confidence=1.00 score=0.202
2026-08-31 14:59:18 [INFO] [STT -> INTERPRETATION]
  [STT RAW]: 'Open YouTube.'
  [NORMALIZED]: 'Open YouTube.'
  [INTENT]: OPEN_APPLICATION (confidence=0.98, compound=False)
  [ENTITY]: YouTube (method=levenshtein, confidence=0.93)
2026-08-31 14:59:18 [INFO] 🎙️ [SMART TURN COMPLETED] Raw: 'Open YouTube.' | Normalized: 'Open YouTube.'
2026-08-31 14:59:18 [INFO] 💬 [CONVERSATION MODE] Processing user command: 'Open YouTube.' (Raw STT: 'Open YouTube.')
2026-08-31 14:59:18 [INFO] [LANGUAGE] Detected ENGLISH utterance: 'Open YouTube.' (conf=0.90)
2026-08-31 14:59:18 [INFO] 🎙️ [STT] raw = 'Open YouTube.'
2026-08-31 14:59:18 [INFO] 🌐 [LANGUAGE] detected = 'en' (confidence=0.90, response_rule='ALWAYS_ENGLISH')
2026-08-31 14:59:18 [INFO] ✨ [NORMALIZER] normalized = 'Open YouTube.'
2026-08-31 14:59:18 [INFO] 🎯 [INTENT] type = OPEN_APPLICATION (confidence=0.98, compound=False)
2026-08-31 14:59:18 [INFO] 🏷️ [ENTITY] candidate = 'YouTube' (alias='YouTube', method=levenshtein, confidence=0.93)
2026-08-31 14:59:18 [INFO] [ROUTER] Fast-path routing to 'open_app:youtube' for 'Open YouTube.'
2026-08-31 14:59:18 [INFO] [ROUTER] Command: 'Open YouTube.' -> Target: DETERMINISTIC_ACTION (Action: open_app:youtube)
2026-08-31 14:59:18 [INFO] [JARVIS] State changed -> processing
2026-08-31 14:59:18 [INFO] [ACTION] Fast-path executing deterministic action: open_app:youtube
2026-08-31 14:59:18 [INFO] [TOOL] open_application('YouTube')
2026-08-31 14:59:18 [INFO] [TOOL_REGISTRY] Executing 'open_application' with params: {'app_name': 'YouTube'}
2026-08-31 14:59:18 [INFO] [COMPUTER_USE] Opening web service 'YouTube' -> https://www.youtube.com
2026-08-31 14:59:18 [INFO] [BROWSER] Opened https://www.youtube.com with Isolated CDP on port 9222
2026-08-31 14:59:18 [INFO] [RESULT] success
2026-08-31 14:59:18 [INFO] Playing phrase from cache: C:\Users\ADMIN\Downloads\jarvis-main\jarvis-main\.cache\jarvis_welcome\df453efcd9c6d4e03836a8a9.wav
2026-08-31 14:59:18 [INFO] [JARVIS] State changed -> speaking
2026-08-31 14:59:20 [INFO] [JARVIS] State changed -> listening
2026-08-31 14:59:20 [INFO] [JARVIS] State changed -> listening
2026-08-31 14:59:20 [INFO] [CHAT] Returned to listening state. Ready for next voice command.
2026-08-31 14:59:24 [INFO] [VAD] Speech started.
2026-08-31 14:59:24 [INFO] 🎙️ [VAD] User started speaking turn...
2026-08-31 14:59:26 [INFO] [VAD] Speech ended (utterance bytes=79360).
2026-08-31 14:59:26 [INFO] [AUDIO] duration=2.48s rms=0.09000 peak=0.5307 silence_ratio=0.60 is_valid=True
2026-08-31 14:59:26 [INFO] Processing audio with duration 00:02.480
2026-08-31 14:59:27 [INFO] Detected language 'en' with probability 0.26
2026-08-31 14:59:28 [INFO] [STT] Language 'en' (prob=0.26) uncertain/empty -> Re-transcribing with bilingual fallback...
2026-08-31 14:59:28 [INFO] Processing audio with duration 00:02.480
2026-08-31 14:59:29 [INFO] [STT] Faster-Whisper: transcribed='Play the first video.' | lang='en' (prob=1.00)
2026-08-31 14:59:29 [INFO] [LANGUAGE] Detected ENGLISH utterance: 'Play the first video.' (conf=0.90)
2026-08-31 14:59:29 [INFO] [STT] model=base language_mode=auto text='Play the first video.' avg_logprob=-0.294 no_speech_prob=0.065 compression_ratio=0.72
2026-08-31 14:59:29 [INFO] [LANGUAGE] primary=en languages=['en'] mixed_language=False
2026-08-31 14:59:29 [INFO] [STT_RESOLVER] candidate_count=1 selected_candidate='Play the first video.' confidence=1.00 score=-0.151
2026-08-31 14:59:29 [INFO] [STT -> INTERPRETATION]
  [STT RAW]: 'Play the first video.'
  [NORMALIZED]: 'Play the first video.'
  [INTENT]: CONVERSATION (confidence=0.85, compound=False)
  [ENTITY]: None (method=None, confidence=0.00)
2026-08-31 14:59:29 [INFO] 🎙️ [SMART TURN COMPLETED] Raw: 'Play the first video.' | Normalized: 'Play the first video.'
2026-08-31 14:59:29 [INFO] 💬 [CONVERSATION MODE] Processing user command: 'Play the first video.' (Raw STT: 'Play the first video.')
2026-08-31 14:59:29 [INFO] [LANGUAGE] Detected ENGLISH utterance: 'Play the first video.' (conf=0.90)
2026-08-31 14:59:29 [INFO] 🎙️ [STT] raw = 'Play the first video.'
2026-08-31 14:59:29 [INFO] 🌐 [LANGUAGE] detected = 'en' (confidence=0.90, response_rule='ALWAYS_ENGLISH')
2026-08-31 14:59:29 [INFO] ✨ [NORMALIZER] normalized = 'Play the first video.'
2026-08-31 14:59:29 [INFO] 🎯 [INTENT] type = CONVERSATION (confidence=0.85, compound=False)
2026-08-31 14:59:29 [INFO] [ROUTER] Routing natural-language task 'Play the first video.' to Hermes Agent
2026-08-31 14:59:29 [INFO] [ROUTER] Command: 'Play the first video.' -> Target: HERMES_AGENT (Action: agent_task)
2026-08-31 14:59:29 [INFO] 🧠 [HERMES] Starting task delegation to Hermes Agent loop for session: a818af91
2026-08-31 14:59:29 [INFO] [JARVIS] State changed -> agent_thinking
2026-08-31 14:59:29 [INFO] [HERMES] Step 1: Agent thinking & reasoning about instruction 'Play the first video.'...
2026-08-31 14:59:29 [INFO] [CHAT -> HERMES] Dispatching instruction: 'Play the first video.' (Intent: CONVERSATION)
2026-08-31 14:59:29 [INFO] [HERMES_CLIENT] Sending message to Hermes for session a818af91: 'Play the first video.'
2026-08-31 14:59:29 [INFO] [HERMES EVENT] 💭 Thinking: Analyzing request with Qwen reasoning...
2026-08-31 14:59:29 [INFO] [JARVIS] State changed -> agent_thinking
2026-08-31 14:59:34 [INFO] [HERMES_RUNTIME] Generated plan for 'Play the first video.': ['select_youtube_video']
2026-08-31 14:59:34 [INFO] [HERMES EVENT] ⚙️ Executing tool: 'select_youtube_video' (params: {'index': 1})
2026-08-31 14:59:34 [INFO] [JARVIS] State changed -> agent_acting
2026-08-31 14:59:34 [INFO] [HERMES_RUNTIME] Executing tool: select_youtube_video ({'index': 1})
2026-08-31 14:59:34 [INFO] [TOOL_REGISTRY] Executing 'select_youtube_video' with params: {'index': 1}
2026-08-31 14:59:34 [INFO] [WINDOW] Foreground matches target app 'chrome' & task 'youtube': HWND=48564818
2026-08-31 14:59:34 [INFO] ========== [YOUTUBE DOM EXTRACTION DEBUG LOG] ==========
2026-08-31 14:59:34 [INFO] [DOM_DEBUG] Viewport dimensions: innerWidth=1920, innerHeight=945
2026-08-31 14:59:34 [INFO] [DOM_DEBUG] Total nodes queried: 62
2026-08-31 14:59:34 [INFO] [DOM_DEBUG] Accepted ordinal #1: center=(528.2, 290.6), href="/watch?v=6lG47VfZn9Q", title="Relaxing Medieval Fantasy Study Music – Deep Focus for Study | Mission of revenge"
2026-08-31 14:59:34 [INFO] [DOM_DEBUG] Accepted ordinal #2: center=(1072.5, 290.6), href="/watch?v=4fR-7EiaG74", title="TOP 30 NHẠC REMIX GÂY BÃO TIKTOK 2026: Vở Kịch Của Em, Điều Anh Biết, Sau Này Em Cưới Ai Rồi"
2026-08-31 14:59:34 [INFO] [DOM_DEBUG] Accepted ordinal #3: center=(1616.8, 290.6), href="/watch?v=oIhdyhSfpCs", title="I'm back i'm back ( again )"
2026-08-31 14:59:34 [INFO] [DOM_DEBUG] Accepted ordinal #4: center=(528.2, 719.8), href="/watch?v=WtQoscEFSu0", title="It's 1AM at a Tokyo 7-Eleven 🌧 Lofi for Sleepless Nights"
2026-08-31 14:59:34 [INFO] [DOM_DEBUG] Accepted ordinal #5: center=(1072.5, 719.8), href="/watch?v=fbCtipc2mZs", title="Danh sách kết hợp – John Michael Howell - A Thousand Years (Lyrics / AMV) (ft. JVKE, ZVC)"
2026-08-31 14:59:34 [INFO] [DOM_DEBUG] DOM Extraction finished: 5 visible videos identified.
2026-08-31 14:59:34 [INFO] =========================================================
2026-08-31 14:59:34 [INFO] [DOM_PERCEPTION] Extracted 5 visible YouTube video items directly from DOM.
2026-08-31 14:59:34 [INFO] [COORD MATH] Viewport (cx: 528.2, cy: 290.6) -> Screen (X: 0 + 528.2 = 528, Y: 0 + 290.6 + 80 = 371)
2026-08-31 14:59:34 [INFO] [COMPONENT_TARGET] ordinal=#1 title='Relaxing Medieval Fantasy Study Music – Deep Focus for Study | Mission of revenge' href='/watch?v=6lG47VfZn9Q' id=yt_video_1 is_ad=False
[COORDINATE] dom_viewport_space=(528.2, 290.6) -> window_client_space=(528.2, 370.6) -> screen_space=(528, 371)
[WINDOW] hwnd=48564818 chrome_h=80 origin=(0, 0)
[MOUSE] final_physical_point=(528, 371)
2026-08-31 14:59:34 [INFO] [MOUSE_TXN] id=DOM-YT-1-E358 action=CLICK target=(528, 371) count=1 button=left
2026-08-31 14:59:34 [INFO] [DOM-YT-1-E358] [MOUSE_MOVE] requested=(528, 371) before=(1643, 153) delta=(-1115, 218) distance=1136.1px
2026-08-31 14:59:34 [INFO] [DOM-YT-1-E358] [MOUSE_MOVE] actual=(528, 371) distance=0.0px verified=True
2026-08-31 14:59:34 [INFO] [MOUSE_TXN] id=DOM-YT-1-E358 [MOUSE FINAL CHECK] requested_target=(528, 371) actual_cursor=(528, 371) delta=(0, 0) distance=0.0px
2026-08-31 14:59:34 [INFO] [DOM-YT-1-E358] [MOUSE_CLICK] physical_position=(528, 371) button=left count=1 down=True up=True completed=True
2026-08-31 14:59:34 [INFO] [MOUSE_TXN] id=DOM-YT-1-E358 [MOUSE CLICK RESULT] position_at_click=(528, 371) down_result=True up_result=True click_completed=True
2026-08-31 14:59:34 [INFO] 
[CURSOR]
expected=(528, 371)
actual=(528, 371)
distance=0.0
verified=True
2026-08-31 14:59:34 [INFO] 
[CLICK]
dispatch=SUCCESS
count=1
2026-08-31 14:59:34 [INFO] 
[ACTION]
VIDEO_SELECTION_COMPLETED
2026-08-31 14:59:34 [INFO] [HERMES EVENT] ✅ Tool finished: 'select_youtube_video' (result: {'success': True, 'status': 'SUCCESS', 'ordinal': 1, 'target_id': 'yt_video_1', 'component_id': 'yt_video_1', 'title': 'Relaxing Medieval Fantasy Study Music – Deep Focus for Study | Mission of revenge', 'href': '/watch?v=6lG47VfZn9Q', 'is_ad': False, 'target': {'requested_index': 1, 'ordinal': 1, 'component_id': 'yt_video_1', 'bbox': [264, 136, 528.3, 309.2], 'screen_point': (528, 371), 'title': 'Relaxing Medieval Fantasy Study Music – Deep Focus for Study | Mission of revenge'}, 'viewport_point': (528.2, 290.6), 'click_point': (528, 371), 'cursor_before': (1643, 153), 'cursor_after': (528, 371), 'actual_position_before': (1643, 153), 'actual_position_at_click': (528, 371), 'coord_math': '[COORD MATH] Viewport (cx: 528.2, cy: 290.6) -> Screen (X: 0 + 528.2 = 528, Y: 0 + 290.6 + 80 = 371)', 'debug_log': ['Viewport dimensions: innerWidth=1920, innerHeight=945', 'Total nodes queried: 62', 'Accepted ordinal #1: center=(528.2, 290.6), href="/watch?v=6lG47VfZn9Q", title="Relaxing Medieval Fantasy Study Music – Deep Focus for Study | Mission of revenge"', 'Accepted ordinal #2: center=(1072.5, 290.6), href="/watch?v=4fR-7EiaG74", title="TOP 30 NHẠC REMIX GÂY BÃO TIKTOK 2026: Vở Kịch Của Em, Điều Anh Biết, Sau Này Em Cưới Ai Rồi"', 'Accepted ordinal #3: center=(1616.8, 290.6), href="/watch?v=oIhdyhSfpCs", title="I\'m back i\'m back ( again )"', 'Accepted ordinal #4: center=(528.2, 719.8), href="/watch?v=WtQoscEFSu0", title="It\'s 1AM at a Tokyo 7-Eleven 🌧 Lofi for Sleepless Nights"', 'Accepted ordinal #5: center=(1072.5, 719.8), href="/watch?v=fbCtipc2mZs", title="Danh sách kết hợp – John Michael Howell - A Thousand Years (Lyrics / AMV) (ft. JVKE, ZVC)"', 'DOM Extraction finished: 5 visible videos identified.'], 'move_verified': True, 'click_completed': True, 'mouse_action_success': True, 'target_interaction_verified': True, 'task_verified': True, 'window_recovered': False, 'message': "Clicked and selected YouTube video #1 ('Relaxing Medieval Fantasy Study Music – Deep Focus for Study | Mission of revenge') via DOM perception."})
2026-08-31 14:59:34 [INFO] [HERMES EVENT] 🔍 Verifying results: Verifying execution results...
2026-08-31 14:59:34 [INFO] [JARVIS] State changed -> agent_verifying
2026-08-31 14:59:34 [INFO] [HERMES EVENT] 🎯 Completed! Response: 'Playing video 1.'
2026-08-31 14:59:34 [INFO] [HERMES_CLIENT] Received Hermes response: 'Playing video 1.'
2026-08-31 14:59:34 [INFO] [HERMES -> CHAT] Final response synthesized: 'Playing video 1.' (success=True)
2026-08-31 14:59:34 [INFO] Playing phrase from cache: C:\Users\ADMIN\Downloads\jarvis-main\jarvis-main\.cache\jarvis_welcome\b8116be7ec171d15a95ca712.wav
2026-08-31 14:59:34 [INFO] [JARVIS] State changed -> speaking
2026-08-31 14:59:35 [INFO] [JARVIS] State changed -> listening
2026-08-31 14:59:35 [INFO] [JARVIS] State changed -> listening
2026-08-31 14:59:35 [INFO] [CHAT] Returned to listening state. Ready for next voice command.
2026-08-31 14:59:40 [INFO] [VAD] Speech started.
2026-08-31 14:59:40 [INFO] 🎙️ [VAD] User started speaking turn...
2026-08-31 14:59:42 [INFO] [VAD] Speech ended (utterance bytes=79360).
2026-08-31 14:59:42 [INFO] [AUDIO] duration=2.48s rms=0.09000 peak=0.6470 silence_ratio=0.57 is_valid=True
2026-08-31 14:59:42 [INFO] Processing audio with duration 00:02.480
2026-08-31 14:59:43 [INFO] Detected language 'ms' with probability 0.48
2026-08-31 14:59:44 [INFO] [STT] Language 'ms' (prob=0.48) uncertain/empty -> Re-transcribing with bilingual fallback...
2026-08-31 14:59:44 [INFO] Processing audio with duration 00:02.480
2026-08-31 14:59:45 [INFO] [STT] Faster-Whisper: transcribed='Play the second video.' | lang='en' (prob=1.00)
2026-08-31 14:59:45 [INFO] [LANGUAGE] Detected ENGLISH utterance: 'Play the second video.' (conf=0.90)
2026-08-31 14:59:45 [INFO] [STT] model=base language_mode=auto text='Play the second video.' avg_logprob=-0.144 no_speech_prob=0.022 compression_ratio=0.73
2026-08-31 14:59:45 [INFO] [LANGUAGE] primary=en languages=['en'] mixed_language=False
2026-08-31 14:59:45 [INFO] [STT_RESOLVER] candidate_count=1 selected_candidate='Play the second video.' confidence=1.00 score=0.141
2026-08-31 14:59:46 [INFO] [STT -> INTERPRETATION]
  [STT RAW]: 'Play the second video.'
  [NORMALIZED]: 'Play the second video.'
  [INTENT]: CONVERSATION (confidence=0.85, compound=False)
  [ENTITY]: None (method=None, confidence=0.00)
2026-08-31 14:59:46 [INFO] 🎙️ [SMART TURN COMPLETED] Raw: 'Play the second video.' | Normalized: 'Play the second video.'
2026-08-31 14:59:46 [INFO] 💬 [CONVERSATION MODE] Processing user command: 'Play the second video.' (Raw STT: 'Play the second video.')
2026-08-31 14:59:46 [INFO] [LANGUAGE] Detected ENGLISH utterance: 'Play the second video.' (conf=0.90)
2026-08-31 14:59:46 [INFO] 🎙️ [STT] raw = 'Play the second video.'
2026-08-31 14:59:46 [INFO] 🌐 [LANGUAGE] detected = 'en' (confidence=0.90, response_rule='ALWAYS_ENGLISH')
2026-08-31 14:59:46 [INFO] ✨ [NORMALIZER] normalized = 'Play the second video.'
2026-08-31 14:59:46 [INFO] 🎯 [INTENT] type = CONVERSATION (confidence=0.85, compound=False)
2026-08-31 14:59:46 [INFO] [ROUTER] Routing natural-language task 'Play the second video.' to Hermes Agent
2026-08-31 14:59:46 [INFO] [ROUTER] Command: 'Play the second video.' -> Target: HERMES_AGENT (Action: agent_task)
2026-08-31 14:59:46 [INFO] 🧠 [HERMES] Starting task delegation to Hermes Agent loop for session: a818af91
2026-08-31 14:59:46 [INFO] [JARVIS] State changed -> agent_thinking
2026-08-31 14:59:46 [INFO] [HERMES] Step 1: Agent thinking & reasoning about instruction 'Play the second video.'...
2026-08-31 14:59:46 [INFO] [CHAT -> HERMES] Dispatching instruction: 'Play the second video.' (Intent: CONVERSATION)
2026-08-31 14:59:46 [INFO] [HERMES_CLIENT] Sending message to Hermes for session a818af91: 'Play the second video.'
2026-08-31 14:59:46 [INFO] [HERMES EVENT] 💭 Thinking: Analyzing request with Qwen reasoning...
2026-08-31 14:59:46 [INFO] [JARVIS] State changed -> agent_thinking
2026-08-31 14:59:50 [INFO] [HERMES_RUNTIME] Generated plan for 'Play the second video.': ['select_youtube_video']
2026-08-31 14:59:50 [INFO] [HERMES EVENT] ⚙️ Executing tool: 'select_youtube_video' (params: {'index': 2})
2026-08-31 14:59:50 [INFO] [JARVIS] State changed -> agent_acting
2026-08-31 14:59:50 [INFO] [HERMES_RUNTIME] Executing tool: select_youtube_video ({'index': 2})
2026-08-31 14:59:50 [INFO] [TOOL_REGISTRY] Executing 'select_youtube_video' with params: {'index': 2}
2026-08-31 14:59:50 [INFO] [WINDOW] Foreground matches target app 'chrome' & task 'youtube': HWND=48564818
2026-08-31 14:59:50 [INFO] ========== [YOUTUBE DOM EXTRACTION DEBUG LOG] ==========
2026-08-31 14:59:50 [INFO] [DOM_DEBUG] Viewport dimensions: innerWidth=1920, innerHeight=945
2026-08-31 14:59:50 [INFO] [DOM_DEBUG] Total nodes queried: 82
2026-08-31 14:59:50 [INFO] [DOM_DEBUG] Accepted ordinal #1: center=(528.2, 290.6), href="/watch?v=6lG47VfZn9Q", title="Relaxing Medieval Fantasy Study Music – Deep Focus for Study | Mission of revenge"
2026-08-31 14:59:50 [INFO] [DOM_DEBUG] Accepted ordinal #2: center=(1072.5, 290.6), href="/watch?v=4fR-7EiaG74", title="TOP 30 NHẠC REMIX GÂY BÃO TIKTOK 2026: Vở Kịch Của Em, Điều Anh Biết, Sau Này Em Cưới Ai Rồi"
2026-08-31 14:59:50 [INFO] [DOM_DEBUG] Accepted ordinal #3: center=(1616.8, 290.6), href="/watch?v=oIhdyhSfpCs", title="I'm back i'm back ( again )"
2026-08-31 14:59:50 [INFO] [DOM_DEBUG] Accepted ordinal #4: center=(528.2, 719.8), href="/watch?v=WtQoscEFSu0", title="It's 1AM at a Tokyo 7-Eleven 🌧 Lofi for Sleepless Nights"
2026-08-31 14:59:50 [INFO] [DOM_DEBUG] Accepted ordinal #5: center=(1072.5, 719.8), href="/watch?v=fbCtipc2mZs", title="Danh sách kết hợp – John Michael Howell - A Thousand Years (Lyrics / AMV) (ft. JVKE, ZVC)"
2026-08-31 14:59:50 [INFO] [DOM_DEBUG] DOM Extraction finished: 5 visible videos identified.
2026-08-31 14:59:50 [INFO] =========================================================
2026-08-31 14:59:50 [INFO] [DOM_PERCEPTION] Extracted 5 visible YouTube video items directly from DOM.
2026-08-31 14:59:50 [INFO] [COORD MATH] Viewport (cx: 1072.5, cy: 290.6) -> Screen (X: 0 + 1072.5 = 1072, Y: 0 + 290.6 + 80 = 371)
2026-08-31 14:59:50 [INFO] [COMPONENT_TARGET] ordinal=#2 title='TOP 30 NHẠC REMIX GÂY BÃO TIKTOK 2026: Vở Kịch Của Em, Điều Anh Biết, Sau Này Em Cưới Ai Rồi' href='/watch?v=4fR-7EiaG74' id=yt_video_2 is_ad=False
[COORDINATE] dom_viewport_space=(1072.5, 290.6) -> window_client_space=(1072.5, 370.6) -> screen_space=(1072, 371)
[WINDOW] hwnd=48564818 chrome_h=80 origin=(0, 0)
[MOUSE] final_physical_point=(1072, 371)
2026-08-31 14:59:50 [INFO] [MOUSE_TXN] id=DOM-YT-2-754A action=CLICK target=(1072, 371) count=1 button=left
2026-08-31 14:59:50 [INFO] [DOM-YT-2-754A] [MOUSE_MOVE] requested=(1072, 371) before=(29, 59) delta=(1043, 312) distance=1088.7px
2026-08-31 14:59:50 [INFO] [DOM-YT-2-754A] [MOUSE_MOVE] actual=(1072, 371) distance=0.0px verified=True
2026-08-31 14:59:50 [INFO] [MOUSE_TXN] id=DOM-YT-2-754A [MOUSE FINAL CHECK] requested_target=(1072, 371) actual_cursor=(1072, 371) delta=(0, 0) distance=0.0px
2026-08-31 14:59:50 [INFO] [DOM-YT-2-754A] [MOUSE_CLICK] physical_position=(1072, 371) button=left count=1 down=True up=True completed=True
2026-08-31 14:59:50 [INFO] [MOUSE_TXN] id=DOM-YT-2-754A [MOUSE CLICK RESULT] position_at_click=(1072, 371) down_result=True up_result=True click_completed=True
2026-08-31 14:59:50 [INFO] 
[CURSOR]
expected=(1072, 371)
actual=(1072, 371)
distance=0.0
verified=True
2026-08-31 14:59:50 [INFO] 
[CLICK]
dispatch=SUCCESS
count=1
2026-08-31 14:59:50 [INFO] 
[ACTION]
VIDEO_SELECTION_COMPLETED
2026-08-31 14:59:50 [INFO] [HERMES EVENT] ✅ Tool finished: 'select_youtube_video' (result: {'success': True, 'status': 'SUCCESS', 'ordinal': 2, 'target_id': 'yt_video_2', 'component_id': 'yt_video_2', 'title': 'TOP 30 NHẠC REMIX GÂY BÃO TIKTOK 2026: Vở Kịch Của Em, Điều Anh Biết, Sau Này Em Cưới Ai Rồi', 'href': '/watch?v=4fR-7EiaG74', 'is_ad': False, 'target': {'requested_index': 2, 'ordinal': 2, 'component_id': 'yt_video_2', 'bbox': [808.3, 136, 528.3, 309.2], 'screen_point': (1072, 371), 'title': 'TOP 30 NHẠC REMIX GÂY BÃO TIKTOK 2026: Vở Kịch Của Em, Điều Anh Biết, Sau Này Em Cưới Ai Rồi'}, 'viewport_point': (1072.5, 290.6), 'click_point': (1072, 371), 'cursor_before': (29, 59), 'cursor_after': (1072, 371), 'actual_position_before': (29, 59), 'actual_position_at_click': (1072, 371), 'coord_math': '[COORD MATH] Viewport (cx: 1072.5, cy: 290.6) -> Screen (X: 0 + 1072.5 = 1072, Y: 0 + 290.6 + 80 = 371)', 'debug_log': ['Viewport dimensions: innerWidth=1920, innerHeight=945', 'Total nodes queried: 82', 'Accepted ordinal #1: center=(528.2, 290.6), href="/watch?v=6lG47VfZn9Q", title="Relaxing Medieval Fantasy Study Music – Deep Focus for Study | Mission of revenge"', 'Accepted ordinal #2: center=(1072.5, 290.6), href="/watch?v=4fR-7EiaG74", title="TOP 30 NHẠC REMIX GÂY BÃO TIKTOK 2026: Vở Kịch Của Em, Điều Anh Biết, Sau Này Em Cưới Ai Rồi"', 'Accepted ordinal #3: center=(1616.8, 290.6), href="/watch?v=oIhdyhSfpCs", title="I\'m back i\'m back ( again )"', 'Accepted ordinal #4: center=(528.2, 719.8), href="/watch?v=WtQoscEFSu0", title="It\'s 1AM at a Tokyo 7-Eleven 🌧 Lofi for Sleepless Nights"', 'Accepted ordinal #5: center=(1072.5, 719.8), href="/watch?v=fbCtipc2mZs", title="Danh sách kết hợp – John Michael Howell - A Thousand Years (Lyrics / AMV) (ft. JVKE, ZVC)"', 'DOM Extraction finished: 5 visible videos identified.'], 'move_verified': True, 'click_completed': True, 'mouse_action_success': True, 'target_interaction_verified': True, 'task_verified': True, 'window_recovered': False, 'message': "Clicked and selected YouTube video #2 ('TOP 30 NHẠC REMIX GÂY BÃO TIKTOK 2026: Vở Kịch Của Em, Điều Anh Biết, Sau Này Em Cưới Ai Rồi') via DOM perception."})
2026-08-31 14:59:50 [INFO] [HERMES EVENT] 🔍 Verifying results: Verifying execution results...
2026-08-31 14:59:50 [INFO] [JARVIS] State changed -> agent_verifying
2026-08-31 14:59:50 [INFO] [HERMES EVENT] 🎯 Completed! Response: 'Playing video 2.'
2026-08-31 14:59:50 [INFO] [HERMES_CLIENT] Received Hermes response: 'Playing video 2.'
2026-08-31 14:59:50 [INFO] [HERMES -> CHAT] Final response synthesized: 'Playing video 2.' (success=True)
2026-08-31 14:59:50 [INFO] Playing phrase from cache: C:\Users\ADMIN\Downloads\jarvis-main\jarvis-main\.cache\jarvis_welcome\ef803ccc89d907373d7adec3.wav
2026-08-31 14:59:50 [INFO] [JARVIS] State changed -> speaking
2026-08-31 14:59:52 [INFO] [JARVIS] State changed -> listening
2026-08-31 14:59:52 [INFO] [JARVIS] State changed -> listening
2026-08-31 14:59:52 [INFO] [CHAT] Returned to listening state. Ready for next voice command.
2026-08-31 14:59:56 [INFO] [VAD] Speech started.
2026-08-31 14:59:56 [INFO] 🎙️ [VAD] User started speaking turn...
2026-08-31 14:59:58 [INFO] [VAD] Speech ended (utterance bytes=66560).
2026-08-31 14:59:58 [INFO] [AUDIO] duration=2.08s rms=0.09000 peak=0.5208 silence_ratio=0.63 is_valid=True
2026-08-31 14:59:58 [INFO] Processing audio with duration 00:02.080
2026-08-31 14:59:59 [INFO] Detected language 'en' with probability 0.43
2026-08-31 15:00:00 [INFO] [STT] Language 'en' (prob=0.43) uncertain/empty -> Re-transcribing with bilingual fallback...
2026-08-31 15:00:00 [INFO] Processing audio with duration 00:02.080
2026-08-31 15:00:01 [INFO] [STT] Faster-Whisper: transcribed='Play video tree.' | lang='en' (prob=1.00)
2026-08-31 15:00:01 [INFO] [LANGUAGE] Detected ENGLISH utterance: 'Play video tree.' (conf=0.90)
2026-08-31 15:00:01 [INFO] [STT] model=base language_mode=auto text='Play video tree.' avg_logprob=-0.521 no_speech_prob=0.079 compression_ratio=0.67
2026-08-31 15:00:01 [INFO] [LANGUAGE] primary=en languages=['en'] mixed_language=False
2026-08-31 15:00:01 [INFO] [STT_RESOLVER] candidate_count=1 selected_candidate='Play video tree.' confidence=1.00 score=-0.480
2026-08-31 15:00:01 [INFO] [STT -> INTERPRETATION]
  [STT RAW]: 'Play video tree.'
  [NORMALIZED]: 'Play video tree.'
  [INTENT]: CONVERSATION (confidence=0.85, compound=False)
  [ENTITY]: None (method=None, confidence=0.00)
2026-08-31 15:00:01 [INFO] 🎙️ [SMART TURN COMPLETED] Raw: 'Play video tree.' | Normalized: 'Play video tree.'
2026-08-31 15:00:01 [INFO] 💬 [CONVERSATION MODE] Processing user command: 'Play video tree.' (Raw STT: 'Play video tree.')
2026-08-31 15:00:01 [INFO] [LANGUAGE] Detected ENGLISH utterance: 'Play video tree.' (conf=0.90)
2026-08-31 15:00:01 [INFO] 🎙️ [STT] raw = 'Play video tree.'
2026-08-31 15:00:01 [INFO] 🌐 [LANGUAGE] detected = 'en' (confidence=0.90, response_rule='ALWAYS_ENGLISH')
2026-08-31 15:00:01 [INFO] ✨ [NORMALIZER] normalized = 'Play video tree.'
2026-08-31 15:00:01 [INFO] 🎯 [INTENT] type = CONVERSATION (confidence=0.85, compound=False)
2026-08-31 15:00:01 [INFO] [ROUTER] Routing natural-language task 'Play video tree.' to Hermes Agent
2026-08-31 15:00:01 [INFO] [ROUTER] Command: 'Play video tree.' -> Target: HERMES_AGENT (Action: agent_task)
2026-08-31 15:00:01 [INFO] 🧠 [HERMES] Starting task delegation to Hermes Agent loop for session: a818af91
2026-08-31 15:00:01 [INFO] [JARVIS] State changed -> agent_thinking
2026-08-31 15:00:01 [INFO] [HERMES] Step 1: Agent thinking & reasoning about instruction 'Play video tree.'...
2026-08-31 15:00:01 [INFO] [CHAT -> HERMES] Dispatching instruction: 'Play video tree.' (Intent: CONVERSATION)
2026-08-31 15:00:01 [INFO] [HERMES_CLIENT] Sending message to Hermes for session a818af91: 'Play video tree.'
2026-08-31 15:00:01 [INFO] [HERMES EVENT] 💭 Thinking: Analyzing request with Qwen reasoning...
2026-08-31 15:00:01 [INFO] [JARVIS] State changed -> agent_thinking
2026-08-31 15:00:01 [INFO] [HERMES_RUNTIME] Non-actionable utterance 'play video tree.' -> Silent recovery
2026-08-31 15:00:05 [INFO] [HERMES_RUNTIME] Non-actionable utterance 'play video tree.' -> Silent recovery
2026-08-31 15:00:05 [INFO] [HERMES_RUNTIME] Generated plan for 'Play video tree.': []
2026-08-31 15:00:05 [INFO] [HERMES EVENT] 🔍 Verifying results: Verifying execution results...
2026-08-31 15:00:05 [INFO] [JARVIS] State changed -> agent_verifying
2026-08-31 15:00:05 [INFO] [HERMES EVENT] 🎯 Completed! Response: ''
2026-08-31 15:00:05 [INFO] [HERMES_CLIENT] Received Hermes response: ''
2026-08-31 15:00:05 [INFO] [HERMES -> CHAT] Final response synthesized: '' (success=True)
2026-08-31 15:00:05 [INFO] [HERMES] Response is silent (no speech synthesis needed).
2026-08-31 15:00:05 [INFO] [JARVIS] State changed -> listening
2026-08-31 15:00:05 [INFO] [CHAT] Returned to listening state. Ready for next voice command.
2026-08-31 15:00:17 [INFO] [VAD] Speech started.
2026-08-31 15:00:17 [INFO] 🎙️ [VAD] User started speaking turn...
2026-08-31 15:00:19 [INFO] [VAD] Speech ended (utterance bytes=71680).
2026-08-31 15:00:19 [INFO] [AUDIO] duration=2.24s rms=0.09000 peak=0.6135 silence_ratio=0.62 is_valid=True
2026-08-31 15:00:19 [INFO] Processing audio with duration 00:02.240
2026-08-31 15:00:20 [INFO] Detected language 'en' with probability 0.46
2026-08-31 15:00:21 [INFO] [STT] Language 'en' (prob=0.46) uncertain/empty -> Re-transcribing with bilingual fallback...
2026-08-31 15:00:21 [INFO] Processing audio with duration 00:02.240
2026-08-31 15:00:22 [INFO] [STT] Faster-Whisper: transcribed='Play video tree.' | lang='en' (prob=1.00)
2026-08-31 15:00:22 [INFO] [LANGUAGE] Detected ENGLISH utterance: 'Play video tree.' (conf=0.90)
2026-08-31 15:00:22 [INFO] [STT] model=base language_mode=auto text='Play video tree.' avg_logprob=-0.795 no_speech_prob=0.143 compression_ratio=0.67
2026-08-31 15:00:22 [INFO] [LANGUAGE] primary=en languages=['en'] mixed_language=False
2026-08-31 15:00:22 [INFO] [STT_RESOLVER] candidate_count=1 selected_candidate='Play video tree.' confidence=1.00 score=-0.964
2026-08-31 15:00:22 [INFO] [STT -> INTERPRETATION]
  [STT RAW]: 'Play video tree.'
  [NORMALIZED]: 'Play video tree.'
  [INTENT]: CONVERSATION (confidence=0.85, compound=False)
  [ENTITY]: None (method=None, confidence=0.00)
2026-08-31 15:00:22 [INFO] 🎙️ [SMART TURN COMPLETED] Raw: 'Play video tree.' | Normalized: 'Play video tree.'
2026-08-31 15:00:22 [INFO] 💬 [CONVERSATION MODE] Processing user command: 'Play video tree.' (Raw STT: 'Play video tree.')
2026-08-31 15:00:22 [INFO] [LANGUAGE] Detected ENGLISH utterance: 'Play video tree.' (conf=0.90)
2026-08-31 15:00:22 [INFO] 🎙️ [STT] raw = 'Play video tree.'
2026-08-31 15:00:22 [INFO] 🌐 [LANGUAGE] detected = 'en' (confidence=0.90, response_rule='ALWAYS_ENGLISH')
2026-08-31 15:00:22 [INFO] ✨ [NORMALIZER] normalized = 'Play video tree.'
2026-08-31 15:00:22 [INFO] 🎯 [INTENT] type = CONVERSATION (confidence=0.85, compound=False)
2026-08-31 15:00:22 [INFO] [ROUTER] Routing natural-language task 'Play video tree.' to Hermes Agent
2026-08-31 15:00:22 [INFO] [ROUTER] Command: 'Play video tree.' -> Target: HERMES_AGENT (Action: agent_task)
2026-08-31 15:00:22 [INFO] 🧠 [HERMES] Starting task delegation to Hermes Agent loop for session: a818af91
2026-08-31 15:00:22 [INFO] [JARVIS] State changed -> agent_thinking
2026-08-31 15:00:22 [INFO] [HERMES] Step 1: Agent thinking & reasoning about instruction 'Play video tree.'...
2026-08-31 15:00:22 [INFO] [CHAT -> HERMES] Dispatching instruction: 'Play video tree.' (Intent: CONVERSATION)
2026-08-31 15:00:22 [INFO] [HERMES_CLIENT] Sending message to Hermes for session a818af91: 'Play video tree.'
2026-08-31 15:00:22 [INFO] [HERMES EVENT] 💭 Thinking: Analyzing request with Qwen reasoning...
2026-08-31 15:00:22 [INFO] [JARVIS] State changed -> agent_thinking
2026-08-31 15:00:22 [INFO] [HERMES_RUNTIME] Non-actionable utterance 'play video tree.' -> Silent recovery
2026-08-31 15:00:27 [INFO] [HERMES_RUNTIME] Non-actionable utterance 'play video tree.' -> Silent recovery
2026-08-31 15:00:27 [INFO] [HERMES_RUNTIME] Generated plan for 'Play video tree.': []
2026-08-31 15:00:27 [INFO] [HERMES EVENT] 🔍 Verifying results: Verifying execution results...
2026-08-31 15:00:27 [INFO] [JARVIS] State changed -> agent_verifying
2026-08-31 15:00:27 [INFO] [HERMES EVENT] 🎯 Completed! Response: ''
2026-08-31 15:00:27 [INFO] [HERMES_CLIENT] Received Hermes response: ''
2026-08-31 15:00:27 [INFO] [HERMES -> CHAT] Final response synthesized: '' (success=True)
2026-08-31 15:00:27 [INFO] [HERMES] Response is silent (no speech synthesis needed).
2026-08-31 15:00:27 [INFO] [JARVIS] State changed -> listening
2026-08-31 15:00:27 [INFO] [CHAT] Returned to listening state. Ready for next voice command.
2026-08-31 15:00:39 [INFO] [VAD] Speech started.
2026-08-31 15:00:40 [INFO] 🎙️ [VAD] User started speaking turn...
2026-08-31 15:00:42 [INFO] [VAD] Speech ended (utterance bytes=79360).
2026-08-31 15:00:42 [INFO] [AUDIO] duration=2.48s rms=0.09000 peak=0.6318 silence_ratio=0.60 is_valid=True
2026-08-31 15:00:42 [INFO] Processing audio with duration 00:02.480
2026-08-31 15:00:42 [INFO] Detected language 'en' with probability 0.33
2026-08-31 15:00:43 [INFO] [STT] Language 'en' (prob=0.33) uncertain/empty -> Re-transcribing with bilingual fallback...
2026-08-31 15:00:43 [INFO] Processing audio with duration 00:02.480
2026-08-31 15:00:45 [INFO] [STT] Faster-Whisper: transcribed='Play the third video.' | lang='en' (prob=1.00)
2026-08-31 15:00:45 [INFO] [LANGUAGE] Detected ENGLISH utterance: 'Play the third video.' (conf=0.90)
2026-08-31 15:00:45 [INFO] [STT] model=base language_mode=auto text='Play the third video.' avg_logprob=-0.570 no_speech_prob=0.048 compression_ratio=0.78
2026-08-31 15:00:45 [INFO] [LANGUAGE] primary=en languages=['en'] mixed_language=False
2026-08-31 15:00:45 [INFO] [STT_RESOLVER] candidate_count=1 selected_candidate='Play the third video.' confidence=1.00 score=-0.426
2026-08-31 15:00:45 [INFO] [STT -> INTERPRETATION]
  [STT RAW]: 'Play the third video.'
  [NORMALIZED]: 'Play the third video.'
  [INTENT]: CONVERSATION (confidence=0.85, compound=False)
  [ENTITY]: None (method=None, confidence=0.00)
2026-08-31 15:00:45 [INFO] 🎙️ [SMART TURN COMPLETED] Raw: 'Play the third video.' | Normalized: 'Play the third video.'
2026-08-31 15:00:45 [INFO] 💬 [CONVERSATION MODE] Processing user command: 'Play the third video.' (Raw STT: 'Play the third video.')
2026-08-31 15:00:45 [INFO] [LANGUAGE] Detected ENGLISH utterance: 'Play the third video.' (conf=0.90)
2026-08-31 15:00:45 [INFO] 🎙️ [STT] raw = 'Play the third video.'
2026-08-31 15:00:45 [INFO] 🌐 [LANGUAGE] detected = 'en' (confidence=0.90, response_rule='ALWAYS_ENGLISH')
2026-08-31 15:00:45 [INFO] ✨ [NORMALIZER] normalized = 'Play the third video.'
2026-08-31 15:00:45 [INFO] 🎯 [INTENT] type = CONVERSATION (confidence=0.85, compound=False)
2026-08-31 15:00:45 [INFO] [ROUTER] Routing natural-language task 'Play the third video.' to Hermes Agent
2026-08-31 15:00:45 [INFO] [ROUTER] Command: 'Play the third video.' -> Target: HERMES_AGENT (Action: agent_task)
2026-08-31 15:00:45 [INFO] 🧠 [HERMES] Starting task delegation to Hermes Agent loop for session: a818af91
2026-08-31 15:00:45 [INFO] [JARVIS] State changed -> agent_thinking
2026-08-31 15:00:45 [INFO] [HERMES] Step 1: Agent thinking & reasoning about instruction 'Play the third video.'...
2026-08-31 15:00:45 [INFO] [CHAT -> HERMES] Dispatching instruction: 'Play the third video.' (Intent: CONVERSATION)
2026-08-31 15:00:45 [INFO] [HERMES_CLIENT] Sending message to Hermes for session a818af91: 'Play the third video.'
2026-08-31 15:00:45 [INFO] [HERMES EVENT] 💭 Thinking: Analyzing request with Qwen reasoning...
2026-08-31 15:00:45 [INFO] [JARVIS] State changed -> agent_thinking
2026-08-31 15:00:49 [INFO] [HERMES_RUNTIME] Generated plan for 'Play the third video.': ['select_youtube_video']
2026-08-31 15:00:49 [INFO] [HERMES EVENT] ⚙️ Executing tool: 'select_youtube_video' (params: {'index': 3})
2026-08-31 15:00:49 [INFO] [JARVIS] State changed -> agent_acting
2026-08-31 15:00:49 [INFO] [HERMES_RUNTIME] Executing tool: select_youtube_video ({'index': 3})
2026-08-31 15:00:49 [INFO] [TOOL_REGISTRY] Executing 'select_youtube_video' with params: {'index': 3}
2026-08-31 15:00:49 [INFO] [WINDOW] Foreground matches target app 'chrome' & task 'youtube': HWND=48564818
2026-08-31 15:00:49 [INFO] ========== [YOUTUBE DOM EXTRACTION DEBUG LOG] ==========
2026-08-31 15:00:49 [INFO] [DOM_DEBUG] Viewport dimensions: innerWidth=1920, innerHeight=945
2026-08-31 15:00:49 [INFO] [DOM_DEBUG] Total nodes queried: 82
2026-08-31 15:00:49 [INFO] [DOM_DEBUG] Accepted ordinal #1: center=(528.2, 290.6), href="/watch?v=6lG47VfZn9Q", title="Relaxing Medieval Fantasy Study Music – Deep Focus for Study | Mission of revenge"
2026-08-31 15:00:49 [INFO] [DOM_DEBUG] Accepted ordinal #2: center=(1072.5, 290.6), href="/watch?v=4fR-7EiaG74", title="TOP 30 NHẠC REMIX GÂY BÃO TIKTOK 2026: Vở Kịch Của Em, Điều Anh Biết, Sau Này Em Cưới Ai Rồi"
2026-08-31 15:00:49 [INFO] [DOM_DEBUG] Accepted ordinal #3: center=(1616.8, 290.6), href="/watch?v=oIhdyhSfpCs", title="I'm back i'm back ( again )"
2026-08-31 15:00:49 [INFO] [DOM_DEBUG] Accepted ordinal #4: center=(528.2, 719.8), href="/watch?v=WtQoscEFSu0", title="It's 1AM at a Tokyo 7-Eleven 🌧 Lofi for Sleepless Nights"
2026-08-31 15:00:49 [INFO] [DOM_DEBUG] Accepted ordinal #5: center=(1072.5, 719.8), href="/watch?v=fbCtipc2mZs", title="Danh sách kết hợp – John Michael Howell - A Thousand Years (Lyrics / AMV) (ft. JVKE, ZVC)"
2026-08-31 15:00:49 [INFO] [DOM_DEBUG] DOM Extraction finished: 5 visible videos identified.
2026-08-31 15:00:49 [INFO] =========================================================
2026-08-31 15:00:49 [INFO] [DOM_PERCEPTION] Extracted 5 visible YouTube video items directly from DOM.
2026-08-31 15:00:49 [INFO] [COORD MATH] Viewport (cx: 1616.8, cy: 290.6) -> Screen (X: 0 + 1616.8 = 1617, Y: 0 + 290.6 + 80 = 371)
2026-08-31 15:00:49 [INFO] [COMPONENT_TARGET] ordinal=#3 title='I'm back i'm back ( again )' href='/watch?v=oIhdyhSfpCs' id=yt_video_3 is_ad=False
[COORDINATE] dom_viewport_space=(1616.8, 290.6) -> window_client_space=(1616.8, 370.6) -> screen_space=(1617, 371)
[WINDOW] hwnd=48564818 chrome_h=80 origin=(0, 0)
[MOUSE] final_physical_point=(1617, 371)
2026-08-31 15:00:49 [INFO] [MOUSE_TXN] id=DOM-YT-3-800D action=CLICK target=(1617, 371) count=1 button=left
2026-08-31 15:00:49 [INFO] [DOM-YT-3-800D] [MOUSE_MOVE] requested=(1617, 371) before=(0, 68) delta=(1617, 303) distance=1645.1px
2026-08-31 15:00:50 [INFO] [DOM-YT-3-800D] [MOUSE_MOVE] actual=(1617, 371) distance=0.0px verified=True
2026-08-31 15:00:50 [INFO] [MOUSE_TXN] id=DOM-YT-3-800D [MOUSE FINAL CHECK] requested_target=(1617, 371) actual_cursor=(1617, 371) delta=(0, 0) distance=0.0px
2026-08-31 15:00:50 [INFO] [DOM-YT-3-800D] [MOUSE_CLICK] physical_position=(1617, 371) button=left count=1 down=True up=True completed=True
2026-08-31 15:00:50 [INFO] [MOUSE_TXN] id=DOM-YT-3-800D [MOUSE CLICK RESULT] position_at_click=(1617, 371) down_result=True up_result=True click_completed=True
2026-08-31 15:00:50 [INFO] 
[CURSOR]
expected=(1617, 371)
actual=(1617, 371)
distance=0.0
verified=True
2026-08-31 15:00:50 [INFO] 
[CLICK]
dispatch=SUCCESS
count=1
2026-08-31 15:00:50 [INFO] 
[ACTION]
VIDEO_SELECTION_COMPLETED
2026-08-31 15:00:50 [INFO] [HERMES EVENT] ✅ Tool finished: 'select_youtube_video' (result: {'success': True, 'status': 'SUCCESS', 'ordinal': 3, 'target_id': 'yt_video_3', 'component_id': 'yt_video_3', 'title': "I'm back i'm back ( again )", 'href': '/watch?v=oIhdyhSfpCs', 'is_ad': False, 'target': {'requested_index': 3, 'ordinal': 3, 'component_id': 'yt_video_3', 'bbox': [1352.7, 136, 528.3, 309.2], 'screen_point': (1617, 371), 'title': "I'm back i'm back ( again )"}, 'viewport_point': (1616.8, 290.6), 'click_point': (1617, 371), 'cursor_before': (0, 68), 'cursor_after': (1617, 371), 'actual_position_before': (0, 68), 'actual_position_at_click': (1617, 371), 'coord_math': '[COORD MATH] Viewport (cx: 1616.8, cy: 290.6) -> Screen (X: 0 + 1616.8 = 1617, Y: 0 + 290.6 + 80 = 371)', 'debug_log': ['Viewport dimensions: innerWidth=1920, innerHeight=945', 'Total nodes queried: 82', 'Accepted ordinal #1: center=(528.2, 290.6), href="/watch?v=6lG47VfZn9Q", title="Relaxing Medieval Fantasy Study Music – Deep Focus for Study | Mission of revenge"', 'Accepted ordinal #2: center=(1072.5, 290.6), href="/watch?v=4fR-7EiaG74", title="TOP 30 NHẠC REMIX GÂY BÃO TIKTOK 2026: Vở Kịch Của Em, Điều Anh Biết, Sau Này Em Cưới Ai Rồi"', 'Accepted ordinal #3: center=(1616.8, 290.6), href="/watch?v=oIhdyhSfpCs", title="I\'m back i\'m back ( again )"', 'Accepted ordinal #4: center=(528.2, 719.8), href="/watch?v=WtQoscEFSu0", title="It\'s 1AM at a Tokyo 7-Eleven 🌧 Lofi for Sleepless Nights"', 'Accepted ordinal #5: center=(1072.5, 719.8), href="/watch?v=fbCtipc2mZs", title="Danh sách kết hợp – John Michael Howell - A Thousand Years (Lyrics / AMV) (ft. JVKE, ZVC)"', 'DOM Extraction finished: 5 visible videos identified.'], 'move_verified': True, 'click_completed': True, 'mouse_action_success': True, 'target_interaction_verified': True, 'task_verified': True, 'window_recovered': False, 'message': "Clicked and selected YouTube video #3 ('I'm back i'm back ( again )') via DOM perception."})
2026-08-31 15:00:50 [INFO] [HERMES EVENT] 🔍 Verifying results: Verifying execution results...
2026-08-31 15:00:50 [INFO] [JARVIS] State changed -> agent_verifying
2026-08-31 15:00:50 [INFO] [HERMES EVENT] 🎯 Completed! Response: 'Playing video 3.'
2026-08-31 15:00:50 [INFO] [HERMES_CLIENT] Received Hermes response: 'Playing video 3.'
2026-08-31 15:00:50 [INFO] [HERMES -> CHAT] Final response synthesized: 'Playing video 3.' (success=True)
2026-08-31 15:00:50 [INFO] Playing phrase from cache: C:\Users\ADMIN\Downloads\jarvis-main\jarvis-main\.cache\jarvis_welcome\5c3f93556a064b0fcc6f6c34.wav
2026-08-31 15:00:50 [INFO] [JARVIS] State changed -> speaking
2026-08-31 15:00:51 [INFO] [JARVIS] State changed -> listening
2026-08-31 15:00:51 [INFO] [JARVIS] State changed -> listening
2026-08-31 15:00:51 [INFO] [CHAT] Returned to listening state. Ready for next voice command.
2026-08-31 15:00:57 [INFO] [VAD] Speech started.
2026-08-31 15:00:57 [INFO] 🎙️ [VAD] User started speaking turn...
2026-08-31 15:00:58 [INFO] [VAD] Speech ended (utterance bytes=69120).
2026-08-31 15:00:58 [INFO] [AUDIO] duration=2.16s rms=0.09000 peak=0.4766 silence_ratio=0.60 is_valid=True
2026-08-31 15:00:58 [INFO] Processing audio with duration 00:02.160
2026-08-31 15:00:59 [INFO] Detected language 'en' with probability 0.24
2026-08-31 15:01:00 [INFO] [STT] Language 'en' (prob=0.24) uncertain/empty -> Re-transcribing with bilingual fallback...
2026-08-31 15:01:00 [INFO] Processing audio with duration 00:02.160
2026-08-31 15:01:01 [INFO] [STT] Faster-Whisper: transcribed='Play video for...' | lang='en' (prob=1.00)
2026-08-31 15:01:01 [INFO] [LANGUAGE] Detected ENGLISH utterance: 'Play video for...' (conf=0.90)
2026-08-31 15:01:01 [INFO] [STT] model=base language_mode=auto text='Play video for...' avg_logprob=-0.510 no_speech_prob=0.093 compression_ratio=0.68
2026-08-31 15:01:01 [INFO] [LANGUAGE] primary=en languages=['en'] mixed_language=False
2026-08-31 15:01:01 [INFO] [STT_RESOLVER] candidate_count=1 selected_candidate='Play video for...' confidence=1.00 score=-0.494
2026-08-31 15:01:02 [INFO] [STT -> INTERPRETATION]
  [STT RAW]: 'Play video for...'
  [NORMALIZED]: 'Play select video 4...'
  [INTENT]: CONVERSATION (confidence=0.85, compound=False)
  [ENTITY]: None (method=None, confidence=0.00)
2026-08-31 15:01:02 [INFO] 🎙️ [SMART TURN COMPLETED] Raw: 'Play video for...' | Normalized: 'Play select video 4...'
2026-08-31 15:01:02 [INFO] 💬 [CONVERSATION MODE] Processing user command: 'Play select video 4...' (Raw STT: 'Play video for...')
2026-08-31 15:01:02 [INFO] [LANGUAGE] Detected ENGLISH utterance: 'Play video for...' (conf=0.90)
2026-08-31 15:01:02 [INFO] 🎙️ [STT] raw = 'Play video for...'
2026-08-31 15:01:02 [INFO] 🌐 [LANGUAGE] detected = 'en' (confidence=0.90, response_rule='ALWAYS_ENGLISH')
2026-08-31 15:01:02 [INFO] ✨ [NORMALIZER] normalized = 'Play select video 4...'
2026-08-31 15:01:02 [INFO] 🎯 [INTENT] type = CONVERSATION (confidence=0.85, compound=False)
2026-08-31 15:01:02 [INFO] [ROUTER] Routing natural-language task 'Play video for...' to Hermes Agent
2026-08-31 15:01:02 [INFO] [ROUTER] Command: 'Play select video 4...' -> Target: HERMES_AGENT (Action: agent_task)
2026-08-31 15:01:02 [INFO] 🧠 [HERMES] Starting task delegation to Hermes Agent loop for session: a818af91
2026-08-31 15:01:02 [INFO] [JARVIS] State changed -> agent_thinking
2026-08-31 15:01:02 [INFO] [HERMES] Step 1: Agent thinking & reasoning about instruction 'Play select video 4...'...
2026-08-31 15:01:02 [INFO] [CHAT -> HERMES] Dispatching instruction: 'Play select video 4...' (Intent: CONVERSATION)
2026-08-31 15:01:02 [INFO] [HERMES_CLIENT] Sending message to Hermes for session a818af91: 'Play select video 4...'
2026-08-31 15:01:02 [INFO] [HERMES EVENT] 💭 Thinking: Analyzing request with Qwen reasoning...
2026-08-31 15:01:02 [INFO] [JARVIS] State changed -> agent_thinking
2026-08-31 15:01:02 [INFO] [HERMES_RUNTIME] Fast-path deterministic routing for 'Play select video 4...': ['select_youtube_video']
2026-08-31 15:01:02 [INFO] [HERMES_RUNTIME] Generated plan for 'Play select video 4...': ['select_youtube_video']
2026-08-31 15:01:02 [INFO] [HERMES EVENT] ⚙️ Executing tool: 'select_youtube_video' (params: {'index': 4})
2026-08-31 15:01:02 [INFO] [JARVIS] State changed -> agent_acting
2026-08-31 15:01:02 [INFO] [HERMES_RUNTIME] Executing tool: select_youtube_video ({'index': 4})
2026-08-31 15:01:02 [INFO] [TOOL_REGISTRY] Executing 'select_youtube_video' with params: {'index': 4}
2026-08-31 15:01:02 [INFO] [WINDOW] Foreground matches target app 'chrome' & task 'youtube': HWND=48564818
2026-08-31 15:01:02 [INFO] ========== [YOUTUBE DOM EXTRACTION DEBUG LOG] ==========
2026-08-31 15:01:02 [INFO] [DOM_DEBUG] Viewport dimensions: innerWidth=1920, innerHeight=945
2026-08-31 15:01:02 [INFO] [DOM_DEBUG] Total nodes queried: 82
2026-08-31 15:01:02 [INFO] [DOM_DEBUG] Accepted ordinal #1: center=(528.2, 290.6), href="/watch?v=6lG47VfZn9Q", title="Relaxing Medieval Fantasy Study Music – Deep Focus for Study | Mission of revenge"
2026-08-31 15:01:02 [INFO] [DOM_DEBUG] Accepted ordinal #2: center=(1072.5, 290.6), href="/watch?v=4fR-7EiaG74", title="TOP 30 NHẠC REMIX GÂY BÃO TIKTOK 2026: Vở Kịch Của Em, Điều Anh Biết, Sau Này Em Cưới Ai Rồi"
2026-08-31 15:01:02 [INFO] [DOM_DEBUG] Accepted ordinal #3: center=(1616.8, 290.6), href="/watch?v=oIhdyhSfpCs", title="I'm back i'm back ( again )"
2026-08-31 15:01:02 [INFO] [DOM_DEBUG] Accepted ordinal #4: center=(528.2, 719.8), href="/watch?v=WtQoscEFSu0", title="It's 1AM at a Tokyo 7-Eleven 🌧 Lofi for Sleepless Nights"
2026-08-31 15:01:02 [INFO] [DOM_DEBUG] Accepted ordinal #5: center=(1072.5, 719.8), href="/watch?v=fbCtipc2mZs", title="Danh sách kết hợp – John Michael Howell - A Thousand Years (Lyrics / AMV) (ft. JVKE, ZVC)"
2026-08-31 15:01:02 [INFO] [DOM_DEBUG] DOM Extraction finished: 5 visible videos identified.
2026-08-31 15:01:02 [INFO] =========================================================
2026-08-31 15:01:02 [INFO] [DOM_PERCEPTION] Extracted 5 visible YouTube video items directly from DOM.
2026-08-31 15:01:02 [INFO] [COORD MATH] Viewport (cx: 528.2, cy: 719.8) -> Screen (X: 0 + 528.2 = 528, Y: 0 + 719.8 + 80 = 800)
2026-08-31 15:01:02 [INFO] [COMPONENT_TARGET] ordinal=#4 title='It's 1AM at a Tokyo 7-Eleven 🌧 Lofi for Sleepless Nights' href='/watch?v=WtQoscEFSu0' id=yt_video_4 is_ad=False
[COORDINATE] dom_viewport_space=(528.2, 719.8) -> window_client_space=(528.2, 799.8) -> screen_space=(528, 800)
[WINDOW] hwnd=48564818 chrome_h=80 origin=(0, 0)
[MOUSE] final_physical_point=(528, 800)
2026-08-31 15:01:02 [INFO] [MOUSE_TXN] id=DOM-YT-4-C428 action=CLICK target=(528, 800) count=1 button=left
2026-08-31 15:01:02 [INFO] [DOM-YT-4-C428] [MOUSE_MOVE] requested=(528, 800) before=(19, 76) delta=(509, 724) distance=885.0px
2026-08-31 15:01:02 [INFO] [DOM-YT-4-C428] [MOUSE_MOVE] actual=(528, 800) distance=0.0px verified=True
2026-08-31 15:01:02 [INFO] [MOUSE_TXN] id=DOM-YT-4-C428 [MOUSE FINAL CHECK] requested_target=(528, 800) actual_cursor=(528, 800) delta=(0, 0) distance=0.0px
2026-08-31 15:01:02 [INFO] [DOM-YT-4-C428] [MOUSE_CLICK] physical_position=(528, 800) button=left count=1 down=True up=True completed=True
2026-08-31 15:01:02 [INFO] [MOUSE_TXN] id=DOM-YT-4-C428 [MOUSE CLICK RESULT] position_at_click=(528, 800) down_result=True up_result=True click_completed=True
2026-08-31 15:01:02 [INFO] 
[CURSOR]
expected=(528, 800)
actual=(528, 800)
distance=0.0
verified=True
2026-08-31 15:01:02 [INFO] 
[CLICK]
dispatch=SUCCESS
count=1
2026-08-31 15:01:02 [INFO] 
[ACTION]
VIDEO_SELECTION_COMPLETED
2026-08-31 15:01:02 [INFO] [HERMES EVENT] ✅ Tool finished: 'select_youtube_video' (result: {'success': True, 'status': 'SUCCESS', 'ordinal': 4, 'target_id': 'yt_video_4', 'component_id': 'yt_video_4', 'title': "It's 1AM at a Tokyo 7-Eleven 🌧 Lofi for Sleepless Nights", 'href': '/watch?v=WtQoscEFSu0', 'is_ad': False, 'target': {'requested_index': 4, 'ordinal': 4, 'component_id': 'yt_video_4', 'bbox': [264, 565.2, 528.3, 309.2], 'screen_point': (528, 800), 'title': "It's 1AM at a Tokyo 7-Eleven 🌧 Lofi for Sleepless Nights"}, 'viewport_point': (528.2, 719.8), 'click_point': (528, 800), 'cursor_before': (19, 76), 'cursor_after': (528, 800), 'actual_position_before': (19, 76), 'actual_position_at_click': (528, 800), 'coord_math': '[COORD MATH] Viewport (cx: 528.2, cy: 719.8) -> Screen (X: 0 + 528.2 = 528, Y: 0 + 719.8 + 80 = 800)', 'debug_log': ['Viewport dimensions: innerWidth=1920, innerHeight=945', 'Total nodes queried: 82', 'Accepted ordinal #1: center=(528.2, 290.6), href="/watch?v=6lG47VfZn9Q", title="Relaxing Medieval Fantasy Study Music – Deep Focus for Study | Mission of revenge"', 'Accepted ordinal #2: center=(1072.5, 290.6), href="/watch?v=4fR-7EiaG74", title="TOP 30 NHẠC REMIX GÂY BÃO TIKTOK 2026: Vở Kịch Của Em, Điều Anh Biết, Sau Này Em Cưới Ai Rồi"', 'Accepted ordinal #3: center=(1616.8, 290.6), href="/watch?v=oIhdyhSfpCs", title="I\'m back i\'m back ( again )"', 'Accepted ordinal #4: center=(528.2, 719.8), href="/watch?v=WtQoscEFSu0", title="It\'s 1AM at a Tokyo 7-Eleven 🌧 Lofi for Sleepless Nights"', 'Accepted ordinal #5: center=(1072.5, 719.8), href="/watch?v=fbCtipc2mZs", title="Danh sách kết hợp – John Michael Howell - A Thousand Years (Lyrics / AMV) (ft. JVKE, ZVC)"', 'DOM Extraction finished: 5 visible videos identified.'], 'move_verified': True, 'click_completed': True, 'mouse_action_success': True, 'target_interaction_verified': True, 'task_verified': True, 'window_recovered': False, 'message': "Clicked and selected YouTube video #4 ('It's 1AM at a Tokyo 7-Eleven 🌧 Lofi for Sleepless Nights') via DOM perception."})
2026-08-31 15:01:02 [INFO] [HERMES EVENT] 🔍 Verifying results: Verifying execution results...
2026-08-31 15:01:02 [INFO] [JARVIS] State changed -> agent_verifying
2026-08-31 15:01:02 [INFO] [HERMES EVENT] 🎯 Completed! Response: 'Playing video 4.'
2026-08-31 15:01:02 [INFO] [HERMES_CLIENT] Received Hermes response: 'Playing video 4.'
2026-08-31 15:01:02 [INFO] [HERMES -> CHAT] Final response synthesized: 'Playing video 4.' (success=True)
2026-08-31 15:01:02 [INFO] Playing phrase from cache: C:\Users\ADMIN\Downloads\jarvis-main\jarvis-main\.cache\jarvis_welcome\f92f4bcfc159b236a2a2c676.wav
2026-08-31 15:01:02 [INFO] [JARVIS] State changed -> speaking
2026-08-31 15:01:03 [INFO] [JARVIS] State changed -> listening
2026-08-31 15:01:03 [INFO] [JARVIS] State changed -> listening
2026-08-31 15:01:03 [INFO] [CHAT] Returned to listening state. Ready for next voice command.
2026-08-31 15:01:07 [INFO] [VAD] Speech started.
2026-08-31 15:01:07 [INFO] 🎙️ [VAD] User started speaking turn...
2026-08-31 15:01:08 [INFO] [VAD] Speech ended (utterance bytes=71680).
2026-08-31 15:01:08 [INFO] [AUDIO] duration=2.24s rms=0.09000 peak=0.4900 silence_ratio=0.62 is_valid=True
2026-08-31 15:01:08 [INFO] Processing audio with duration 00:02.240
2026-08-31 15:01:09 [INFO] Detected language 'en' with probability 0.51
2026-08-31 15:01:10 [INFO] [STT] Faster-Whisper: transcribed='Play video 5.' | lang='en' (prob=0.51)
2026-08-31 15:01:10 [INFO] [LANGUAGE] Detected ENGLISH utterance: 'Play video 5.' (conf=0.90)
2026-08-31 15:01:10 [INFO] [STT] model=base language_mode=auto text='Play video 5.' avg_logprob=-0.319 no_speech_prob=0.184 compression_ratio=0.62
2026-08-31 15:01:10 [INFO] [LANGUAGE] primary=en languages=['en'] mixed_language=False
2026-08-31 15:01:10 [INFO] [STT_RESOLVER] candidate_count=1 selected_candidate='Play video 5.' confidence=0.51 score=-0.489
2026-08-31 15:01:10 [INFO] [STT -> INTERPRETATION]
  [STT RAW]: 'Play video 5.'
  [NORMALIZED]: 'Play video 5.'
  [INTENT]: CONVERSATION (confidence=0.85, compound=False)
  [ENTITY]: None (method=None, confidence=0.00)
2026-08-31 15:01:10 [INFO] 🎙️ [SMART TURN COMPLETED] Raw: 'Play video 5.' | Normalized: 'Play video 5.'
2026-08-31 15:01:10 [INFO] 💬 [CONVERSATION MODE] Processing user command: 'Play video 5.' (Raw STT: 'Play video 5.')
2026-08-31 15:01:10 [INFO] [LANGUAGE] Detected ENGLISH utterance: 'Play video 5.' (conf=0.90)
2026-08-31 15:01:10 [INFO] 🎙️ [STT] raw = 'Play video 5.'
2026-08-31 15:01:10 [INFO] 🌐 [LANGUAGE] detected = 'en' (confidence=0.90, response_rule='ALWAYS_ENGLISH')
2026-08-31 15:01:10 [INFO] ✨ [NORMALIZER] normalized = 'Play video 5.'
2026-08-31 15:01:10 [INFO] 🎯 [INTENT] type = CONVERSATION (confidence=0.85, compound=False)
2026-08-31 15:01:10 [INFO] [ROUTER] Routing natural-language task 'Play video 5.' to Hermes Agent
2026-08-31 15:01:10 [INFO] [ROUTER] Command: 'Play video 5.' -> Target: HERMES_AGENT (Action: agent_task)
2026-08-31 15:01:10 [INFO] 🧠 [HERMES] Starting task delegation to Hermes Agent loop for session: a818af91
2026-08-31 15:01:10 [INFO] [JARVIS] State changed -> agent_thinking
2026-08-31 15:01:10 [INFO] [HERMES] Step 1: Agent thinking & reasoning about instruction 'Play video 5.'...
2026-08-31 15:01:10 [INFO] [CHAT -> HERMES] Dispatching instruction: 'Play video 5.' (Intent: CONVERSATION)
2026-08-31 15:01:10 [INFO] [HERMES_CLIENT] Sending message to Hermes for session a818af91: 'Play video 5.'
2026-08-31 15:01:10 [INFO] [HERMES EVENT] 💭 Thinking: Analyzing request with Qwen reasoning...
2026-08-31 15:01:10 [INFO] [JARVIS] State changed -> agent_thinking
2026-08-31 15:01:10 [INFO] [HERMES_RUNTIME] Fast-path deterministic routing for 'Play video 5.': ['select_youtube_video']
2026-08-31 15:01:10 [INFO] [HERMES_RUNTIME] Generated plan for 'Play video 5.': ['select_youtube_video']
2026-08-31 15:01:10 [INFO] [HERMES EVENT] ⚙️ Executing tool: 'select_youtube_video' (params: {'index': 5})
2026-08-31 15:01:10 [INFO] [JARVIS] State changed -> agent_acting
2026-08-31 15:01:10 [INFO] [HERMES_RUNTIME] Executing tool: select_youtube_video ({'index': 5})
2026-08-31 15:01:10 [INFO] [TOOL_REGISTRY] Executing 'select_youtube_video' with params: {'index': 5}
2026-08-31 15:01:11 [INFO] [WINDOW] Foreground matches target app 'chrome' & task 'youtube': HWND=48564818
2026-08-31 15:01:11 [INFO] ========== [YOUTUBE DOM EXTRACTION DEBUG LOG] ==========
2026-08-31 15:01:11 [INFO] [DOM_DEBUG] Viewport dimensions: innerWidth=1920, innerHeight=945
2026-08-31 15:01:11 [INFO] [DOM_DEBUG] Total nodes queried: 82
2026-08-31 15:01:11 [INFO] [DOM_DEBUG] Accepted ordinal #1: center=(528.2, 290.6), href="/watch?v=6lG47VfZn9Q", title="Relaxing Medieval Fantasy Study Music – Deep Focus for Study | Mission of revenge"
2026-08-31 15:01:11 [INFO] [DOM_DEBUG] Accepted ordinal #2: center=(1072.5, 290.6), href="/watch?v=4fR-7EiaG74", title="TOP 30 NHẠC REMIX GÂY BÃO TIKTOK 2026: Vở Kịch Của Em, Điều Anh Biết, Sau Này Em Cưới Ai Rồi"
2026-08-31 15:01:11 [INFO] [DOM_DEBUG] Accepted ordinal #3: center=(1616.8, 290.6), href="/watch?v=oIhdyhSfpCs", title="I'm back i'm back ( again )"
2026-08-31 15:01:11 [INFO] [DOM_DEBUG] Accepted ordinal #4: center=(528.2, 719.8), href="/watch?v=WtQoscEFSu0", title="It's 1AM at a Tokyo 7-Eleven 🌧 Lofi for Sleepless Nights"
2026-08-31 15:01:11 [INFO] [DOM_DEBUG] Accepted ordinal #5: center=(1072.5, 719.8), href="/watch?v=fbCtipc2mZs", title="Danh sách kết hợp – John Michael Howell - A Thousand Years (Lyrics / AMV) (ft. JVKE, ZVC)"
2026-08-31 15:01:11 [INFO] [DOM_DEBUG] DOM Extraction finished: 5 visible videos identified.
2026-08-31 15:01:11 [INFO] =========================================================
2026-08-31 15:01:11 [INFO] [DOM_PERCEPTION] Extracted 5 visible YouTube video items directly from DOM.
2026-08-31 15:01:11 [INFO] [COORD MATH] Viewport (cx: 1072.5, cy: 719.8) -> Screen (X: 0 + 1072.5 = 1072, Y: 0 + 719.8 + 80 = 800)
2026-08-31 15:01:11 [INFO] [COMPONENT_TARGET] ordinal=#5 title='Danh sách kết hợp – John Michael Howell - A Thousand Years (Lyrics / AMV) (ft. JVKE, ZVC)' href='/watch?v=fbCtipc2mZs&list=RDfbCtipc2mZs&start_radio=1' id=yt_video_5 is_ad=False
[COORDINATE] dom_viewport_space=(1072.5, 719.8) -> window_client_space=(1072.5, 799.8) -> screen_space=(1072, 800)
[WINDOW] hwnd=48564818 chrome_h=80 origin=(0, 0)
[MOUSE] final_physical_point=(1072, 800)
2026-08-31 15:01:11 [INFO] [MOUSE_TXN] id=DOM-YT-5-1AEF action=CLICK target=(1072, 800) count=1 button=left
2026-08-31 15:01:11 [INFO] [DOM-YT-5-1AEF] [MOUSE_MOVE] requested=(1072, 800) before=(1, 50) delta=(1071, 750) distance=1307.5px
2026-08-31 15:01:11 [INFO] [DOM-YT-5-1AEF] [MOUSE_MOVE] actual=(1072, 800) distance=0.0px verified=True
2026-08-31 15:01:11 [INFO] [MOUSE_TXN] id=DOM-YT-5-1AEF [MOUSE FINAL CHECK] requested_target=(1072, 800) actual_cursor=(1072, 800) delta=(0, 0) distance=0.0px
2026-08-31 15:01:11 [INFO] [DOM-YT-5-1AEF] [MOUSE_CLICK] physical_position=(1072, 800) button=left count=1 down=True up=True completed=True
2026-08-31 15:01:11 [INFO] [MOUSE_TXN] id=DOM-YT-5-1AEF [MOUSE CLICK RESULT] position_at_click=(1072, 800) down_result=True up_result=True click_completed=True
2026-08-31 15:01:11 [INFO] 
[CURSOR]
expected=(1072, 800)
actual=(1072, 800)
distance=0.0
verified=True
2026-08-31 15:01:11 [INFO] 
[CLICK]
dispatch=SUCCESS
count=1
2026-08-31 15:01:11 [INFO] 
[ACTION]
VIDEO_SELECTION_COMPLETED
2026-08-31 15:01:11 [INFO] [HERMES EVENT] ✅ Tool finished: 'select_youtube_video' (result: {'success': True, 'status': 'SUCCESS', 'ordinal': 5, 'target_id': 'yt_video_5', 'component_id': 'yt_video_5', 'title': 'Danh sách kết hợp – John Michael Howell - A Thousand Years (Lyrics / AMV) (ft. JVKE, ZVC)', 'href': '/watch?v=fbCtipc2mZs&list=RDfbCtipc2mZs&start_radio=1', 'is_ad': False, 'target': {'requested_index': 5, 'ordinal': 5, 'component_id': 'yt_video_5', 'bbox': [808.3, 565.2, 528.3, 309.2], 'screen_point': (1072, 800), 'title': 'Danh sách kết hợp – John Michael Howell - A Thousand Years (Lyrics / AMV) (ft. JVKE, ZVC)'}, 'viewport_point': (1072.5, 719.8), 'click_point': (1072, 800), 'cursor_before': (1, 50), 'cursor_after': (1072, 800), 'actual_position_before': (1, 50), 'actual_position_at_click': (1072, 800), 'coord_math': '[COORD MATH] Viewport (cx: 1072.5, cy: 719.8) -> Screen (X: 0 + 1072.5 = 1072, Y: 0 + 719.8 + 80 = 800)', 'debug_log': ['Viewport dimensions: innerWidth=1920, innerHeight=945', 'Total nodes queried: 82', 'Accepted ordinal #1: center=(528.2, 290.6), href="/watch?v=6lG47VfZn9Q", title="Relaxing Medieval Fantasy Study Music – Deep Focus for Study | Mission of revenge"', 'Accepted ordinal #2: center=(1072.5, 290.6), href="/watch?v=4fR-7EiaG74", title="TOP 30 NHẠC REMIX GÂY BÃO TIKTOK 2026: Vở Kịch Của Em, Điều Anh Biết, Sau Này Em Cưới Ai Rồi"', 'Accepted ordinal #3: center=(1616.8, 290.6), href="/watch?v=oIhdyhSfpCs", title="I\'m back i\'m back ( again )"', 'Accepted ordinal #4: center=(528.2, 719.8), href="/watch?v=WtQoscEFSu0", title="It\'s 1AM at a Tokyo 7-Eleven 🌧 Lofi for Sleepless Nights"', 'Accepted ordinal #5: center=(1072.5, 719.8), href="/watch?v=fbCtipc2mZs", title="Danh sách kết hợp – John Michael Howell - A Thousand Years (Lyrics / AMV) (ft. JVKE, ZVC)"', 'DOM Extraction finished: 5 visible videos identified.'], 'move_verified': True, 'click_completed': True, 'mouse_action_success': True, 'target_interaction_verified': True, 'task_verified': True, 'window_recovered': False, 'message': "Clicked and selected YouTube video #5 ('Danh sách kết hợp – John Michael Howell - A Thousand Years (Lyrics / AMV) (ft. JVKE, ZVC)') via DOM perception."})
2026-08-31 15:01:11 [INFO] [HERMES EVENT] 🔍 Verifying results: Verifying execution results...
2026-08-31 15:01:11 [INFO] [JARVIS] State changed -> agent_verifying
2026-08-31 15:01:11 [INFO] [HERMES EVENT] 🎯 Completed! Response: 'Playing video 5.'
2026-08-31 15:01:11 [INFO] [HERMES_CLIENT] Received Hermes response: 'Playing video 5.'
2026-08-31 15:01:11 [INFO] [HERMES -> CHAT] Final response synthesized: 'Playing video 5.' (success=True)
2026-08-31 15:01:11 [INFO] Playing phrase from cache: C:\Users\ADMIN\Downloads\jarvis-main\jarvis-main\.cache\jarvis_welcome\967b47e40e0f3e8bc0c44d25.wav
2026-08-31 15:01:11 [INFO] [JARVIS] State changed -> speaking
2026-08-31 15:01:12 [INFO] [JARVIS] State changed -> listening
2026-08-31 15:01:12 [INFO] [JARVIS] State changed -> listening
2026-08-31 15:01:12 [INFO] [CHAT] Returned to listening state. Ready for next voice command.
2026-08-31 15:01:34 [INFO] [VAD] Speech started.
2026-08-31 15:01:34 [INFO] 🎙️ [VAD] User started speaking turn...
2026-08-31 15:01:36 [INFO] [VAD] Speech ended (utterance bytes=74240).
2026-08-31 15:01:36 [INFO] [AUDIO] duration=2.32s rms=0.09000 peak=0.7002 silence_ratio=0.61 is_valid=True
2026-08-31 15:01:36 [INFO] Processing audio with duration 00:02.320
2026-08-31 15:01:37 [INFO] Detected language 'en' with probability 0.60
2026-08-31 15:01:38 [INFO] [STT] Faster-Whisper: transcribed='Tried the first video.' | lang='en' (prob=0.60)
2026-08-31 15:01:38 [INFO] [LANGUAGE] Detected ENGLISH utterance: 'Tried the first video.' (conf=0.90)
2026-08-31 15:01:38 [INFO] [STT] model=base language_mode=auto text='Tried the first video.' avg_logprob=-0.573 no_speech_prob=0.218 compression_ratio=0.73
2026-08-31 15:01:38 [INFO] [LANGUAGE] primary=en languages=['en'] mixed_language=False
2026-08-31 15:01:38 [INFO] [STT_RESOLVER] candidate_count=1 selected_candidate='Tried the first video.' confidence=0.60 score=-1.048
2026-08-31 15:01:39 [INFO] [STT -> INTERPRETATION]
  [STT RAW]: 'Tried the first video.'
  [NORMALIZED]: 'Tried the first video.'
  [INTENT]: CONVERSATION (confidence=0.85, compound=False)
  [ENTITY]: None (method=None, confidence=0.00)
2026-08-31 15:01:39 [INFO] 🎙️ [SMART TURN COMPLETED] Raw: 'Tried the first video.' | Normalized: 'Tried the first video.'
2026-08-31 15:01:39 [INFO] 💬 [CONVERSATION MODE] Processing user command: 'Tried the first video.' (Raw STT: 'Tried the first video.')
2026-08-31 15:01:39 [INFO] [LANGUAGE] Detected ENGLISH utterance: 'Tried the first video.' (conf=0.90)
2026-08-31 15:01:39 [INFO] 🎙️ [STT] raw = 'Tried the first video.'
2026-08-31 15:01:39 [INFO] 🌐 [LANGUAGE] detected = 'en' (confidence=0.90, response_rule='ALWAYS_ENGLISH')
2026-08-31 15:01:39 [INFO] ✨ [NORMALIZER] normalized = 'Tried the first video.'
2026-08-31 15:01:39 [INFO] 🎯 [INTENT] type = CONVERSATION (confidence=0.85, compound=False)
2026-08-31 15:01:39 [INFO] [ROUTER] Routing natural-language task 'Tried the first video.' to Hermes Agent
2026-08-31 15:01:39 [INFO] [ROUTER] Command: 'Tried the first video.' -> Target: HERMES_AGENT (Action: agent_task)
2026-08-31 15:01:39 [INFO] 🧠 [HERMES] Starting task delegation to Hermes Agent loop for session: a818af91
2026-08-31 15:01:39 [INFO] [JARVIS] State changed -> agent_thinking
2026-08-31 15:01:39 [INFO] [HERMES] Step 1: Agent thinking & reasoning about instruction 'Tried the first video.'...
2026-08-31 15:01:39 [INFO] [CHAT -> HERMES] Dispatching instruction: 'Tried the first video.' (Intent: CONVERSATION)
2026-08-31 15:01:39 [INFO] [HERMES_CLIENT] Sending message to Hermes for session a818af91: 'Tried the first video.'
2026-08-31 15:01:39 [INFO] [HERMES EVENT] 💭 Thinking: Analyzing request with Qwen reasoning...
2026-08-31 15:01:39 [INFO] [JARVIS] State changed -> agent_thinking
2026-08-31 15:01:43 [INFO] [HERMES_RUNTIME] Generated plan for 'Tried the first video.': ['select_youtube_video']
2026-08-31 15:01:43 [INFO] [HERMES EVENT] ⚙️ Executing tool: 'select_youtube_video' (params: {'index': 1})
2026-08-31 15:01:43 [INFO] [JARVIS] State changed -> agent_acting
2026-08-31 15:01:43 [INFO] [HERMES_RUNTIME] Executing tool: select_youtube_video ({'index': 1})
2026-08-31 15:01:43 [INFO] [TOOL_REGISTRY] Executing 'select_youtube_video' with params: {'index': 1}
2026-08-31 15:01:43 [INFO] [WINDOW] Foreground matches target app 'chrome' & task 'youtube': HWND=48564818
2026-08-31 15:01:43 [INFO] ========== [YOUTUBE DOM EXTRACTION DEBUG LOG] ==========
2026-08-31 15:01:43 [INFO] [DOM_DEBUG] Viewport dimensions: innerWidth=1920, innerHeight=945
2026-08-31 15:01:43 [INFO] [DOM_DEBUG] Total nodes queried: 82
2026-08-31 15:01:43 [INFO] [DOM_DEBUG] Accepted ordinal #1: center=(528.2, 290.6), href="/watch?v=6lG47VfZn9Q", title="Relaxing Medieval Fantasy Study Music – Deep Focus for Study | Mission of revenge"
2026-08-31 15:01:43 [INFO] [DOM_DEBUG] Accepted ordinal #2: center=(1072.5, 290.6), href="/watch?v=4fR-7EiaG74", title="TOP 30 NHẠC REMIX GÂY BÃO TIKTOK 2026: Vở Kịch Của Em, Điều Anh Biết, Sau Này Em Cưới Ai Rồi"
2026-08-31 15:01:43 [INFO] [DOM_DEBUG] Accepted ordinal #3: center=(1616.8, 290.6), href="/watch?v=oIhdyhSfpCs", title="I'm back i'm back ( again )"
2026-08-31 15:01:43 [INFO] [DOM_DEBUG] Accepted ordinal #4: center=(528.2, 719.8), href="/watch?v=WtQoscEFSu0", title="It's 1AM at a Tokyo 7-Eleven 🌧 Lofi for Sleepless Nights"
2026-08-31 15:01:43 [INFO] [DOM_DEBUG] Accepted ordinal #5: center=(1072.5, 719.8), href="/watch?v=fbCtipc2mZs", title="Phát tất cả"
2026-08-31 15:01:43 [INFO] [DOM_DEBUG] DOM Extraction finished: 5 visible videos identified.
2026-08-31 15:01:43 [INFO] =========================================================
2026-08-31 15:01:43 [INFO] [DOM_PERCEPTION] Extracted 5 visible YouTube video items directly from DOM.
2026-08-31 15:01:43 [INFO] [COORD MATH] Viewport (cx: 528.2, cy: 290.6) -> Screen (X: 0 + 528.2 = 528, Y: 0 + 290.6 + 80 = 371)
2026-08-31 15:01:43 [INFO] [COMPONENT_TARGET] ordinal=#1 title='Relaxing Medieval Fantasy Study Music – Deep Focus for Study | Mission of revenge' href='/watch?v=6lG47VfZn9Q' id=yt_video_1 is_ad=False
[COORDINATE] dom_viewport_space=(528.2, 290.6) -> window_client_space=(528.2, 370.6) -> screen_space=(528, 371)
[WINDOW] hwnd=48564818 chrome_h=80 origin=(0, 0)
[MOUSE] final_physical_point=(528, 371)
2026-08-31 15:01:43 [INFO] [MOUSE_TXN] id=DOM-YT-1-A220 action=CLICK target=(528, 371) count=1 button=left
2026-08-31 15:01:43 [INFO] [DOM-YT-1-A220] [MOUSE_MOVE] requested=(528, 371) before=(976, 401) delta=(-448, -30) distance=449.0px
2026-08-31 15:01:43 [INFO] [DOM-YT-1-A220] [MOUSE_MOVE] actual=(528, 371) distance=0.0px verified=True
2026-08-31 15:01:43 [INFO] [MOUSE_TXN] id=DOM-YT-1-A220 [MOUSE FINAL CHECK] requested_target=(528, 371) actual_cursor=(528, 371) delta=(0, 0) distance=0.0px
2026-08-31 15:01:43 [INFO] [DOM-YT-1-A220] [MOUSE_CLICK] physical_position=(528, 371) button=left count=1 down=True up=True completed=True
2026-08-31 15:01:43 [INFO] [MOUSE_TXN] id=DOM-YT-1-A220 [MOUSE CLICK RESULT] position_at_click=(528, 371) down_result=True up_result=True click_completed=True
2026-08-31 15:01:43 [INFO] 
[CURSOR]
expected=(528, 371)
actual=(528, 371)
distance=0.0
verified=True
2026-08-31 15:01:43 [INFO] 
[CLICK]
dispatch=SUCCESS
count=1
2026-08-31 15:01:43 [INFO] 
[ACTION]
VIDEO_SELECTION_COMPLETED
2026-08-31 15:01:43 [INFO] [HERMES EVENT] ✅ Tool finished: 'select_youtube_video' (result: {'success': True, 'status': 'SUCCESS', 'ordinal': 1, 'target_id': 'yt_video_1', 'component_id': 'yt_video_1', 'title': 'Relaxing Medieval Fantasy Study Music – Deep Focus for Study | Mission of revenge', 'href': '/watch?v=6lG47VfZn9Q', 'is_ad': False, 'target': {'requested_index': 1, 'ordinal': 1, 'component_id': 'yt_video_1', 'bbox': [264, 136, 528.3, 309.2], 'screen_point': (528, 371), 'title': 'Relaxing Medieval Fantasy Study Music – Deep Focus for Study | Mission of revenge'}, 'viewport_point': (528.2, 290.6), 'click_point': (528, 371), 'cursor_before': (976, 401), 'cursor_after': (528, 371), 'actual_position_before': (976, 401), 'actual_position_at_click': (528, 371), 'coord_math': '[COORD MATH] Viewport (cx: 528.2, cy: 290.6) -> Screen (X: 0 + 528.2 = 528, Y: 0 + 290.6 + 80 = 371)', 'debug_log': ['Viewport dimensions: innerWidth=1920, innerHeight=945', 'Total nodes queried: 82', 'Accepted ordinal #1: center=(528.2, 290.6), href="/watch?v=6lG47VfZn9Q", title="Relaxing Medieval Fantasy Study Music – Deep Focus for Study | Mission of revenge"', 'Accepted ordinal #2: center=(1072.5, 290.6), href="/watch?v=4fR-7EiaG74", title="TOP 30 NHẠC REMIX GÂY BÃO TIKTOK 2026: Vở Kịch Của Em, Điều Anh Biết, Sau Này Em Cưới Ai Rồi"', 'Accepted ordinal #3: center=(1616.8, 290.6), href="/watch?v=oIhdyhSfpCs", title="I\'m back i\'m back ( again )"', 'Accepted ordinal #4: center=(528.2, 719.8), href="/watch?v=WtQoscEFSu0", title="It\'s 1AM at a Tokyo 7-Eleven 🌧 Lofi for Sleepless Nights"', 'Accepted ordinal #5: center=(1072.5, 719.8), href="/watch?v=fbCtipc2mZs", title="Phát tất cả"', 'DOM Extraction finished: 5 visible videos identified.'], 'move_verified': True, 'click_completed': True, 'mouse_action_success': True, 'target_interaction_verified': True, 'task_verified': True, 'window_recovered': False, 'message': "Clicked and selected YouTube video #1 ('Relaxing Medieval Fantasy Study Music – Deep Focus for Study | Mission of revenge') via DOM perception."})
2026-08-31 15:01:43 [INFO] [HERMES EVENT] 🔍 Verifying results: Verifying execution results...
2026-08-31 15:01:43 [INFO] [JARVIS] State changed -> agent_verifying
2026-08-31 15:01:43 [INFO] [HERMES EVENT] 🎯 Completed! Response: 'Playing video 1.'
2026-08-31 15:01:43 [INFO] [HERMES_CLIENT] Received Hermes response: 'Playing video 1.'
2026-08-31 15:01:43 [INFO] [HERMES -> CHAT] Final response synthesized: 'Playing video 1.' (success=True)
2026-08-31 15:01:43 [INFO] Playing phrase from cache: C:\Users\ADMIN\Downloads\jarvis-main\jarvis-main\.cache\jarvis_welcome\b8116be7ec171d15a95ca712.wav
2026-08-31 15:01:43 [INFO] [JARVIS] State changed -> speaking
2026-08-31 15:01:44 [INFO] [JARVIS] State changed -> listening
2026-08-31 15:01:44 [INFO] [JARVIS] State changed -> listening
2026-08-31 15:01:44 [INFO] [CHAT] Returned to listening state. Ready for next voice command.
2026-08-31 15:11:51 [INFO] JarvisBridge WebSocket server started on ws://127.0.0.1:8765
2026-08-31 15:11:51 [INFO] server listening on 127.0.0.1:8765
2026-08-31 15:11:52 [INFO] Launched Jarvis desktop UI overlay process (hidden by default, PID: 25212).
2026-08-31 15:11:52 [INFO] connection open
2026-08-31 15:11:52 [INFO] [BRIDGE] UI client connected: ('127.0.0.1', 60010)
2026-08-31 15:11:53 [INFO] connection open
2026-08-31 15:11:53 [INFO] [BRIDGE] UI client connected: ('127.0.0.1', 52175)
2026-08-31 15:11:55 [INFO] [VAD] Loading Silero VAD from local torch hub cache: C:\Users\ADMIN/.cache\torch\hub\snakers4_silero-vad_master
2026-08-31 15:11:55 [INFO] [VAD] Silero VAD neural model ready (threshold=0.35).
2026-08-31 15:11:55 [INFO] Initializing OpenWakeWord neural model ('hey_jarvis')...
2026-08-31 15:11:55 [INFO] OpenWakeWord model ready (keyword: 'hey_jarvis', confidence threshold=0.45).
2026-08-31 15:11:55 [INFO] [AUDIO] Ownership transfer: NONE -> TRIGGER
2026-08-31 15:11:55 [INFO] ===============================================================
2026-08-31 15:11:55 [INFO]  JARVIS RUNTIME COORDINATOR — HERMES AGENT & SINGLE AUDIO OWNER
2026-08-31 15:11:55 [INFO] ===============================================================
2026-08-31 15:11:55 [INFO]  Microphone Invariant: Central AudioManager (Single Stream)
2026-08-31 15:11:55 [INFO]  Mode 1: TRIGGER MODE (Claps & Deterministic Shortcuts)
2026-08-31 15:11:55 [INFO]  Mode 2: CHAT MODE (VAD + STT + Hermes Agent + Computer Use)
2026-08-31 15:11:55 [INFO]  Activation: 'Hey Jarvis, I need your help' -> Chat Mode & Hermes
2026-08-31 15:11:55 [INFO]  Deactivation: 'Jarvis, go to sleep' -> Return to Trigger Mode
2026-08-31 15:11:55 [INFO]  Audio capture: Rate=16000 Hz, Block=80 ms
2026-08-31 15:11:55 [INFO] ===============================================================
2026-08-31 15:11:55 [INFO] Audio devices:
   0 Microsoft Sound Mapper - Input, MME (2 in, 0 out)
>  1 Microphone (MCHOSE K20), MME (1 in, 0 out)
   2 Microsoft Sound Mapper - Output, MME (0 in, 2 out)
<  3 Speakers (MCHOSE K20), MME (0 in, 8 out)
   4 SAMSUNG (NVIDIA High Definition, MME (0 in, 2 out)
   5 Realtek Digital Output (Realtek, MME (0 in, 2 out)
   6 Primary Sound Capture Driver, Windows DirectSound (2 in, 0 out)
   7 Microphone (MCHOSE K20), Windows DirectSound (1 in, 0 out)
   8 Primary Sound Driver, Windows DirectSound (0 in, 8 out)
   9 Speakers (MCHOSE K20), Windows DirectSound (0 in, 8 out)
  10 SAMSUNG (NVIDIA High Definition Audio), Windows DirectSound (0 in, 2 out)
  11 Realtek Digital Output (Realtek(R) Audio), Windows DirectSound (0 in, 2 out)
  12 SAMSUNG (NVIDIA High Definition Audio), Windows WASAPI (0 in, 2 out)
  13 Realtek Digital Output (Realtek(R) Audio), Windows WASAPI (0 in, 2 out)
  14 Speakers (MCHOSE K20), Windows WASAPI (0 in, 8 out)
  15 Microphone (MCHOSE K20), Windows WASAPI (1 in, 0 out)
  16 Headphones (Realtek HD Audio 2nd output), Windows WDM-KS (0 in, 2 out)
  17 Stereo Mix (Realtek HD Audio Stereo input), Windows WDM-KS (2 in, 0 out)
  18 Line In (Realtek HD Audio Line input), Windows WDM-KS (2 in, 0 out)
  19 Microphone (Realtek HD Audio Mic input), Windows WDM-KS (2 in, 0 out)
  20 Speakers (Realtek HD Audio output), Windows WDM-KS (0 in, 8 out)
  21 SPDIF Out (Realtek HDA SPDIF Out), Windows WDM-KS (0 in, 2 out)
  22 Microphone (MicIn), Windows WDM-KS (1 in, 0 out)
  23 Speakers (Speaker), Windows WDM-KS (0 in, 8 out)
  24 Output (NVIDIA High Definition Audio), Windows WDM-KS (0 in, 2 out)
2026-08-31 15:11:56 [INFO] Using default microphone [1]: Microphone (MCHOSE K20) (probe rms=0.00002)
2026-08-31 15:11:58 [INFO] Microphone calibration complete (baseline noise=0.00010, threshold=0.02500). Ready for commands!
2026-08-31 15:11:58 [INFO] Say 'Hey Jarvis, I need your help' for Conversation mode, or clap for Commands.
2026-08-31 15:12:00 [INFO] 🌟 [INTENT: CONVERSATION] Dedicated phrase detected ('base i need your help') -> Materializing Jarvis Orb...
2026-08-31 15:12:00 [INFO] [JARVIS] Wake detected -> Conversation session acquired. ID: d122426b
2026-08-31 15:12:00 [INFO] [JARVIS] Conversation session acquired. ID: d122426b
2026-08-31 15:12:00 [INFO] [AUDIO] Ownership transfer: TRIGGER -> CHAT
2026-08-31 15:12:00 [INFO] [HERMES_RUNTIME] Session started: d122426b
2026-08-31 15:12:00 [INFO] Playing phrase from cache: C:\Users\ADMIN\Downloads\jarvis-main\jarvis-main\.cache\jarvis_welcome\d0ecfd35be7f28a737660d7a.wav
2026-08-31 15:12:00 [INFO] [JARVIS] State changed -> speaking
2026-08-31 15:12:03 [INFO] [JARVIS] State changed -> listening
2026-08-31 15:12:04 [INFO] [VAD] Speech started.
2026-08-31 15:12:04 [INFO] 🎙️ [VAD] User started speaking turn...
2026-08-31 15:12:05 [INFO] [VAD] Speech ended (utterance bytes=66560).
2026-08-31 15:12:06 [INFO] [AUDIO] duration=2.08s rms=0.09000 peak=0.6921 silence_ratio=0.66 is_valid=True
2026-08-31 15:12:06 [INFO] [STT] Initializing Faster-Whisper (model='base', device='cpu', compute_type='int8')...
2026-08-31 15:12:07 [INFO] [STT] Faster-Whisper model ready (threads=8).
2026-08-31 15:12:07 [INFO] Processing audio with duration 00:02.080
2026-08-31 15:12:08 [INFO] Detected language 'en' with probability 0.40
2026-08-31 15:12:09 [INFO] [STT] Language 'en' (prob=0.40) uncertain/empty -> Re-transcribing with bilingual fallback...
2026-08-31 15:12:09 [INFO] Processing audio with duration 00:02.080
2026-08-31 15:12:10 [INFO] [STT] Faster-Whisper: transcribed='Jarvis, go to sleep' | lang='en' (prob=1.00)
2026-08-31 15:12:10 [INFO] [LANGUAGE] Detected ENGLISH utterance: 'Jarvis, go to sleep' (conf=0.90)
2026-08-31 15:12:10 [INFO] [STT] model=base language_mode=auto text='Jarvis, go to sleep' avg_logprob=-0.173 no_speech_prob=0.012 compression_ratio=0.71
2026-08-31 15:12:10 [INFO] [LANGUAGE] primary=en languages=['en'] mixed_language=False
2026-08-31 15:12:10 [INFO] [STT_RESOLVER] candidate_count=1 selected_candidate='Jarvis, go to sleep' confidence=1.00 score=0.061
2026-08-31 15:12:10 [INFO] [APP_REGISTRY] Discovered 78 Windows Start Menu applications.
2026-08-31 15:12:10 [INFO] [VOICE_MEMORY] Loaded 34 learned phrase mappings from user_voice_memory.json
2026-08-31 15:12:10 [INFO] [VOICE_MEMORY] Exact match in learned memory: 'jarvis, go to sleep' -> 'go to sleep'
2026-08-31 15:12:11 [INFO] [STT -> INTERPRETATION]
  [STT RAW]: 'Jarvis, go to sleep'
  [NORMALIZED]: 'go to sleep'
  [INTENT]: SLEEP_DISMISS (confidence=0.99, compound=False)
  [ENTITY]: None (method=None, confidence=0.00)
2026-08-31 15:12:11 [INFO] 🎙️ [SMART TURN COMPLETED] Raw: 'Jarvis, go to sleep' | Normalized: 'go to sleep'
2026-08-31 15:12:11 [INFO] 💬 [CONVERSATION MODE] Processing user command: 'go to sleep' (Raw STT: 'Jarvis, go to sleep')
2026-08-31 15:12:11 [INFO] [LANGUAGE] Detected ENGLISH utterance: 'Jarvis, go to sleep' (conf=0.90)
2026-08-31 15:12:11 [INFO] 🎙️ [STT] raw = 'Jarvis, go to sleep'
2026-08-31 15:12:11 [INFO] 🌐 [LANGUAGE] detected = 'en' (confidence=0.90, response_rule='ALWAYS_ENGLISH')
2026-08-31 15:12:11 [INFO] ✨ [NORMALIZER] normalized = 'go to sleep'
2026-08-31 15:12:11 [INFO] 🎯 [INTENT] type = SLEEP_DISMISS (confidence=0.99, compound=False)
2026-08-31 15:12:11 [INFO] [ROUTER] Detected sleep/close command in 'Jarvis, go to sleep'
2026-08-31 15:12:11 [INFO] [ROUTER] Command: 'go to sleep' -> Target: SLEEP_DISMISS (Action: sleep)
2026-08-31 15:12:11 [INFO] 🛑 [CONVERSATION CLOSE] User requested sleep ('go to sleep') -> Closing session...
2026-08-31 15:12:11 [INFO] [JARVIS] Sleep/Close command detected -> Orb closing animation initiated.
2026-08-31 15:12:11 [INFO] [AUDIO] Ownership transfer: CHAT -> TRIGGER
2026-08-31 15:12:11 [INFO] [HERMES_RUNTIME] Session closed: d122426b
2026-08-31 15:12:11 [INFO] Playing phrase from cache: C:\Users\ADMIN\Downloads\jarvis-main\jarvis-main\.cache\jarvis_welcome\133ac38c254194538895ff7e.wav
2026-08-31 15:12:11 [INFO] [JARVIS] Session ended -> UI hidden. Background wake detector ready.
2026-08-31 15:12:15 [INFO] 🌟 [INTENT: CONVERSATION] Dedicated phrase detected ('jarvis i need your help') -> Materializing Jarvis Orb...
2026-08-31 15:12:15 [INFO] [JARVIS] Wake detected -> Conversation session acquired. ID: cd080e0c
2026-08-31 15:12:15 [INFO] [JARVIS] Conversation session acquired. ID: cd080e0c
2026-08-31 15:12:15 [INFO] [AUDIO] Ownership transfer: TRIGGER -> CHAT
2026-08-31 15:12:15 [INFO] [HERMES_RUNTIME] Session started: cd080e0c
2026-08-31 15:12:15 [INFO] Playing phrase from cache: C:\Users\ADMIN\Downloads\jarvis-main\jarvis-main\.cache\jarvis_welcome\d0ecfd35be7f28a737660d7a.wav
2026-08-31 15:12:15 [INFO] [JARVIS] State changed -> speaking
2026-08-31 15:12:17 [INFO] [JARVIS] State changed -> listening
2026-08-31 15:12:18 [INFO] [VAD] Speech started.
2026-08-31 15:12:18 [INFO] 🎙️ [VAD] User started speaking turn...
2026-08-31 15:12:20 [INFO] [VAD] Speech ended (utterance bytes=74240).
2026-08-31 15:12:20 [INFO] [AUDIO] duration=2.32s rms=0.09000 peak=0.5279 silence_ratio=0.53 is_valid=True
2026-08-31 15:12:20 [INFO] Processing audio with duration 00:02.320
2026-08-31 15:12:21 [INFO] Detected language 'vi' with probability 0.98
2026-08-31 15:12:22 [INFO] [STT] Faster-Whisper: transcribed='Đóng video thứ 2.' | lang='vi' (prob=0.98)
2026-08-31 15:12:22 [INFO] [LANGUAGE] Detected VIETNAMESE utterance: 'Đóng video thứ 2.' (conf=0.90)
2026-08-31 15:12:22 [INFO] [STT] model=base language_mode=auto text='Đóng video thứ 2.' avg_logprob=-0.521 no_speech_prob=0.553 compression_ratio=0.70
2026-08-31 15:12:22 [INFO] [LANGUAGE] primary=vi languages=['vi'] mixed_language=False
2026-08-31 15:12:22 [INFO] [STT_RESOLVER] candidate_count=1 selected_candidate='Đóng video thứ 2.' confidence=0.98 score=-1.681
2026-08-31 15:12:22 [INFO] [STT -> INTERPRETATION]
  [STT RAW]: 'Đóng video thứ 2.'
  [NORMALIZED]: 'close video thứ 2.'
  [INTENT]: CLOSE_APPLICATION (confidence=0.88, compound=False)
  [ENTITY]: None (method=None, confidence=0.00)
2026-08-31 15:12:22 [INFO] 🎙️ [SMART TURN COMPLETED] Raw: 'Đóng video thứ 2.' | Normalized: 'close video thứ 2.'
2026-08-31 15:12:22 [INFO] 💬 [CONVERSATION MODE] Processing user command: 'close video thứ 2.' (Raw STT: 'Đóng video thứ 2.')
2026-08-31 15:12:22 [INFO] [LANGUAGE] Detected VIETNAMESE utterance: 'Đóng video thứ 2.' (conf=0.90)
2026-08-31 15:12:22 [INFO] 🎙️ [STT] raw = 'Đóng video thứ 2.'
2026-08-31 15:12:22 [INFO] 🌐 [LANGUAGE] detected = 'vi' (confidence=0.90, response_rule='ALWAYS_ENGLISH')
2026-08-31 15:12:22 [INFO] ✨ [NORMALIZER] normalized = 'close video thứ 2.'
2026-08-31 15:12:22 [INFO] 🎯 [INTENT] type = CLOSE_APPLICATION (confidence=0.88, compound=False)
2026-08-31 15:12:22 [INFO] [ROUTER] Detected desktop window close request 'Đóng video thứ 2.' -> Routing to Hermes Agent
2026-08-31 15:12:22 [INFO] [ROUTER] Command: 'close video thứ 2.' -> Target: HERMES_AGENT (Action: agent_task)
2026-08-31 15:12:22 [INFO] 🧠 [HERMES] Starting task delegation to Hermes Agent loop for session: cd080e0c
2026-08-31 15:12:22 [INFO] [JARVIS] State changed -> agent_thinking
2026-08-31 15:12:22 [INFO] [HERMES] Step 1: Agent thinking & reasoning about instruction 'close video thứ 2.'...
2026-08-31 15:12:22 [INFO] [CHAT -> HERMES] Dispatching instruction: 'close video thứ 2.' (Intent: CLOSE_APPLICATION)
2026-08-31 15:12:22 [INFO] [HERMES_CLIENT] Sending message to Hermes for session cd080e0c: 'close video thứ 2.'
2026-08-31 15:12:22 [INFO] [HERMES EVENT] 💭 Thinking: Analyzing request with Qwen reasoning...
2026-08-31 15:12:22 [INFO] [JARVIS] State changed -> agent_thinking
2026-08-31 15:12:22 [INFO] [HERMES_RUNTIME] Fast-path deterministic routing for 'close video thứ 2.': ['close_window']
2026-08-31 15:12:22 [INFO] [HERMES_RUNTIME] Generated plan for 'close video thứ 2.': ['close_window']
2026-08-31 15:12:22 [INFO] [HERMES EVENT] ⚙️ Executing tool: 'close_window' (params: {'app_name': None})
2026-08-31 15:12:22 [INFO] [JARVIS] State changed -> agent_acting
2026-08-31 15:12:22 [INFO] [HERMES_RUNTIME] Executing tool: close_window ({'app_name': None})
2026-08-31 15:12:22 [INFO] [TOOL_REGISTRY] Executing 'close_window' with params: {'app_name': None}
2026-08-31 15:12:22 [INFO] [WINDOW] HWND=48564818 is already foreground. Activation skipped.
2026-08-31 15:12:22 [INFO] [HERMES EVENT] ✅ Tool finished: 'close_window' (result: {'success': True, 'message': 'Closed (45) YouTube - Google Chrome.'})
2026-08-31 15:12:22 [INFO] [HERMES EVENT] 🔍 Verifying results: Verifying execution results...
2026-08-31 15:12:22 [INFO] [JARVIS] State changed -> agent_verifying
2026-08-31 15:12:22 [INFO] [HERMES EVENT] 🎯 Completed! Response: 'Closing window.'
2026-08-31 15:12:22 [INFO] [HERMES_CLIENT] Received Hermes response: 'Closing window.'
2026-08-31 15:12:22 [INFO] [HERMES -> CHAT] Final response synthesized: 'Closing window.' (success=True)
2026-08-31 15:12:22 [INFO] Playing phrase from cache: C:\Users\ADMIN\Downloads\jarvis-main\jarvis-main\.cache\jarvis_welcome\1ba94dd065161be05788c55a.wav
2026-08-31 15:12:22 [INFO] [JARVIS] State changed -> speaking
2026-08-31 15:12:23 [INFO] [JARVIS] State changed -> listening
2026-08-31 15:12:23 [INFO] [JARVIS] State changed -> listening
2026-08-31 15:12:23 [INFO] [CHAT] Returned to listening state. Ready for next voice command.
2026-08-31 15:12:38 [INFO] [VAD] Speech started.
2026-08-31 15:12:38 [INFO] 🎙️ [VAD] User started speaking turn...
2026-08-31 15:12:41 [INFO] [VAD] Speech ended (utterance bytes=89600).
2026-08-31 15:12:41 [INFO] [AUDIO] duration=2.80s rms=0.09000 peak=0.6239 silence_ratio=0.51 is_valid=True
2026-08-31 15:12:41 [INFO] Processing audio with duration 00:02.800
2026-08-31 15:12:41 [INFO] Detected language 'vi' with probability 0.98
2026-08-31 15:12:43 [INFO] [STT] Faster-Whisper: transcribed='Đóng video thứ hai.' | lang='vi' (prob=0.98)
2026-08-31 15:12:43 [INFO] [LANGUAGE] Detected VIETNAMESE utterance: 'Đóng video thứ hai.' (conf=0.90)
2026-08-31 15:12:43 [INFO] [STT] model=base language_mode=auto text='Đóng video thứ hai.' avg_logprob=-0.590 no_speech_prob=0.028 compression_ratio=0.72
2026-08-31 15:12:43 [INFO] [LANGUAGE] primary=vi languages=['vi'] mixed_language=False
2026-08-31 15:12:43 [INFO] [STT_RESOLVER] candidate_count=1 selected_candidate='Đóng video thứ hai.' confidence=0.98 score=-0.440
2026-08-31 15:12:43 [INFO] [STT -> INTERPRETATION]
  [STT RAW]: 'Đóng video thứ hai.'
  [NORMALIZED]: 'close video thứ hai.'
  [INTENT]: CLOSE_APPLICATION (confidence=0.88, compound=False)
  [ENTITY]: None (method=None, confidence=0.00)
2026-08-31 15:12:43 [INFO] 🎙️ [SMART TURN COMPLETED] Raw: 'Đóng video thứ hai.' | Normalized: 'close video thứ hai.'
2026-08-31 15:12:43 [INFO] 💬 [CONVERSATION MODE] Processing user command: 'close video thứ hai.' (Raw STT: 'Đóng video thứ hai.')
2026-08-31 15:12:43 [INFO] [LANGUAGE] Detected VIETNAMESE utterance: 'Đóng video thứ hai.' (conf=0.90)
2026-08-31 15:12:43 [INFO] 🎙️ [STT] raw = 'Đóng video thứ hai.'
2026-08-31 15:12:43 [INFO] 🌐 [LANGUAGE] detected = 'vi' (confidence=0.90, response_rule='ALWAYS_ENGLISH')
2026-08-31 15:12:43 [INFO] ✨ [NORMALIZER] normalized = 'close video thứ hai.'
2026-08-31 15:12:43 [INFO] 🎯 [INTENT] type = CLOSE_APPLICATION (confidence=0.88, compound=False)
2026-08-31 15:12:43 [INFO] [ROUTER] Detected desktop window close request 'Đóng video thứ hai.' -> Routing to Hermes Agent
2026-08-31 15:12:43 [INFO] [ROUTER] Command: 'close video thứ hai.' -> Target: HERMES_AGENT (Action: agent_task)
2026-08-31 15:12:43 [INFO] 🧠 [HERMES] Starting task delegation to Hermes Agent loop for session: cd080e0c
2026-08-31 15:12:43 [INFO] [JARVIS] State changed -> agent_thinking
2026-08-31 15:12:43 [INFO] [HERMES] Step 1: Agent thinking & reasoning about instruction 'close video thứ hai.'...
2026-08-31 15:12:43 [INFO] [CHAT -> HERMES] Dispatching instruction: 'close video thứ hai.' (Intent: CLOSE_APPLICATION)
2026-08-31 15:12:43 [INFO] [HERMES_CLIENT] Sending message to Hermes for session cd080e0c: 'close video thứ hai.'
2026-08-31 15:12:43 [INFO] [HERMES EVENT] 💭 Thinking: Analyzing request with Qwen reasoning...
2026-08-31 15:12:43 [INFO] [JARVIS] State changed -> agent_thinking
2026-08-31 15:12:43 [INFO] [HERMES_RUNTIME] Fast-path deterministic routing for 'close video thứ hai.': ['close_window']
2026-08-31 15:12:43 [INFO] [HERMES_RUNTIME] Generated plan for 'close video thứ hai.': ['close_window']
2026-08-31 15:12:43 [INFO] [HERMES EVENT] ⚙️ Executing tool: 'close_window' (params: {'app_name': None})
2026-08-31 15:12:43 [INFO] [JARVIS] State changed -> agent_acting
2026-08-31 15:12:43 [INFO] [HERMES_RUNTIME] Executing tool: close_window ({'app_name': None})
2026-08-31 15:12:43 [INFO] [TOOL_REGISTRY] Executing 'close_window' with params: {'app_name': None}
2026-08-31 15:12:43 [INFO] [WINDOW] HWND=65932126 is already foreground. Activation skipped.
2026-08-31 15:12:43 [INFO] [HERMES EVENT] ✅ Tool finished: 'close_window' (result: {'success': True, 'message': 'Closed YouTube - Google Chrome.'})
2026-08-31 15:12:43 [INFO] [HERMES EVENT] 🔍 Verifying results: Verifying execution results...
2026-08-31 15:12:43 [INFO] [JARVIS] State changed -> agent_verifying
2026-08-31 15:12:43 [INFO] [HERMES EVENT] 🎯 Completed! Response: 'Closing window.'
2026-08-31 15:12:43 [INFO] [HERMES_CLIENT] Received Hermes response: 'Closing window.'
2026-08-31 15:12:43 [INFO] [HERMES -> CHAT] Final response synthesized: 'Closing window.' (success=True)
2026-08-31 15:12:43 [INFO] Playing phrase from cache: C:\Users\ADMIN\Downloads\jarvis-main\jarvis-main\.cache\jarvis_welcome\1ba94dd065161be05788c55a.wav
2026-08-31 15:12:43 [INFO] [JARVIS] State changed -> speaking
2026-08-31 15:12:44 [INFO] [JARVIS] State changed -> listening
2026-08-31 15:12:44 [INFO] [JARVIS] State changed -> listening
2026-08-31 15:12:44 [INFO] [CHAT] Returned to listening state. Ready for next voice command.
2026-08-31 15:13:21 [INFO] [VAD] Speech started.
2026-08-31 15:13:21 [INFO] 🎙️ [VAD] User started speaking turn...
2026-08-31 15:13:23 [INFO] [VAD] Speech ended (utterance bytes=99840).
2026-08-31 15:13:23 [INFO] [AUDIO] duration=3.12s rms=0.09000 peak=0.4329 silence_ratio=0.51 is_valid=True
2026-08-31 15:13:23 [INFO] Processing audio with duration 00:03.120
2026-08-31 15:13:24 [INFO] Detected language 'vi' with probability 0.94
2026-08-31 15:13:25 [INFO] [STT] Faster-Whisper: transcribed='Chẳng video hữu hãy.' | lang='vi' (prob=0.94)
2026-08-31 15:13:25 [INFO] [LANGUAGE] Detected VIETNAMESE utterance: 'Chẳng video hữu hãy.' (conf=0.90)
2026-08-31 15:13:25 [INFO] [STT] model=base language_mode=auto text='Chẳng video hữu hãy.' avg_logprob=-0.875 no_speech_prob=0.008 compression_ratio=0.74
2026-08-31 15:13:25 [INFO] [LANGUAGE] primary=vi languages=['vi'] mixed_language=False
2026-08-31 15:13:25 [INFO] [STT_RESOLVER] candidate_count=1 selected_candidate='Chẳng video hữu hãy.' confidence=0.94 score=-0.922
2026-08-31 15:13:26 [INFO] [STT -> INTERPRETATION]
  [STT RAW]: 'Chẳng video hữu hãy.'
  [NORMALIZED]: 'chọn video hữu hãy.'
  [INTENT]: CONVERSATION (confidence=0.85, compound=False)
  [ENTITY]: None (method=None, confidence=0.00)
2026-08-31 15:13:26 [INFO] 🎙️ [SMART TURN COMPLETED] Raw: 'Chẳng video hữu hãy.' | Normalized: 'chọn video hữu hãy.'
2026-08-31 15:13:26 [INFO] 💬 [CONVERSATION MODE] Processing user command: 'chọn video hữu hãy.' (Raw STT: 'Chẳng video hữu hãy.')
2026-08-31 15:13:26 [INFO] [LANGUAGE] Detected VIETNAMESE utterance: 'Chẳng video hữu hãy.' (conf=0.90)
2026-08-31 15:13:26 [INFO] 🎙️ [STT] raw = 'Chẳng video hữu hãy.'
2026-08-31 15:13:26 [INFO] 🌐 [LANGUAGE] detected = 'vi' (confidence=0.90, response_rule='ALWAYS_ENGLISH')
2026-08-31 15:13:26 [INFO] ✨ [NORMALIZER] normalized = 'chọn video hữu hãy.'
2026-08-31 15:13:26 [INFO] 🎯 [INTENT] type = CONVERSATION (confidence=0.85, compound=False)
2026-08-31 15:13:26 [INFO] [ROUTER] Routing natural-language task 'Chẳng video hữu hãy.' to Hermes Agent
2026-08-31 15:13:26 [INFO] [ROUTER] Command: 'chọn video hữu hãy.' -> Target: HERMES_AGENT (Action: agent_task)
2026-08-31 15:13:26 [INFO] 🧠 [HERMES] Starting task delegation to Hermes Agent loop for session: cd080e0c
2026-08-31 15:13:26 [INFO] [JARVIS] State changed -> agent_thinking
2026-08-31 15:13:26 [INFO] [HERMES] Step 1: Agent thinking & reasoning about instruction 'chọn video hữu hãy.'...
2026-08-31 15:13:26 [INFO] [CHAT -> HERMES] Dispatching instruction: 'chọn video hữu hãy.' (Intent: CONVERSATION)
2026-08-31 15:13:26 [INFO] [HERMES_CLIENT] Sending message to Hermes for session cd080e0c: 'chọn video hữu hãy.'
2026-08-31 15:13:26 [INFO] [HERMES EVENT] 💭 Thinking: Analyzing request with Qwen reasoning...
2026-08-31 15:13:26 [INFO] [JARVIS] State changed -> agent_thinking
2026-08-31 15:13:26 [INFO] [HERMES_RUNTIME] Non-actionable utterance 'chọn video hữu hãy.' -> Silent recovery
2026-08-31 15:13:30 [INFO] [HERMES_RUNTIME] Non-actionable utterance 'chọn video hữu hãy.' -> Silent recovery
2026-08-31 15:13:30 [INFO] [HERMES_RUNTIME] Generated plan for 'chọn video hữu hãy.': []
2026-08-31 15:13:30 [INFO] [HERMES EVENT] 🔍 Verifying results: Verifying execution results...
2026-08-31 15:13:30 [INFO] [JARVIS] State changed -> agent_verifying
2026-08-31 15:13:30 [INFO] [HERMES EVENT] 🎯 Completed! Response: ''
2026-08-31 15:13:30 [INFO] [HERMES_CLIENT] Received Hermes response: ''
2026-08-31 15:13:30 [INFO] [HERMES -> CHAT] Final response synthesized: '' (success=True)
2026-08-31 15:13:30 [INFO] [HERMES] Response is silent (no speech synthesis needed).
2026-08-31 15:13:30 [INFO] [JARVIS] State changed -> listening
2026-08-31 15:13:30 [INFO] [CHAT] Returned to listening state. Ready for next voice command.
2026-08-31 15:13:50 [INFO] [VAD] Speech started.
2026-08-31 15:13:50 [INFO] 🎙️ [VAD] User started speaking turn...
2026-08-31 15:13:52 [INFO] [VAD] Speech ended (utterance bytes=76800).
2026-08-31 15:13:52 [INFO] [AUDIO] duration=2.40s rms=0.09000 peak=0.6069 silence_ratio=0.57 is_valid=True
2026-08-31 15:13:52 [INFO] Processing audio with duration 00:02.400
2026-08-31 15:13:53 [INFO] Detected language 'vi' with probability 0.51
2026-08-31 15:13:54 [INFO] [STT] Faster-Whisper: transcribed='Jarvis, video hứt hei' | lang='vi' (prob=0.51)
2026-08-31 15:13:54 [INFO] [LANGUAGE] Detected VIETNAMESE utterance: 'Jarvis, video hứt hei' (conf=0.80)
2026-08-31 15:13:54 [INFO] [STT] model=base language_mode=auto text='Jarvis, video hứt hei' avg_logprob=-0.898 no_speech_prob=0.119 compression_ratio=0.75
2026-08-31 15:13:54 [INFO] [LANGUAGE] primary=vi languages=['vi'] mixed_language=False
2026-08-31 15:13:54 [INFO] [STT_RESOLVER] candidate_count=1 selected_candidate='Jarvis, video hứt hei' confidence=0.51 score=-1.221
2026-08-31 15:13:55 [INFO] [STT -> INTERPRETATION]
  [STT RAW]: 'Jarvis, video hứt hei'
  [NORMALIZED]: 'Jarvis, video hứt hei'
  [INTENT]: CONVERSATION (confidence=0.85, compound=False)
  [ENTITY]: None (method=None, confidence=0.00)
2026-08-31 15:13:55 [INFO] 🎙️ [SMART TURN COMPLETED] Raw: 'Jarvis, video hứt hei' | Normalized: 'Jarvis, video hứt hei'
2026-08-31 15:13:55 [INFO] 💬 [CONVERSATION MODE] Processing user command: 'Jarvis, video hứt hei' (Raw STT: 'Jarvis, video hứt hei')
2026-08-31 15:13:55 [INFO] [LANGUAGE] Detected VIETNAMESE utterance: 'Jarvis, video hứt hei' (conf=0.80)
2026-08-31 15:13:55 [INFO] 🎙️ [STT] raw = 'Jarvis, video hứt hei'
2026-08-31 15:13:55 [INFO] 🌐 [LANGUAGE] detected = 'vi' (confidence=0.80, response_rule='ALWAYS_ENGLISH')
2026-08-31 15:13:55 [INFO] ✨ [NORMALIZER] normalized = 'Jarvis, video hứt hei'
2026-08-31 15:13:55 [INFO] 🎯 [INTENT] type = CONVERSATION (confidence=0.85, compound=False)
2026-08-31 15:13:55 [INFO] [ROUTER] Routing natural-language task 'Jarvis, video hứt hei' to Hermes Agent
2026-08-31 15:13:55 [INFO] [ROUTER] Command: 'Jarvis, video hứt hei' -> Target: HERMES_AGENT (Action: agent_task)
2026-08-31 15:13:55 [INFO] 🧠 [HERMES] Starting task delegation to Hermes Agent loop for session: cd080e0c
2026-08-31 15:13:55 [INFO] [JARVIS] State changed -> agent_thinking
2026-08-31 15:13:55 [INFO] [HERMES] Step 1: Agent thinking & reasoning about instruction 'Jarvis, video hứt hei'...
2026-08-31 15:13:55 [INFO] [CHAT -> HERMES] Dispatching instruction: 'Jarvis, video hứt hei' (Intent: CONVERSATION)
2026-08-31 15:13:55 [INFO] [HERMES_CLIENT] Sending message to Hermes for session cd080e0c: 'Jarvis, video hứt hei'
2026-08-31 15:13:55 [INFO] [HERMES EVENT] 💭 Thinking: Analyzing request with Qwen reasoning...
2026-08-31 15:13:55 [INFO] [JARVIS] State changed -> agent_thinking
2026-08-31 15:13:59 [INFO] [STT -> INTERPRETATION]
  [STT RAW]: 'jarvis'
  [NORMALIZED]: 'jarvis'
  [INTENT]: CONVERSATION (confidence=0.85, compound=False)
  [ENTITY]: None (method=None, confidence=0.00)
2026-08-31 15:14:00 [INFO] [STT -> INTERPRETATION]
  [STT RAW]: 'video hứt hei'
  [NORMALIZED]: 'video hứt hei'
  [INTENT]: CONVERSATION (confidence=0.85, compound=False)
  [ENTITY]: None (method=None, confidence=0.00)
2026-08-31 15:14:00 [INFO] [HERMES_RUNTIME] Non-actionable utterance 'video hứt hei' -> Silent recovery
2026-08-31 15:14:00 [INFO] [HERMES_RUNTIME] Non-actionable utterance 'jarvis, video hứt hei' -> Silent recovery
2026-08-31 15:14:00 [INFO] [HERMES_RUNTIME] Generated plan for 'Jarvis, video hứt hei': []
2026-08-31 15:14:00 [INFO] [HERMES EVENT] 🔍 Verifying results: Verifying execution results...
2026-08-31 15:14:00 [INFO] [JARVIS] State changed -> agent_verifying
2026-08-31 15:14:00 [INFO] [HERMES EVENT] 🎯 Completed! Response: ''
2026-08-31 15:14:00 [INFO] [HERMES_CLIENT] Received Hermes response: ''
2026-08-31 15:14:00 [INFO] [HERMES -> CHAT] Final response synthesized: '' (success=True)
2026-08-31 15:14:00 [INFO] [HERMES] Response is silent (no speech synthesis needed).
2026-08-31 15:14:00 [INFO] [JARVIS] State changed -> listening
2026-08-31 15:14:00 [INFO] [CHAT] Returned to listening state. Ready for next voice command.
2026-08-31 15:14:05 [INFO] [VAD] Speech started.
2026-08-31 15:14:05 [INFO] 🎙️ [VAD] User started speaking turn...
2026-08-31 15:14:07 [INFO] [VAD] Speech ended (utterance bytes=79360).
2026-08-31 15:14:07 [INFO] [AUDIO] duration=2.48s rms=0.09000 peak=0.5023 silence_ratio=0.56 is_valid=True
2026-08-31 15:14:07 [INFO] Processing audio with duration 00:02.480
2026-08-31 15:14:08 [INFO] Detected language 'vi' with probability 0.99
2026-08-31 15:14:09 [INFO] [STT] Faster-Whisper: transcribed='Chọn video đầu tiên.' | lang='vi' (prob=0.99)
2026-08-31 15:14:09 [INFO] [LANGUAGE] Detected VIETNAMESE utterance: 'Chọn video đầu tiên.' (conf=0.95)
2026-08-31 15:14:09 [INFO] [STT] model=base language_mode=auto text='Chọn video đầu tiên.' avg_logprob=-0.378 no_speech_prob=0.013 compression_ratio=0.74
2026-08-31 15:14:09 [INFO] [LANGUAGE] primary=vi languages=['vi'] mixed_language=False
2026-08-31 15:14:09 [INFO] [STT_RESOLVER] candidate_count=1 selected_candidate='Chọn video đầu tiên.' confidence=0.99 score=-0.126
2026-08-31 15:14:10 [INFO] [STT -> INTERPRETATION]
  [STT RAW]: 'Chọn video đầu tiên.'
  [NORMALIZED]: 'Chọn video đầu tiên.'
  [INTENT]: CONVERSATION (confidence=0.85, compound=False)
  [ENTITY]: Visual Studio Code (method=metaphone, confidence=0.80)
2026-08-31 15:14:10 [INFO] 🎙️ [SMART TURN COMPLETED] Raw: 'Chọn video đầu tiên.' | Normalized: 'Chọn video đầu tiên.'
2026-08-31 15:14:10 [INFO] 💬 [CONVERSATION MODE] Processing user command: 'Chọn video đầu tiên.' (Raw STT: 'Chọn video đầu tiên.')
2026-08-31 15:14:10 [INFO] [LANGUAGE] Detected VIETNAMESE utterance: 'Chọn video đầu tiên.' (conf=0.95)
2026-08-31 15:14:10 [INFO] 🎙️ [STT] raw = 'Chọn video đầu tiên.'
2026-08-31 15:14:10 [INFO] 🌐 [LANGUAGE] detected = 'vi' (confidence=0.95, response_rule='ALWAYS_ENGLISH')
2026-08-31 15:14:10 [INFO] ✨ [NORMALIZER] normalized = 'Chọn video đầu tiên.'
2026-08-31 15:14:10 [INFO] 🎯 [INTENT] type = CONVERSATION (confidence=0.85, compound=False)
2026-08-31 15:14:10 [INFO] 🏷️ [ENTITY] candidate = 'Visual Studio Code' (alias='viet code', method=metaphone, confidence=0.80)
2026-08-31 15:14:10 [INFO] [ROUTER] Routing natural-language task 'Chọn video đầu tiên.' to Hermes Agent
2026-08-31 15:14:10 [INFO] [ROUTER] Command: 'Chọn video đầu tiên.' -> Target: HERMES_AGENT (Action: agent_task)
2026-08-31 15:14:10 [INFO] 🧠 [HERMES] Starting task delegation to Hermes Agent loop for session: cd080e0c
2026-08-31 15:14:10 [INFO] [JARVIS] State changed -> agent_thinking
2026-08-31 15:14:10 [INFO] [HERMES] Step 1: Agent thinking & reasoning about instruction 'Chọn video đầu tiên.'...
2026-08-31 15:14:10 [INFO] [CHAT -> HERMES] Dispatching instruction: 'Chọn video đầu tiên.' (Intent: CONVERSATION)
2026-08-31 15:14:10 [INFO] [HERMES_CLIENT] Sending message to Hermes for session cd080e0c: 'Chọn video đầu tiên.'
2026-08-31 15:14:10 [INFO] [HERMES EVENT] 💭 Thinking: Analyzing request with Qwen reasoning...
2026-08-31 15:14:10 [INFO] [JARVIS] State changed -> agent_thinking
2026-08-31 15:14:10 [INFO] [HERMES_RUNTIME] Fast-path deterministic routing for 'Chọn video đầu tiên.': ['select_youtube_video']
2026-08-31 15:14:10 [INFO] [HERMES_RUNTIME] Generated plan for 'Chọn video đầu tiên.': ['select_youtube_video']
2026-08-31 15:14:10 [INFO] [HERMES EVENT] ⚙️ Executing tool: 'select_youtube_video' (params: {'index': 1})
2026-08-31 15:14:10 [INFO] [JARVIS] State changed -> agent_acting
2026-08-31 15:14:10 [INFO] [HERMES_RUNTIME] Executing tool: select_youtube_video ({'index': 1})
2026-08-31 15:14:10 [INFO] [TOOL_REGISTRY] Executing 'select_youtube_video' with params: {'index': 1}
2026-08-31 15:14:10 [INFO] [WINDOW] Foreground matches target app 'chrome' & task 'youtube': HWND=7998710
2026-08-31 15:14:12 [INFO] [DOM_PERCEPTION] Tier 1 CDP failed (<urlopen error timed out>). Attempting Tier 2 (UIA Fallback)...
2026-08-31 15:14:12 [INFO] [DOM_PERCEPTION] Running Tier 2 (UIA Fallback) for HWND: 7998710
2026-08-31 15:14:12 [INFO] Imported existing <module 'comtypes.gen' from 'C:\\Users\\ADMIN\\AppData\\Local\\Programs\\Python\\Python312\\Lib\\site-packages\\comtypes\\gen\\__init__.py'>
2026-08-31 15:14:12 [INFO] Using writeable comtypes cache directory: 'C:\Users\ADMIN\AppData\Local\Programs\Python\Python312\Lib\site-packages\comtypes\gen'
2026-08-31 15:14:12 [INFO] [UIA_DOM_EXTRACTOR] Extracted 0 YouTube video cards via UIA from HWND 7998710
2026-08-31 15:14:12 [INFO] ========== [YOUTUBE DOM EXTRACTION DEBUG LOG] ==========
2026-08-31 15:14:12 [INFO] [DOM_DEBUG] CDP connection failed: <urlopen error timed out>
2026-08-31 15:14:12 [INFO] =========================================================
2026-08-31 15:14:12 [ERROR] [DOM_PERCEPTION] DOM Extraction failed: 0 items returned
2026-08-31 15:14:12 [INFO] [HERMES EVENT] ✅ Tool finished: 'select_youtube_video' (result: {'success': False, 'status': 'DOM_EXTRACTION_FAILED', 'ordinal': 1, 'total_dom_items': 0, 'debug_log': ['CDP connection failed: <urlopen error timed out>'], 'target_interaction_verified': False, 'task_verified': False, 'window_recovered': False, 'failure_reason': 'dom_extraction_failed', 'message': 'DOM Extraction failed: 0 items returned', 'mouse_action_success': False})
2026-08-31 15:14:12 [INFO] [HERMES EVENT] 🔍 Verifying results: Verifying execution results...
2026-08-31 15:14:12 [INFO] [JARVIS] State changed -> agent_verifying
2026-08-31 15:14:12 [INFO] [HERMES EVENT] 🎯 Completed! Response: 'Clicked video 1, but playback could not be confirmed.'
2026-08-31 15:14:12 [INFO] [HERMES_CLIENT] Received Hermes response: 'Clicked video 1, but playback could not be confirmed.'
2026-08-31 15:14:12 [INFO] [HERMES -> CHAT] Final response synthesized: 'Clicked video 1, but playback could not be confirmed.' (success=False)
2026-08-31 15:14:12 [INFO] Playing phrase from cache: C:\Users\ADMIN\Downloads\jarvis-main\jarvis-main\.cache\jarvis_welcome\4083fd1104c514c92555edc4.wav
2026-08-31 15:14:12 [INFO] [JARVIS] State changed -> speaking
2026-08-31 15:14:16 [INFO] [JARVIS] State changed -> listening
2026-08-31 15:14:16 [INFO] [JARVIS] State changed -> listening
2026-08-31 15:14:16 [INFO] [CHAT] Returned to listening state. Ready for next voice command.
2026-08-31 15:14:21 [INFO] [VAD] Speech started.
2026-08-31 15:14:21 [INFO] 🎙️ [VAD] User started speaking turn...
2026-08-31 15:14:22 [INFO] [VAD] Speech ended (utterance bytes=66560).
2026-08-31 15:14:22 [INFO] [AUDIO] duration=2.08s rms=0.09000 peak=0.6555 silence_ratio=0.68 is_valid=True
2026-08-31 15:14:22 [INFO] Processing audio with duration 00:02.080
2026-08-31 15:14:23 [INFO] Detected language 'en' with probability 0.47
2026-08-31 15:14:24 [INFO] [STT] Language 'en' (prob=0.47) uncertain/empty -> Re-transcribing with bilingual fallback...
2026-08-31 15:14:24 [INFO] Processing audio with duration 00:02.080
2026-08-31 15:14:25 [INFO] [STT] Faster-Whisper: transcribed='Jarvis, go to sleep' | lang='en' (prob=1.00)
2026-08-31 15:14:25 [INFO] [LANGUAGE] Detected ENGLISH utterance: 'Jarvis, go to sleep' (conf=0.90)
2026-08-31 15:14:25 [INFO] [STT] model=base language_mode=auto text='Jarvis, go to sleep' avg_logprob=-0.082 no_speech_prob=0.017 compression_ratio=0.71
2026-08-31 15:14:25 [INFO] [LANGUAGE] primary=en languages=['en'] mixed_language=False
2026-08-31 15:14:25 [INFO] [STT_RESOLVER] candidate_count=1 selected_candidate='Jarvis, go to sleep' confidence=1.00 score=0.133
2026-08-31 15:14:25 [INFO] [VOICE_MEMORY] Exact match in learned memory: 'jarvis, go to sleep' -> 'go to sleep'
2026-08-31 15:14:26 [INFO] [STT -> INTERPRETATION]
  [STT RAW]: 'Jarvis, go to sleep'
  [NORMALIZED]: 'go to sleep'
  [INTENT]: SLEEP_DISMISS (confidence=0.99, compound=False)
  [ENTITY]: None (method=None, confidence=0.00)
2026-08-31 15:14:26 [INFO] 🎙️ [SMART TURN COMPLETED] Raw: 'Jarvis, go to sleep' | Normalized: 'go to sleep'
2026-08-31 15:14:26 [INFO] 💬 [CONVERSATION MODE] Processing user command: 'go to sleep' (Raw STT: 'Jarvis, go to sleep')
2026-08-31 15:14:26 [INFO] [LANGUAGE] Detected ENGLISH utterance: 'Jarvis, go to sleep' (conf=0.90)
2026-08-31 15:14:26 [INFO] 🎙️ [STT] raw = 'Jarvis, go to sleep'
2026-08-31 15:14:26 [INFO] 🌐 [LANGUAGE] detected = 'en' (confidence=0.90, response_rule='ALWAYS_ENGLISH')
2026-08-31 15:14:26 [INFO] ✨ [NORMALIZER] normalized = 'go to sleep'
2026-08-31 15:14:26 [INFO] 🎯 [INTENT] type = SLEEP_DISMISS (confidence=0.99, compound=False)
2026-08-31 15:14:26 [INFO] [ROUTER] Detected sleep/close command in 'Jarvis, go to sleep'
2026-08-31 15:14:26 [INFO] [ROUTER] Command: 'go to sleep' -> Target: SLEEP_DISMISS (Action: sleep)
2026-08-31 15:14:26 [INFO] 🛑 [CONVERSATION CLOSE] User requested sleep ('go to sleep') -> Closing session...
2026-08-31 15:14:26 [INFO] [JARVIS] Sleep/Close command detected -> Orb closing animation initiated.
2026-08-31 15:14:26 [INFO] [AUDIO] Ownership transfer: CHAT -> TRIGGER
2026-08-31 15:14:26 [INFO] [HERMES_RUNTIME] Session closed: cd080e0c
2026-08-31 15:14:26 [INFO] Playing phrase from cache: C:\Users\ADMIN\Downloads\jarvis-main\jarvis-main\.cache\jarvis_welcome\133ac38c254194538895ff7e.wav
2026-08-31 15:14:26 [INFO] [JARVIS] Session ended -> UI hidden. Background wake detector ready.
2026-08-31 15:14:40 [INFO] 🌟 [INTENT: CONVERSATION] Dedicated phrase detected ('jarvis i need your help') -> Materializing Jarvis Orb...
2026-08-31 15:14:40 [INFO] [JARVIS] Wake detected -> Conversation session acquired. ID: c6943076
2026-08-31 15:14:40 [INFO] [JARVIS] Conversation session acquired. ID: c6943076
2026-08-31 15:14:40 [INFO] [AUDIO] Ownership transfer: TRIGGER -> CHAT
2026-08-31 15:14:40 [INFO] [HERMES_RUNTIME] Session started: c6943076
2026-08-31 15:14:40 [INFO] Playing phrase from cache: C:\Users\ADMIN\Downloads\jarvis-main\jarvis-main\.cache\jarvis_welcome\d0ecfd35be7f28a737660d7a.wav
2026-08-31 15:14:40 [INFO] [JARVIS] State changed -> speaking
2026-08-31 15:14:42 [INFO] [JARVIS] State changed -> listening
2026-08-31 15:14:43 [INFO] [VAD] Speech started.
2026-08-31 15:14:43 [INFO] 🎙️ [VAD] User started speaking turn...
2026-08-31 15:14:44 [INFO] [VAD] Speech ended (utterance bytes=56320).
2026-08-31 15:14:44 [INFO] [AUDIO] duration=1.76s rms=0.09000 peak=0.7146 silence_ratio=0.62 is_valid=True
2026-08-31 15:14:44 [INFO] Processing audio with duration 00:01.760
2026-08-31 15:14:45 [INFO] Detected language 'en' with probability 0.66
2026-08-31 15:14:46 [INFO] [STT] Faster-Whisper: transcribed='Jarvis, open YouTube' | lang='en' (prob=0.66)
2026-08-31 15:14:46 [INFO] [LANGUAGE] Detected ENGLISH utterance: 'Jarvis, open YouTube' (conf=0.90)
2026-08-31 15:14:46 [INFO] [STT] model=base language_mode=auto text='Jarvis, open YouTube' avg_logprob=-0.454 no_speech_prob=0.128 compression_ratio=0.72
2026-08-31 15:14:46 [INFO] [LANGUAGE] primary=en languages=['vi', 'en'] mixed_language=True
2026-08-31 15:14:46 [INFO] [STT_RESOLVER] candidate_count=1 selected_candidate='Jarvis, open YouTube' confidence=0.66 score=-0.401
2026-08-31 15:14:46 [INFO] [STT -> INTERPRETATION]
  [STT RAW]: 'Jarvis, open YouTube'
  [NORMALIZED]: 'Jarvis, open YouTube'
  [INTENT]: OPEN_APPLICATION (confidence=0.98, compound=False)
  [ENTITY]: YouTube (method=exact_alias, confidence=0.98)
2026-08-31 15:14:46 [INFO] 🎙️ [SMART TURN COMPLETED] Raw: 'Jarvis, open YouTube' | Normalized: 'Jarvis, open YouTube'
2026-08-31 15:14:46 [INFO] 💬 [CONVERSATION MODE] Processing user command: 'Jarvis, open YouTube' (Raw STT: 'Jarvis, open YouTube')
2026-08-31 15:14:46 [INFO] [LANGUAGE] Detected ENGLISH utterance: 'Jarvis, open YouTube' (conf=0.90)
2026-08-31 15:14:46 [INFO] 🎙️ [STT] raw = 'Jarvis, open YouTube'
2026-08-31 15:14:46 [INFO] 🌐 [LANGUAGE] detected = 'en' (confidence=0.90, response_rule='ALWAYS_ENGLISH')
2026-08-31 15:14:46 [INFO] ✨ [NORMALIZER] normalized = 'Jarvis, open YouTube'
2026-08-31 15:14:46 [INFO] 🎯 [INTENT] type = OPEN_APPLICATION (confidence=0.98, compound=False)
2026-08-31 15:14:46 [INFO] 🏷️ [ENTITY] candidate = 'YouTube' (alias='youtube', method=exact_alias, confidence=0.98)
2026-08-31 15:14:46 [INFO] [ROUTER] Fast-path routing to 'open_app:youtube' for 'Jarvis, open YouTube'
2026-08-31 15:14:46 [INFO] [ROUTER] Command: 'Jarvis, open YouTube' -> Target: DETERMINISTIC_ACTION (Action: open_app:youtube)
2026-08-31 15:14:46 [INFO] [JARVIS] State changed -> processing
2026-08-31 15:14:46 [INFO] [ACTION] Fast-path executing deterministic action: open_app:youtube
2026-08-31 15:14:46 [INFO] [TOOL] open_application('YouTube')
2026-08-31 15:14:46 [INFO] [TOOL_REGISTRY] Executing 'open_application' with params: {'app_name': 'YouTube'}
2026-08-31 15:14:46 [INFO] [COMPUTER_USE] Opening web service 'YouTube' -> https://www.youtube.com
2026-08-31 15:14:46 [INFO] [BROWSER] Opened https://www.youtube.com with Isolated CDP on port 9222
2026-08-31 15:14:46 [INFO] [RESULT] success
2026-08-31 15:14:46 [INFO] Playing phrase from cache: C:\Users\ADMIN\Downloads\jarvis-main\jarvis-main\.cache\jarvis_welcome\df453efcd9c6d4e03836a8a9.wav
2026-08-31 15:14:46 [INFO] [JARVIS] State changed -> speaking
2026-08-31 15:14:48 [INFO] [JARVIS] State changed -> listening
2026-08-31 15:14:48 [INFO] [JARVIS] State changed -> listening
2026-08-31 15:14:48 [INFO] [CHAT] Returned to listening state. Ready for next voice command.
2026-08-31 15:14:51 [INFO] [VAD] Speech started.
2026-08-31 15:14:51 [INFO] 🎙️ [VAD] User started speaking turn...
2026-08-31 15:14:52 [INFO] [VAD] Speech ended (utterance bytes=74240).
2026-08-31 15:14:53 [INFO] [AUDIO] duration=2.32s rms=0.09000 peak=0.5503 silence_ratio=0.57 is_valid=True
2026-08-31 15:14:53 [INFO] Processing audio with duration 00:02.320
2026-08-31 15:14:53 [INFO] Detected language 'vi' with probability 0.98
2026-08-31 15:14:54 [INFO] [STT] Faster-Whisper: transcribed='Đóng video thứ ba.' | lang='vi' (prob=0.98)
2026-08-31 15:14:54 [INFO] [LANGUAGE] Detected VIETNAMESE utterance: 'Đóng video thứ ba.' (conf=0.90)
2026-08-31 15:14:54 [INFO] [STT] model=base language_mode=auto text='Đóng video thứ ba.' avg_logprob=-0.610 no_speech_prob=0.031 compression_ratio=0.71
2026-08-31 15:14:54 [INFO] [LANGUAGE] primary=vi languages=['vi'] mixed_language=False
2026-08-31 15:14:54 [INFO] [STT_RESOLVER] candidate_count=1 selected_candidate='Đóng video thứ ba.' confidence=0.98 score=-0.479
2026-08-31 15:14:55 [INFO] [STT -> INTERPRETATION]
  [STT RAW]: 'Đóng video thứ ba.'
  [NORMALIZED]: 'close video thứ ba.'
  [INTENT]: CLOSE_APPLICATION (confidence=0.88, compound=False)
  [ENTITY]: None (method=None, confidence=0.00)
2026-08-31 15:14:55 [INFO] 🎙️ [SMART TURN COMPLETED] Raw: 'Đóng video thứ ba.' | Normalized: 'close video thứ ba.'
2026-08-31 15:14:55 [INFO] 💬 [CONVERSATION MODE] Processing user command: 'close video thứ ba.' (Raw STT: 'Đóng video thứ ba.')
2026-08-31 15:14:55 [INFO] [LANGUAGE] Detected VIETNAMESE utterance: 'Đóng video thứ ba.' (conf=0.90)
2026-08-31 15:14:55 [INFO] 🎙️ [STT] raw = 'Đóng video thứ ba.'
2026-08-31 15:14:55 [INFO] 🌐 [LANGUAGE] detected = 'vi' (confidence=0.90, response_rule='ALWAYS_ENGLISH')
2026-08-31 15:14:55 [INFO] ✨ [NORMALIZER] normalized = 'close video thứ ba.'
2026-08-31 15:14:55 [INFO] 🎯 [INTENT] type = CLOSE_APPLICATION (confidence=0.88, compound=False)
2026-08-31 15:14:55 [INFO] [ROUTER] Detected desktop window close request 'Đóng video thứ ba.' -> Routing to Hermes Agent
2026-08-31 15:14:55 [INFO] [ROUTER] Command: 'close video thứ ba.' -> Target: HERMES_AGENT (Action: agent_task)
2026-08-31 15:14:55 [INFO] 🧠 [HERMES] Starting task delegation to Hermes Agent loop for session: c6943076
2026-08-31 15:14:55 [INFO] [JARVIS] State changed -> agent_thinking
2026-08-31 15:14:55 [INFO] [HERMES] Step 1: Agent thinking & reasoning about instruction 'close video thứ ba.'...
2026-08-31 15:14:55 [INFO] [CHAT -> HERMES] Dispatching instruction: 'close video thứ ba.' (Intent: CLOSE_APPLICATION)
2026-08-31 15:14:55 [INFO] [HERMES_CLIENT] Sending message to Hermes for session c6943076: 'close video thứ ba.'
2026-08-31 15:14:55 [INFO] [HERMES EVENT] 💭 Thinking: Analyzing request with Qwen reasoning...
2026-08-31 15:14:55 [INFO] [JARVIS] State changed -> agent_thinking
2026-08-31 15:14:55 [INFO] [HERMES_RUNTIME] Fast-path deterministic routing for 'close video thứ ba.': ['close_window']
2026-08-31 15:14:55 [INFO] [HERMES_RUNTIME] Generated plan for 'close video thứ ba.': ['close_window']
2026-08-31 15:14:55 [INFO] [HERMES EVENT] ⚙️ Executing tool: 'close_window' (params: {'app_name': None})
2026-08-31 15:14:55 [INFO] [JARVIS] State changed -> agent_acting
2026-08-31 15:14:55 [INFO] [HERMES_RUNTIME] Executing tool: close_window ({'app_name': None})
2026-08-31 15:14:55 [INFO] [TOOL_REGISTRY] Executing 'close_window' with params: {'app_name': None}
2026-08-31 15:14:55 [INFO] [WINDOW] HWND=67636002 is already foreground. Activation skipped.
2026-08-31 15:14:55 [INFO] [HERMES EVENT] ✅ Tool finished: 'close_window' (result: {'success': True, 'message': 'Closed (45) YouTube - Google Chrome.'})
2026-08-31 15:14:55 [INFO] [HERMES EVENT] 🔍 Verifying results: Verifying execution results...
2026-08-31 15:14:55 [INFO] [JARVIS] State changed -> agent_verifying
2026-08-31 15:14:55 [INFO] [HERMES EVENT] 🎯 Completed! Response: 'Closing window.'
2026-08-31 15:14:55 [INFO] [HERMES_CLIENT] Received Hermes response: 'Closing window.'
2026-08-31 15:14:55 [INFO] [HERMES -> CHAT] Final response synthesized: 'Closing window.' (success=True)
2026-08-31 15:14:55 [INFO] Playing phrase from cache: C:\Users\ADMIN\Downloads\jarvis-main\jarvis-main\.cache\jarvis_welcome\1ba94dd065161be05788c55a.wav
2026-08-31 15:14:55 [INFO] [JARVIS] State changed -> speaking
2026-08-31 15:14:56 [INFO] [JARVIS] State changed -> listening
2026-08-31 15:14:56 [INFO] [JARVIS] State changed -> listening
2026-08-31 15:14:56 [INFO] [CHAT] Returned to listening state. Ready for next voice command.
2026-08-31 15:15:00 [INFO] [VAD] Speech started.
2026-08-31 15:15:00 [INFO] 🎙️ [VAD] User started speaking turn...
2026-08-31 15:15:01 [INFO] [VAD] Speech ended (utterance bytes=53760).
2026-08-31 15:15:01 [INFO] [AUDIO] duration=1.68s rms=0.09000 peak=0.5969 silence_ratio=0.69 is_valid=True
2026-08-31 15:15:01 [INFO] Processing audio with duration 00:01.680
2026-08-31 15:15:02 [INFO] Detected language 'en' with probability 0.67
2026-08-31 15:15:03 [INFO] [STT] Faster-Whisper: transcribed='Open YouTube.' | lang='en' (prob=0.67)
2026-08-31 15:15:03 [INFO] [LANGUAGE] Detected ENGLISH utterance: 'Open YouTube.' (conf=0.90)
2026-08-31 15:15:03 [INFO] [STT] model=base language_mode=auto text='Open YouTube.' avg_logprob=-0.203 no_speech_prob=0.061 compression_ratio=0.62
2026-08-31 15:15:03 [INFO] [LANGUAGE] primary=en languages=['vi', 'en'] mixed_language=True
2026-08-31 15:15:03 [INFO] [STT_RESOLVER] candidate_count=1 selected_candidate='Open YouTube.' confidence=0.67 score=0.042
2026-08-31 15:15:03 [INFO] [STT -> INTERPRETATION]
  [STT RAW]: 'Open YouTube.'
  [NORMALIZED]: 'Open YouTube.'
  [INTENT]: OPEN_APPLICATION (confidence=0.98, compound=False)
  [ENTITY]: YouTube (method=levenshtein, confidence=0.93)
2026-08-31 15:15:03 [INFO] 🎙️ [SMART TURN COMPLETED] Raw: 'Open YouTube.' | Normalized: 'Open YouTube.'
2026-08-31 15:15:03 [INFO] 💬 [CONVERSATION MODE] Processing user command: 'Open YouTube.' (Raw STT: 'Open YouTube.')
2026-08-31 15:15:03 [INFO] [LANGUAGE] Detected ENGLISH utterance: 'Open YouTube.' (conf=0.90)
2026-08-31 15:15:03 [INFO] 🎙️ [STT] raw = 'Open YouTube.'
2026-08-31 15:15:03 [INFO] 🌐 [LANGUAGE] detected = 'en' (confidence=0.90, response_rule='ALWAYS_ENGLISH')
2026-08-31 15:15:03 [INFO] ✨ [NORMALIZER] normalized = 'Open YouTube.'
2026-08-31 15:15:03 [INFO] 🎯 [INTENT] type = OPEN_APPLICATION (confidence=0.98, compound=False)
2026-08-31 15:15:03 [INFO] 🏷️ [ENTITY] candidate = 'YouTube' (alias='YouTube', method=levenshtein, confidence=0.93)
2026-08-31 15:15:03 [INFO] [ROUTER] Fast-path routing to 'open_app:youtube' for 'Open YouTube.'
2026-08-31 15:15:03 [INFO] [ROUTER] Command: 'Open YouTube.' -> Target: DETERMINISTIC_ACTION (Action: open_app:youtube)
2026-08-31 15:15:03 [INFO] [JARVIS] State changed -> processing
2026-08-31 15:15:03 [INFO] [ACTION] Fast-path executing deterministic action: open_app:youtube
2026-08-31 15:15:03 [INFO] [TOOL] open_application('YouTube')
2026-08-31 15:15:03 [INFO] [TOOL_REGISTRY] Executing 'open_application' with params: {'app_name': 'YouTube'}
2026-08-31 15:15:03 [INFO] [COMPUTER_USE] Opening web service 'YouTube' -> https://www.youtube.com
2026-08-31 15:15:03 [INFO] [BROWSER] Opened https://www.youtube.com with Isolated CDP on port 9222
2026-08-31 15:15:03 [INFO] [RESULT] success
2026-08-31 15:15:03 [INFO] Playing phrase from cache: C:\Users\ADMIN\Downloads\jarvis-main\jarvis-main\.cache\jarvis_welcome\df453efcd9c6d4e03836a8a9.wav
2026-08-31 15:15:03 [INFO] [JARVIS] State changed -> speaking
2026-08-31 15:15:05 [INFO] [JARVIS] State changed -> listening
2026-08-31 15:15:05 [INFO] [JARVIS] State changed -> listening
2026-08-31 15:15:05 [INFO] [CHAT] Returned to listening state. Ready for next voice command.
2026-08-31 15:15:09 [INFO] [VAD] Speech started.
2026-08-31 15:15:09 [INFO] 🎙️ [VAD] User started speaking turn...
2026-08-31 15:15:11 [INFO] [VAD] Speech ended (utterance bytes=84480).
2026-08-31 15:15:11 [INFO] [AUDIO] duration=2.64s rms=0.09000 peak=0.4788 silence_ratio=0.54 is_valid=True
2026-08-31 15:15:11 [INFO] Processing audio with duration 00:02.640
2026-08-31 15:15:12 [INFO] Detected language 'vi' with probability 0.98
2026-08-31 15:15:13 [INFO] [STT] Faster-Whisper: transcribed='Chọn video thứ ba.' | lang='vi' (prob=0.98)
2026-08-31 15:15:13 [INFO] [LANGUAGE] Detected VIETNAMESE utterance: 'Chọn video thứ ba.' (conf=0.85)
2026-08-31 15:15:13 [INFO] [STT] model=base language_mode=auto text='Chọn video thứ ba.' avg_logprob=-0.615 no_speech_prob=0.029 compression_ratio=0.76
2026-08-31 15:15:13 [INFO] [LANGUAGE] primary=vi languages=['vi'] mixed_language=False
2026-08-31 15:15:13 [INFO] [STT_RESOLVER] candidate_count=1 selected_candidate='Chọn video thứ ba.' confidence=0.98 score=-0.483
2026-08-31 15:15:13 [INFO] [STT -> INTERPRETATION]
  [STT RAW]: 'Chọn video thứ ba.'
  [NORMALIZED]: 'Chọn video thứ ba.'
  [INTENT]: CONVERSATION (confidence=0.85, compound=False)
  [ENTITY]: None (method=None, confidence=0.00)
2026-08-31 15:15:13 [INFO] 🎙️ [SMART TURN COMPLETED] Raw: 'Chọn video thứ ba.' | Normalized: 'Chọn video thứ ba.'
2026-08-31 15:15:13 [INFO] 💬 [CONVERSATION MODE] Processing user command: 'Chọn video thứ ba.' (Raw STT: 'Chọn video thứ ba.')
2026-08-31 15:15:13 [INFO] [LANGUAGE] Detected VIETNAMESE utterance: 'Chọn video thứ ba.' (conf=0.85)
2026-08-31 15:15:13 [INFO] 🎙️ [STT] raw = 'Chọn video thứ ba.'
2026-08-31 15:15:13 [INFO] 🌐 [LANGUAGE] detected = 'vi' (confidence=0.85, response_rule='ALWAYS_ENGLISH')
2026-08-31 15:15:13 [INFO] ✨ [NORMALIZER] normalized = 'Chọn video thứ ba.'
2026-08-31 15:15:13 [INFO] 🎯 [INTENT] type = CONVERSATION (confidence=0.85, compound=False)
2026-08-31 15:15:13 [INFO] [ROUTER] Routing natural-language task 'Chọn video thứ ba.' to Hermes Agent
2026-08-31 15:15:13 [INFO] [ROUTER] Command: 'Chọn video thứ ba.' -> Target: HERMES_AGENT (Action: agent_task)
2026-08-31 15:15:13 [INFO] 🧠 [HERMES] Starting task delegation to Hermes Agent loop for session: c6943076
2026-08-31 15:15:13 [INFO] [JARVIS] State changed -> agent_thinking
2026-08-31 15:15:13 [INFO] [HERMES] Step 1: Agent thinking & reasoning about instruction 'Chọn video thứ ba.'...
2026-08-31 15:15:13 [INFO] [CHAT -> HERMES] Dispatching instruction: 'Chọn video thứ ba.' (Intent: CONVERSATION)
2026-08-31 15:15:13 [INFO] [HERMES_CLIENT] Sending message to Hermes for session c6943076: 'Chọn video thứ ba.'
2026-08-31 15:15:13 [INFO] [HERMES EVENT] 💭 Thinking: Analyzing request with Qwen reasoning...
2026-08-31 15:15:13 [INFO] [JARVIS] State changed -> agent_thinking
2026-08-31 15:15:13 [INFO] [HERMES_RUNTIME] Fast-path deterministic routing for 'Chọn video thứ ba.': ['select_youtube_video']
2026-08-31 15:15:13 [INFO] [HERMES_RUNTIME] Generated plan for 'Chọn video thứ ba.': ['select_youtube_video']
2026-08-31 15:15:13 [INFO] [HERMES EVENT] ⚙️ Executing tool: 'select_youtube_video' (params: {'index': 3})
2026-08-31 15:15:13 [INFO] [JARVIS] State changed -> agent_acting
2026-08-31 15:15:13 [INFO] [HERMES_RUNTIME] Executing tool: select_youtube_video ({'index': 3})
2026-08-31 15:15:13 [INFO] [TOOL_REGISTRY] Executing 'select_youtube_video' with params: {'index': 3}
2026-08-31 15:15:13 [INFO] [WINDOW] Foreground matches target app 'chrome' & task 'youtube': HWND=47907456
2026-08-31 15:15:14 [INFO] ========== [YOUTUBE DOM EXTRACTION DEBUG LOG] ==========
2026-08-31 15:15:14 [INFO] [DOM_DEBUG] Viewport dimensions: innerWidth=1920, innerHeight=945
2026-08-31 15:15:14 [INFO] [DOM_DEBUG] Total nodes queried: 61
2026-08-31 15:15:14 [INFO] [DOM_DEBUG] Accepted ordinal #1: center=(1072.5, 290.6), href="/watch?v=660hyhEEkyw", title="Relaxing Medieval Fantasy Study Music – Deep Focus and Relaxing | Wise King From a serene hill"
2026-08-31 15:15:14 [INFO] [DOM_DEBUG] Accepted ordinal #2: center=(1616.8, 290.6), href="/watch?v=oIhdyhSfpCs", title="I'm back i'm back ( again )"
2026-08-31 15:15:14 [INFO] [DOM_DEBUG] Accepted ordinal #3: center=(419.3, 864.1), href="/shorts/XFekq1MVXjk", title="Aio placement…"
2026-08-31 15:15:14 [INFO] [DOM_DEBUG] Accepted ordinal #4: center=(745.9, 864.1), href="/shorts/LhrsHu9PC90", title="Mặc Sơn Đạo và những cái tên kỳ lạ…"
2026-08-31 15:15:14 [INFO] [DOM_DEBUG] Accepted ordinal #5: center=(1072.5, 864.1), href="/shorts/W-KDaC6Az4c", title="Tiểu Bảo thử thách đầu bò siêu to khổng lồ tại Lao Ma…"
2026-08-31 15:15:14 [INFO] [DOM_DEBUG] Accepted ordinal #6: center=(1399.1, 864.1), href="/shorts/1_qHfvDCWYo", title="VGA Này Rẻ Và Khỏe Hơn RTX 3060 ?…"
2026-08-31 15:15:14 [INFO] [DOM_DEBUG] Accepted ordinal #7: center=(1725.7, 864.1), href="/shorts/XvHQrDetvJo", title="Ông Chồng Sướng Nhất Trái Đất!!"
2026-08-31 15:15:14 [INFO] [DOM_DEBUG] DOM Extraction finished: 7 visible videos identified.
2026-08-31 15:15:14 [INFO] =========================================================
2026-08-31 15:15:14 [INFO] [DOM_PERCEPTION] Extracted 7 visible YouTube video items directly from DOM.
2026-08-31 15:15:14 [INFO] [COORD MATH] Viewport (cx: 419.3, cy: 864.1) -> Screen (X: 0 + 419.3 = 419, Y: 0 + 864.1 + 80 = 944)
2026-08-31 15:15:14 [INFO] [COMPONENT_TARGET] ordinal=#3 title='Aio placement…' href='/shorts/XFekq1MVXjk' id=yt_video_3 is_ad=False
[COORDINATE] dom_viewport_space=(419.3, 864.1) -> window_client_space=(419.3, 944.1) -> screen_space=(419, 944)
[WINDOW] hwnd=47907456 chrome_h=80 origin=(0, 0)
[MOUSE] final_physical_point=(419, 944)
2026-08-31 15:15:14 [INFO] [MOUSE_TXN] id=DOM-YT-3-875E action=CLICK target=(419, 944) count=1 button=left
2026-08-31 15:15:14 [INFO] [DOM-YT-3-875E] [MOUSE_MOVE] requested=(419, 944) before=(1225, 706) delta=(-806, 238) distance=840.4px
2026-08-31 15:15:14 [INFO] [DOM-YT-3-875E] [MOUSE_MOVE] actual=(419, 944) distance=0.0px verified=True
2026-08-31 15:15:14 [INFO] [MOUSE_TXN] id=DOM-YT-3-875E [MOUSE FINAL CHECK] requested_target=(419, 944) actual_cursor=(419, 944) delta=(0, 0) distance=0.0px
2026-08-31 15:15:14 [INFO] [DOM-YT-3-875E] [MOUSE_CLICK] physical_position=(419, 944) button=left count=1 down=True up=True completed=True
2026-08-31 15:15:14 [INFO] [MOUSE_TXN] id=DOM-YT-3-875E [MOUSE CLICK RESULT] position_at_click=(419, 944) down_result=True up_result=True click_completed=True
2026-08-31 15:15:14 [INFO] 
[CURSOR]
expected=(419, 944)
actual=(419, 944)
distance=0.0
verified=True
2026-08-31 15:15:14 [INFO] 
[CLICK]
dispatch=SUCCESS
count=1
2026-08-31 15:15:14 [INFO] 
[ACTION]
VIDEO_SELECTION_COMPLETED
2026-08-31 15:15:14 [INFO] [HERMES EVENT] ✅ Tool finished: 'select_youtube_video' (result: {'success': True, 'status': 'SUCCESS', 'ordinal': 3, 'target_id': 'yt_video_3', 'component_id': 'yt_video_3', 'title': 'Aio placement…', 'href': '/shorts/XFekq1MVXjk', 'is_ad': False, 'target': {'requested_index': 3, 'ordinal': 3, 'component_id': 'yt_video_3', 'bbox': [264, 631.2, 310.6, 465.9], 'screen_point': (419, 944), 'title': 'Aio placement…'}, 'viewport_point': (419.3, 864.1), 'click_point': (419, 944), 'cursor_before': (1225, 706), 'cursor_after': (419, 944), 'actual_position_before': (1225, 706), 'actual_position_at_click': (419, 944), 'coord_math': '[COORD MATH] Viewport (cx: 419.3, cy: 864.1) -> Screen (X: 0 + 419.3 = 419, Y: 0 + 864.1 + 80 = 944)', 'debug_log': ['Viewport dimensions: innerWidth=1920, innerHeight=945', 'Total nodes queried: 61', 'Accepted ordinal #1: center=(1072.5, 290.6), href="/watch?v=660hyhEEkyw", title="Relaxing Medieval Fantasy Study Music – Deep Focus and Relaxing | Wise King From a serene hill"', 'Accepted ordinal #2: center=(1616.8, 290.6), href="/watch?v=oIhdyhSfpCs", title="I\'m back i\'m back ( again )"', 'Accepted ordinal #3: center=(419.3, 864.1), href="/shorts/XFekq1MVXjk", title="Aio placement…"', 'Accepted ordinal #4: center=(745.9, 864.1), href="/shorts/LhrsHu9PC90", title="Mặc Sơn Đạo và những cái tên kỳ lạ…"', 'Accepted ordinal #5: center=(1072.5, 864.1), href="/shorts/W-KDaC6Az4c", title="Tiểu Bảo thử thách đầu bò siêu to khổng lồ tại Lao Ma…"', 'Accepted ordinal #6: center=(1399.1, 864.1), href="/shorts/1_qHfvDCWYo", title="VGA Này Rẻ Và Khỏe Hơn RTX 3060 ?…"', 'Accepted ordinal #7: center=(1725.7, 864.1), href="/shorts/XvHQrDetvJo", title="Ông Chồng Sướng Nhất Trái Đất!!"', 'DOM Extraction finished: 7 visible videos identified.'], 'move_verified': True, 'click_completed': True, 'mouse_action_success': True, 'target_interaction_verified': True, 'task_verified': True, 'window_recovered': False, 'message': "Clicked and selected YouTube video #3 ('Aio placement…') via DOM perception."})
2026-08-31 15:15:14 [INFO] [HERMES EVENT] 🔍 Verifying results: Verifying execution results...
2026-08-31 15:15:14 [INFO] [JARVIS] State changed -> agent_verifying
2026-08-31 15:15:14 [INFO] [HERMES EVENT] 🎯 Completed! Response: 'Playing video 3.'
2026-08-31 15:15:14 [INFO] [HERMES_CLIENT] Received Hermes response: 'Playing video 3.'
2026-08-31 15:15:14 [INFO] [HERMES -> CHAT] Final response synthesized: 'Playing video 3.' (success=True)
2026-08-31 15:15:14 [INFO] Playing phrase from cache: C:\Users\ADMIN\Downloads\jarvis-main\jarvis-main\.cache\jarvis_welcome\5c3f93556a064b0fcc6f6c34.wav
2026-08-31 15:15:14 [INFO] [JARVIS] State changed -> speaking
2026-08-31 15:15:15 [INFO] [JARVIS] State changed -> listening
2026-08-31 15:15:15 [INFO] [JARVIS] State changed -> listening
2026-08-31 15:15:15 [INFO] [CHAT] Returned to listening state. Ready for next voice command.
2026-08-31 15:15:19 [INFO] [VAD] Speech started.
2026-08-31 15:15:19 [INFO] 🎙️ [VAD] User started speaking turn...
2026-08-31 15:15:20 [INFO] [VAD] Speech ended (utterance bytes=51200).
2026-08-31 15:15:20 [INFO] [AUDIO] duration=1.60s rms=0.09000 peak=0.9327 silence_ratio=0.74 is_valid=True
2026-08-31 15:15:20 [INFO] Processing audio with duration 00:01.600
2026-08-31 15:15:21 [INFO] Detected language 'en' with probability 0.68
2026-08-31 15:15:22 [INFO] [STT] Faster-Whisper: transcribed='tab, scroll down' | lang='en' (prob=0.68)
2026-08-31 15:15:22 [INFO] [LANGUAGE] Detected ENGLISH utterance: 'tab, scroll down' (conf=0.80)
2026-08-31 15:15:22 [INFO] [STT] model=base language_mode=auto text='tab, scroll down' avg_logprob=-0.962 no_speech_prob=0.051 compression_ratio=0.68
2026-08-31 15:15:22 [INFO] [LANGUAGE] primary=en languages=['en'] mixed_language=False
2026-08-31 15:15:22 [INFO] [STT_RESOLVER] candidate_count=1 selected_candidate='tab, scroll down' confidence=0.68 score=-1.009
2026-08-31 15:15:22 [INFO] [STT -> INTERPRETATION]
  [STT RAW]: 'tab, scroll down'
  [NORMALIZED]: 'tab, scroll down'
  [INTENT]: CONVERSATION (confidence=0.85, compound=False)
  [ENTITY]: None (method=None, confidence=0.00)
2026-08-31 15:15:22 [INFO] 🎙️ [SMART TURN COMPLETED] Raw: 'tab, scroll down' | Normalized: 'tab, scroll down'
2026-08-31 15:15:22 [INFO] 💬 [CONVERSATION MODE] Processing user command: 'tab, scroll down' (Raw STT: 'tab, scroll down')
2026-08-31 15:15:22 [INFO] [LANGUAGE] Detected ENGLISH utterance: 'tab, scroll down' (conf=0.80)
2026-08-31 15:15:22 [INFO] 🎙️ [STT] raw = 'tab, scroll down'
2026-08-31 15:15:22 [INFO] 🌐 [LANGUAGE] detected = 'en' (confidence=0.80, response_rule='ALWAYS_ENGLISH')
2026-08-31 15:15:22 [INFO] ✨ [NORMALIZER] normalized = 'tab, scroll down'
2026-08-31 15:15:22 [INFO] 🎯 [INTENT] type = CONVERSATION (confidence=0.85, compound=False)
2026-08-31 15:15:22 [INFO] [ROUTER] Routing natural-language task 'tab, scroll down' to Hermes Agent
2026-08-31 15:15:22 [INFO] [ROUTER] Command: 'tab, scroll down' -> Target: HERMES_AGENT (Action: agent_task)
2026-08-31 15:15:22 [INFO] 🧠 [HERMES] Starting task delegation to Hermes Agent loop for session: c6943076
2026-08-31 15:15:22 [INFO] [JARVIS] State changed -> agent_thinking
2026-08-31 15:15:22 [INFO] [HERMES] Step 1: Agent thinking & reasoning about instruction 'tab, scroll down'...
2026-08-31 15:15:22 [INFO] [CHAT -> HERMES] Dispatching instruction: 'tab, scroll down' (Intent: CONVERSATION)
2026-08-31 15:15:22 [INFO] [HERMES_CLIENT] Sending message to Hermes for session c6943076: 'tab, scroll down'
2026-08-31 15:15:22 [INFO] [HERMES EVENT] 💭 Thinking: Analyzing request with Qwen reasoning...
2026-08-31 15:15:22 [INFO] [JARVIS] State changed -> agent_thinking
2026-08-31 15:15:26 [INFO] [STT -> INTERPRETATION]
  [STT RAW]: 'tab'
  [NORMALIZED]: 'tab'
  [INTENT]: CONVERSATION (confidence=0.85, compound=False)
  [ENTITY]: None (method=None, confidence=0.00)
2026-08-31 15:15:26 [INFO] [HERMES_RUNTIME] Non-actionable utterance 'tab' -> Silent recovery
2026-08-31 15:15:27 [INFO] [STT -> INTERPRETATION]
  [STT RAW]: 'scroll down'
  [NORMALIZED]: 'scroll down'
  [INTENT]: CONVERSATION (confidence=0.85, compound=False)
  [ENTITY]: None (method=None, confidence=0.00)
2026-08-31 15:15:27 [INFO] [HERMES_RUNTIME] Generated plan for 'tab, scroll down': ['scroll_page']
2026-08-31 15:15:27 [INFO] [HERMES EVENT] ⚙️ Executing tool: 'scroll_page' (params: {'direction': 'down', 'amount': 6})
2026-08-31 15:15:27 [INFO] [JARVIS] State changed -> agent_acting
2026-08-31 15:15:27 [INFO] [HERMES_RUNTIME] Executing tool: scroll_page ({'direction': 'down', 'amount': 6})
2026-08-31 15:15:27 [INFO] [TOOL_REGISTRY] Executing 'scroll_page' with params: {'direction': 'down', 'amount': 6}
2026-08-31 15:15:27 [INFO] [HERMES EVENT] ✅ Tool finished: 'scroll_page' (result: {'success': True, 'message': 'Scrolled down.'})
2026-08-31 15:15:27 [INFO] [HERMES EVENT] 🔍 Verifying results: Verifying execution results...
2026-08-31 15:15:27 [INFO] [JARVIS] State changed -> agent_verifying
2026-08-31 15:15:27 [INFO] [HERMES EVENT] 🎯 Completed! Response: 'Scrolling down.'
2026-08-31 15:15:27 [INFO] [HERMES_CLIENT] Received Hermes response: 'Scrolling down.'
2026-08-31 15:15:27 [INFO] [HERMES -> CHAT] Final response synthesized: 'Scrolling down.' (success=True)
2026-08-31 15:15:27 [INFO] Playing phrase from cache: C:\Users\ADMIN\Downloads\jarvis-main\jarvis-main\.cache\jarvis_welcome\a9c9fb6c76764bc883f63a19.wav
2026-08-31 15:15:27 [INFO] [JARVIS] State changed -> speaking
2026-08-31 15:15:28 [INFO] [JARVIS] State changed -> listening
2026-08-31 15:15:28 [INFO] [JARVIS] State changed -> listening
2026-08-31 15:15:28 [INFO] [CHAT] Returned to listening state. Ready for next voice command.
2026-08-31 15:15:30 [INFO] [VAD] Speech started.
2026-08-31 15:15:30 [INFO] 🎙️ [VAD] User started speaking turn...
2026-08-31 15:15:31 [INFO] [VAD] Speech ended (utterance bytes=46080).
2026-08-31 15:15:31 [INFO] [AUDIO] duration=1.44s rms=0.09000 peak=0.6596 silence_ratio=0.72 is_valid=True
2026-08-31 15:15:31 [INFO] Processing audio with duration 00:01.440
2026-08-31 15:15:31 [INFO] Detected language 'en' with probability 0.83
2026-08-31 15:15:32 [INFO] [STT] Faster-Whisper: transcribed='Slow down.' | lang='en' (prob=0.83)
2026-08-31 15:15:32 [INFO] [LANGUAGE] Detected ENGLISH utterance: 'Slow down.' (conf=0.80)
2026-08-31 15:15:32 [INFO] [STT] model=base language_mode=auto text='Slow down.' avg_logprob=-0.688 no_speech_prob=0.045 compression_ratio=0.56
2026-08-31 15:15:32 [INFO] [LANGUAGE] primary=en languages=['en'] mixed_language=False
2026-08-31 15:15:32 [INFO] [STT_RESOLVER] candidate_count=1 selected_candidate='Slow down.' confidence=0.83 score=-0.882
2026-08-31 15:15:33 [INFO] [STT -> INTERPRETATION]
  [STT RAW]: 'Slow down.'
  [NORMALIZED]: 'Slow down.'
  [INTENT]: CONVERSATION (confidence=0.85, compound=False)
  [ENTITY]: None (method=None, confidence=0.00)
2026-08-31 15:15:33 [INFO] 🎙️ [SMART TURN COMPLETED] Raw: 'Slow down.' | Normalized: 'Slow down.'
2026-08-31 15:15:33 [INFO] 💬 [CONVERSATION MODE] Processing user command: 'Slow down.' (Raw STT: 'Slow down.')
2026-08-31 15:15:33 [INFO] [LANGUAGE] Detected ENGLISH utterance: 'Slow down.' (conf=0.80)
2026-08-31 15:15:33 [INFO] 🎙️ [STT] raw = 'Slow down.'
2026-08-31 15:15:33 [INFO] 🌐 [LANGUAGE] detected = 'en' (confidence=0.80, response_rule='ALWAYS_ENGLISH')
2026-08-31 15:15:33 [INFO] ✨ [NORMALIZER] normalized = 'Slow down.'
2026-08-31 15:15:33 [INFO] 🎯 [INTENT] type = CONVERSATION (confidence=0.85, compound=False)
2026-08-31 15:15:33 [INFO] [ROUTER] Routing natural-language task 'Slow down.' to Hermes Agent
2026-08-31 15:15:33 [INFO] [ROUTER] Command: 'Slow down.' -> Target: HERMES_AGENT (Action: agent_task)
2026-08-31 15:15:33 [INFO] 🧠 [HERMES] Starting task delegation to Hermes Agent loop for session: c6943076
2026-08-31 15:15:33 [INFO] [JARVIS] State changed -> agent_thinking
2026-08-31 15:15:33 [INFO] [HERMES] Step 1: Agent thinking & reasoning about instruction 'Slow down.'...
2026-08-31 15:15:33 [INFO] [CHAT -> HERMES] Dispatching instruction: 'Slow down.' (Intent: CONVERSATION)
2026-08-31 15:15:33 [INFO] [HERMES_CLIENT] Sending message to Hermes for session c6943076: 'Slow down.'
2026-08-31 15:15:33 [INFO] [HERMES EVENT] 💭 Thinking: Analyzing request with Qwen reasoning...
2026-08-31 15:15:33 [INFO] [JARVIS] State changed -> agent_thinking
2026-08-31 15:15:37 [INFO] [HERMES_RUNTIME] Non-actionable utterance 'slow down.' -> Silent recovery
2026-08-31 15:15:37 [INFO] [HERMES_RUNTIME] Generated plan for 'Slow down.': []
2026-08-31 15:15:37 [INFO] [HERMES EVENT] 🔍 Verifying results: Verifying execution results...
2026-08-31 15:15:37 [INFO] [JARVIS] State changed -> agent_verifying
2026-08-31 15:15:37 [INFO] [HERMES EVENT] 🎯 Completed! Response: ''
2026-08-31 15:15:37 [INFO] [HERMES_CLIENT] Received Hermes response: ''
2026-08-31 15:15:37 [INFO] [HERMES -> CHAT] Final response synthesized: '' (success=True)
2026-08-31 15:15:37 [INFO] [HERMES] Response is silent (no speech synthesis needed).
2026-08-31 15:15:37 [INFO] [JARVIS] State changed -> listening
2026-08-31 15:15:37 [INFO] [CHAT] Returned to listening state. Ready for next voice command.
2026-08-31 15:15:40 [INFO] [VAD] Speech started.
2026-08-31 15:15:40 [INFO] 🎙️ [VAD] User started speaking turn...
2026-08-31 15:15:41 [INFO] [VAD] Speech ended (utterance bytes=53760).
2026-08-31 15:15:41 [INFO] [AUDIO] duration=1.68s rms=0.09000 peak=0.6981 silence_ratio=0.70 is_valid=True
2026-08-31 15:15:41 [INFO] Processing audio with duration 00:01.680
2026-08-31 15:15:42 [INFO] Detected language 'en' with probability 0.89
2026-08-31 15:15:43 [INFO] [STT] Faster-Whisper: transcribed='Scroll down.' | lang='en' (prob=0.89)
2026-08-31 15:15:43 [INFO] [LANGUAGE] Detected ENGLISH utterance: 'Scroll down.' (conf=0.80)
2026-08-31 15:15:43 [INFO] [STT] model=base language_mode=auto text='Scroll down.' avg_logprob=-0.220 no_speech_prob=0.075 compression_ratio=0.60
2026-08-31 15:15:43 [INFO] [LANGUAGE] primary=en languages=['en'] mixed_language=False
2026-08-31 15:15:43 [INFO] [STT_RESOLVER] candidate_count=1 selected_candidate='Scroll down.' confidence=0.89 score=-0.181
2026-08-31 15:15:43 [INFO] [STT -> INTERPRETATION]
  [STT RAW]: 'Scroll down.'
  [NORMALIZED]: 'Scroll down.'
  [INTENT]: CONVERSATION (confidence=0.85, compound=False)
  [ENTITY]: None (method=None, confidence=0.00)
2026-08-31 15:15:43 [INFO] 🎙️ [SMART TURN COMPLETED] Raw: 'Scroll down.' | Normalized: 'Scroll down.'
2026-08-31 15:15:43 [INFO] 💬 [CONVERSATION MODE] Processing user command: 'Scroll down.' (Raw STT: 'Scroll down.')
2026-08-31 15:15:43 [INFO] [LANGUAGE] Detected ENGLISH utterance: 'Scroll down.' (conf=0.80)
2026-08-31 15:15:43 [INFO] 🎙️ [STT] raw = 'Scroll down.'
2026-08-31 15:15:43 [INFO] 🌐 [LANGUAGE] detected = 'en' (confidence=0.80, response_rule='ALWAYS_ENGLISH')
2026-08-31 15:15:43 [INFO] ✨ [NORMALIZER] normalized = 'Scroll down.'
2026-08-31 15:15:43 [INFO] 🎯 [INTENT] type = CONVERSATION (confidence=0.85, compound=False)
2026-08-31 15:15:43 [INFO] [ROUTER] Routing natural-language task 'Scroll down.' to Hermes Agent
2026-08-31 15:15:43 [INFO] [ROUTER] Command: 'Scroll down.' -> Target: HERMES_AGENT (Action: agent_task)
2026-08-31 15:15:43 [INFO] 🧠 [HERMES] Starting task delegation to Hermes Agent loop for session: c6943076
2026-08-31 15:15:43 [INFO] [JARVIS] State changed -> agent_thinking
2026-08-31 15:15:43 [INFO] [HERMES] Step 1: Agent thinking & reasoning about instruction 'Scroll down.'...
2026-08-31 15:15:43 [INFO] [CHAT -> HERMES] Dispatching instruction: 'Scroll down.' (Intent: CONVERSATION)
2026-08-31 15:15:43 [INFO] [HERMES_CLIENT] Sending message to Hermes for session c6943076: 'Scroll down.'
2026-08-31 15:15:43 [INFO] [HERMES EVENT] 💭 Thinking: Analyzing request with Qwen reasoning...
2026-08-31 15:15:43 [INFO] [JARVIS] State changed -> agent_thinking
2026-08-31 15:15:47 [INFO] [HERMES_RUNTIME] Generated plan for 'Scroll down.': ['scroll_page']
2026-08-31 15:15:47 [INFO] [HERMES EVENT] ⚙️ Executing tool: 'scroll_page' (params: {'direction': 'down', 'amount': 6})
2026-08-31 15:15:47 [INFO] [JARVIS] State changed -> agent_acting
2026-08-31 15:15:47 [INFO] [HERMES_RUNTIME] Executing tool: scroll_page ({'direction': 'down', 'amount': 6})
2026-08-31 15:15:47 [INFO] [TOOL_REGISTRY] Executing 'scroll_page' with params: {'direction': 'down', 'amount': 6}
2026-08-31 15:15:47 [INFO] [HERMES EVENT] ✅ Tool finished: 'scroll_page' (result: {'success': True, 'message': 'Scrolled down.'})
2026-08-31 15:15:47 [INFO] [HERMES EVENT] 🔍 Verifying results: Verifying execution results...
2026-08-31 15:15:47 [INFO] [JARVIS] State changed -> agent_verifying
2026-08-31 15:15:47 [INFO] [HERMES EVENT] 🎯 Completed! Response: 'Scrolling down.'
2026-08-31 15:15:47 [INFO] [HERMES_CLIENT] Received Hermes response: 'Scrolling down.'
2026-08-31 15:15:47 [INFO] [HERMES -> CHAT] Final response synthesized: 'Scrolling down.' (success=True)
2026-08-31 15:15:47 [INFO] Playing phrase from cache: C:\Users\ADMIN\Downloads\jarvis-main\jarvis-main\.cache\jarvis_welcome\a9c9fb6c76764bc883f63a19.wav
2026-08-31 15:15:47 [INFO] [JARVIS] State changed -> speaking
2026-08-31 15:15:49 [INFO] [JARVIS] State changed -> listening
2026-08-31 15:15:49 [INFO] [JARVIS] State changed -> listening
2026-08-31 15:15:49 [INFO] [CHAT] Returned to listening state. Ready for next voice command.
2026-08-31 15:15:52 [INFO] [VAD] Speech started.
2026-08-31 15:15:52 [INFO] 🎙️ [VAD] User started speaking turn...
2026-08-31 15:15:53 [INFO] [VAD] Speech ended (utterance bytes=48640).
2026-08-31 15:15:53 [INFO] [AUDIO] duration=1.52s rms=0.09000 peak=0.6919 silence_ratio=0.72 is_valid=True
2026-08-31 15:15:53 [INFO] Processing audio with duration 00:01.520
2026-08-31 15:15:54 [INFO] Detected language 'en' with probability 0.80
2026-08-31 15:15:55 [INFO] [STT] Faster-Whisper: transcribed='Scroll down.' | lang='en' (prob=0.80)
2026-08-31 15:15:55 [INFO] [LANGUAGE] Detected ENGLISH utterance: 'Scroll down.' (conf=0.80)
2026-08-31 15:15:55 [INFO] [STT] model=base language_mode=auto text='Scroll down.' avg_logprob=-0.726 no_speech_prob=0.069 compression_ratio=0.60
2026-08-31 15:15:55 [INFO] [LANGUAGE] primary=en languages=['en'] mixed_language=False
2026-08-31 15:15:55 [INFO] [STT_RESOLVER] candidate_count=1 selected_candidate='Scroll down.' confidence=0.80 score=-0.766
2026-08-31 15:15:55 [INFO] [STT -> INTERPRETATION]
  [STT RAW]: 'Scroll down.'
  [NORMALIZED]: 'Scroll down.'
  [INTENT]: CONVERSATION (confidence=0.85, compound=False)
  [ENTITY]: None (method=None, confidence=0.00)
2026-08-31 15:15:55 [INFO] 🎙️ [SMART TURN COMPLETED] Raw: 'Scroll down.' | Normalized: 'Scroll down.'
2026-08-31 15:15:55 [INFO] 💬 [CONVERSATION MODE] Processing user command: 'Scroll down.' (Raw STT: 'Scroll down.')
2026-08-31 15:15:55 [INFO] [LANGUAGE] Detected ENGLISH utterance: 'Scroll down.' (conf=0.80)
2026-08-31 15:15:55 [INFO] 🎙️ [STT] raw = 'Scroll down.'
2026-08-31 15:15:55 [INFO] 🌐 [LANGUAGE] detected = 'en' (confidence=0.80, response_rule='ALWAYS_ENGLISH')
2026-08-31 15:15:55 [INFO] ✨ [NORMALIZER] normalized = 'Scroll down.'
2026-08-31 15:15:55 [INFO] 🎯 [INTENT] type = CONVERSATION (confidence=0.85, compound=False)
2026-08-31 15:15:55 [INFO] [ROUTER] Routing natural-language task 'Scroll down.' to Hermes Agent
2026-08-31 15:15:55 [INFO] [ROUTER] Command: 'Scroll down.' -> Target: HERMES_AGENT (Action: agent_task)
2026-08-31 15:15:55 [INFO] 🧠 [HERMES] Starting task delegation to Hermes Agent loop for session: c6943076
2026-08-31 15:15:55 [INFO] [JARVIS] State changed -> agent_thinking
2026-08-31 15:15:55 [INFO] [HERMES] Step 1: Agent thinking & reasoning about instruction 'Scroll down.'...
2026-08-31 15:15:55 [INFO] [CHAT -> HERMES] Dispatching instruction: 'Scroll down.' (Intent: CONVERSATION)
2026-08-31 15:15:55 [INFO] [HERMES_CLIENT] Sending message to Hermes for session c6943076: 'Scroll down.'
2026-08-31 15:15:55 [INFO] [HERMES EVENT] 💭 Thinking: Analyzing request with Qwen reasoning...
2026-08-31 15:15:55 [INFO] [JARVIS] State changed -> agent_thinking
2026-08-31 15:15:59 [INFO] [HERMES_RUNTIME] Generated plan for 'Scroll down.': ['scroll_page']
2026-08-31 15:15:59 [INFO] [HERMES EVENT] ⚙️ Executing tool: 'scroll_page' (params: {'direction': 'down', 'amount': 6})
2026-08-31 15:15:59 [INFO] [JARVIS] State changed -> agent_acting
2026-08-31 15:15:59 [INFO] [HERMES_RUNTIME] Executing tool: scroll_page ({'direction': 'down', 'amount': 6})
2026-08-31 15:15:59 [INFO] [TOOL_REGISTRY] Executing 'scroll_page' with params: {'direction': 'down', 'amount': 6}
2026-08-31 15:16:00 [INFO] [HERMES EVENT] ✅ Tool finished: 'scroll_page' (result: {'success': True, 'message': 'Scrolled down.'})
2026-08-31 15:16:00 [INFO] [HERMES EVENT] 🔍 Verifying results: Verifying execution results...
2026-08-31 15:16:00 [INFO] [JARVIS] State changed -> agent_verifying
2026-08-31 15:16:00 [INFO] [HERMES EVENT] 🎯 Completed! Response: 'Scrolling down.'
2026-08-31 15:16:00 [INFO] [HERMES_CLIENT] Received Hermes response: 'Scrolling down.'
2026-08-31 15:16:00 [INFO] [HERMES -> CHAT] Final response synthesized: 'Scrolling down.' (success=True)
2026-08-31 15:16:00 [INFO] Playing phrase from cache: C:\Users\ADMIN\Downloads\jarvis-main\jarvis-main\.cache\jarvis_welcome\a9c9fb6c76764bc883f63a19.wav
2026-08-31 15:16:00 [INFO] [JARVIS] State changed -> speaking
2026-08-31 15:16:01 [INFO] [JARVIS] State changed -> listening
2026-08-31 15:16:01 [INFO] [JARVIS] State changed -> listening
2026-08-31 15:16:01 [INFO] [CHAT] Returned to listening state. Ready for next voice command.
2026-08-31 15:16:15 [INFO] [VAD] Speech started.
2026-08-31 15:16:15 [INFO] 🎙️ [VAD] User started speaking turn...
2026-08-31 15:16:16 [INFO] [VAD] Speech ended (utterance bytes=51200).
2026-08-31 15:16:16 [INFO] [AUDIO] duration=1.60s rms=0.09000 peak=0.5721 silence_ratio=0.57 is_valid=True
2026-08-31 15:16:16 [INFO] Processing audio with duration 00:01.600
2026-08-31 15:16:17 [INFO] Detected language 'en' with probability 0.68
2026-08-31 15:16:18 [INFO] [STT] Faster-Whisper: transcribed='Limp rao sao.' | lang='en' (prob=0.68)
2026-08-31 15:16:18 [INFO] [LANGUAGE] Detected ENGLISH utterance: 'Limp rao sao.' (conf=0.80)
2026-08-31 15:16:18 [INFO] [STT] model=base language_mode=auto text='Limp rao sao.' avg_logprob=-1.184 no_speech_prob=0.379 compression_ratio=0.62
2026-08-31 15:16:18 [INFO] [LANGUAGE] primary=en languages=['en'] mixed_language=False
2026-08-31 15:16:18 [INFO] [STT_RESOLVER] candidate_count=1 selected_candidate='Limp rao sao.' confidence=0.68 score=-2.251
2026-08-31 15:16:18 [INFO] [STT -> INTERPRETATION]
  [STT RAW]: 'Limp rao sao.'
  [NORMALIZED]: 'Limp rao sao.'
  [INTENT]: CONVERSATION (confidence=0.85, compound=False)
  [ENTITY]: None (method=None, confidence=0.00)
2026-08-31 15:16:18 [INFO] 🎙️ [SMART TURN COMPLETED] Raw: 'Limp rao sao.' | Normalized: 'Limp rao sao.'
2026-08-31 15:16:18 [INFO] 💬 [CONVERSATION MODE] Processing user command: 'Limp rao sao.' (Raw STT: 'Limp rao sao.')
2026-08-31 15:16:18 [INFO] [LANGUAGE] Detected ENGLISH utterance: 'Limp rao sao.' (conf=0.80)
2026-08-31 15:16:18 [INFO] 🎙️ [STT] raw = 'Limp rao sao.'
2026-08-31 15:16:18 [INFO] 🌐 [LANGUAGE] detected = 'en' (confidence=0.80, response_rule='ALWAYS_ENGLISH')
2026-08-31 15:16:18 [INFO] ✨ [NORMALIZER] normalized = 'Limp rao sao.'
2026-08-31 15:16:18 [INFO] 🎯 [INTENT] type = CONVERSATION (confidence=0.85, compound=False)
2026-08-31 15:16:18 [INFO] [ROUTER] Routing natural-language task 'Limp rao sao.' to Hermes Agent
2026-08-31 15:16:18 [INFO] [ROUTER] Command: 'Limp rao sao.' -> Target: HERMES_AGENT (Action: agent_task)
2026-08-31 15:16:18 [INFO] 🧠 [HERMES] Starting task delegation to Hermes Agent loop for session: c6943076
2026-08-31 15:16:18 [INFO] [JARVIS] State changed -> agent_thinking
2026-08-31 15:16:18 [INFO] [HERMES] Step 1: Agent thinking & reasoning about instruction 'Limp rao sao.'...
2026-08-31 15:16:18 [INFO] [CHAT -> HERMES] Dispatching instruction: 'Limp rao sao.' (Intent: CONVERSATION)
2026-08-31 15:16:18 [INFO] [HERMES_CLIENT] Sending message to Hermes for session c6943076: 'Limp rao sao.'
2026-08-31 15:16:18 [INFO] [HERMES EVENT] 💭 Thinking: Analyzing request with Qwen reasoning...
2026-08-31 15:16:18 [INFO] [JARVIS] State changed -> agent_thinking
2026-08-31 15:16:23 [INFO] [HERMES_RUNTIME] Non-actionable utterance 'limp rao sao.' -> Silent recovery
2026-08-31 15:16:23 [INFO] [HERMES_RUNTIME] Generated plan for 'Limp rao sao.': []
2026-08-31 15:16:23 [INFO] [HERMES EVENT] 🔍 Verifying results: Verifying execution results...
2026-08-31 15:16:23 [INFO] [JARVIS] State changed -> agent_verifying
2026-08-31 15:16:23 [INFO] [HERMES EVENT] 🎯 Completed! Response: ''
2026-08-31 15:16:23 [INFO] [HERMES_CLIENT] Received Hermes response: ''
2026-08-31 15:16:23 [INFO] [HERMES -> CHAT] Final response synthesized: '' (success=True)
2026-08-31 15:16:23 [INFO] [HERMES] Response is silent (no speech synthesis needed).
2026-08-31 15:16:23 [INFO] [JARVIS] State changed -> listening
2026-08-31 15:16:23 [INFO] [CHAT] Returned to listening state. Ready for next voice command.
2026-08-31 15:16:37 [INFO] [VAD] Speech started.
2026-08-31 15:16:37 [INFO] 🎙️ [VAD] User started speaking turn...
2026-08-31 15:16:38 [INFO] [VAD] Speech ended (utterance bytes=35840).
2026-08-31 15:16:38 [INFO] [AUDIO] duration=1.12s rms=0.09000 peak=0.5323 silence_ratio=0.64 is_valid=True
2026-08-31 15:16:38 [INFO] Processing audio with duration 00:01.120
2026-08-31 15:16:39 [INFO] Detected language 'en' with probability 0.52
2026-08-31 15:16:40 [INFO] [STT] Faster-Whisper: transcribed='Open browse.' | lang='en' (prob=0.52)
2026-08-31 15:16:40 [INFO] [LANGUAGE] Detected ENGLISH utterance: 'Open browse.' (conf=0.90)
2026-08-31 15:16:40 [INFO] [STT] model=base language_mode=auto text='Open browse.' avg_logprob=-0.772 no_speech_prob=0.724 compression_ratio=0.60
2026-08-31 15:16:40 [INFO] [LANGUAGE] primary=en languages=['en'] mixed_language=False
2026-08-31 15:16:40 [INFO] [STT_RESOLVER] candidate_count=1 selected_candidate='Open browse.' confidence=0.52 score=-2.442
2026-08-31 15:16:40 [INFO] [STT -> INTERPRETATION]
  [STT RAW]: 'Open browse.'
  [NORMALIZED]: 'Open browse.'
  [INTENT]: OPEN_APPLICATION (confidence=0.91, compound=False)
  [ENTITY]: Google Chrome (method=levenshtein, confidence=0.86)
2026-08-31 15:16:40 [INFO] 🎙️ [SMART TURN COMPLETED] Raw: 'Open browse.' | Normalized: 'Open browse.'
2026-08-31 15:16:40 [INFO] 💬 [CONVERSATION MODE] Processing user command: 'Open browse.' (Raw STT: 'Open browse.')
2026-08-31 15:16:40 [INFO] [LANGUAGE] Detected ENGLISH utterance: 'Open browse.' (conf=0.90)
2026-08-31 15:16:40 [INFO] 🎙️ [STT] raw = 'Open browse.'
2026-08-31 15:16:40 [INFO] 🌐 [LANGUAGE] detected = 'en' (confidence=0.90, response_rule='ALWAYS_ENGLISH')
2026-08-31 15:16:40 [INFO] ✨ [NORMALIZER] normalized = 'Open browse.'
2026-08-31 15:16:40 [INFO] 🎯 [INTENT] type = OPEN_APPLICATION (confidence=0.91, compound=False)
2026-08-31 15:16:40 [INFO] 🏷️ [ENTITY] candidate = 'Google Chrome' (alias='browser', method=levenshtein, confidence=0.86)
2026-08-31 15:16:40 [INFO] [ROUTER] Fast-path routing to 'open_chrome' for 'Open browse.'
2026-08-31 15:16:40 [INFO] [ROUTER] Command: 'Open browse.' -> Target: DETERMINISTIC_ACTION (Action: open_chrome)
2026-08-31 15:16:40 [INFO] [JARVIS] State changed -> processing
2026-08-31 15:16:40 [INFO] [ACTION] Fast-path executing deterministic action: open_chrome
2026-08-31 15:16:40 [INFO] [TOOL] open_application('Google Chrome')
2026-08-31 15:16:40 [INFO] Opened Google Chrome.
2026-08-31 15:16:40 [INFO] [RESULT] success
2026-08-31 15:16:40 [INFO] Playing phrase from cache: C:\Users\ADMIN\Downloads\jarvis-main\jarvis-main\.cache\jarvis_welcome\bc7333bbf1455db5222b6a94.wav
2026-08-31 15:16:40 [INFO] [JARVIS] State changed -> speaking
2026-08-31 15:16:41 [INFO] [JARVIS] State changed -> listening
2026-08-31 15:16:41 [INFO] [JARVIS] State changed -> listening
2026-08-31 15:16:41 [INFO] [CHAT] Returned to listening state. Ready for next voice command.
2026-08-31 15:16:45 [INFO] [VAD] Speech started.
2026-08-31 15:16:45 [INFO] 🎙️ [VAD] User started speaking turn...
2026-08-31 15:16:46 [INFO] [VAD] Speech ended (utterance bytes=51200).
2026-08-31 15:16:46 [INFO] [AUDIO] duration=1.60s rms=0.09000 peak=0.7744 silence_ratio=0.74 is_valid=True
2026-08-31 15:16:46 [INFO] Processing audio with duration 00:01.600
2026-08-31 15:16:47 [INFO] Detected language 'vi' with probability 0.70
2026-08-31 15:16:48 [INFO] [STT] Faster-Whisper: transcribed='Mở YouTube' | lang='vi' (prob=0.70)
2026-08-31 15:16:48 [INFO] [LANGUAGE] Detected MIXED Vietnamese + English utterance: 'Mở YouTube' (entities=['youtube'])
2026-08-31 15:16:48 [INFO] [STT] model=base language_mode=auto text='Mở YouTube' avg_logprob=-0.332 no_speech_prob=0.025 compression_ratio=0.60
2026-08-31 15:16:48 [INFO] [LANGUAGE] primary=vi languages=['vi', 'en'] mixed_language=True
2026-08-31 15:16:48 [INFO] [STT_RESOLVER] candidate_count=1 selected_candidate='Mở YouTube' confidence=0.70 score=-0.043
2026-08-31 15:16:48 [INFO] [VOICE_MEMORY] Exact match in learned memory: 'mở youtube' -> 'open youtube'
2026-08-31 15:16:48 [INFO] [STT -> INTERPRETATION]
  [STT RAW]: 'Mở YouTube'
  [NORMALIZED]: 'open YouTube'
  [INTENT]: OPEN_APPLICATION (confidence=0.98, compound=False)
  [ENTITY]: YouTube (method=exact_alias, confidence=0.98)
2026-08-31 15:16:48 [INFO] 🎙️ [SMART TURN COMPLETED] Raw: 'Mở YouTube' | Normalized: 'open YouTube'
2026-08-31 15:16:48 [INFO] 💬 [CONVERSATION MODE] Processing user command: 'open YouTube' (Raw STT: 'Mở YouTube')
2026-08-31 15:16:48 [INFO] [LANGUAGE] Detected MIXED Vietnamese + English utterance: 'Mở YouTube' (entities=['youtube'])
2026-08-31 15:16:48 [INFO] 🎙️ [STT] raw = 'Mở YouTube'
2026-08-31 15:16:48 [INFO] 🌐 [LANGUAGE] detected = 'mixed' (confidence=0.95, response_rule='ALWAYS_ENGLISH')
2026-08-31 15:16:48 [INFO] ✨ [NORMALIZER] normalized = 'open YouTube'
2026-08-31 15:16:48 [INFO] 🎯 [INTENT] type = OPEN_APPLICATION (confidence=0.98, compound=False)
2026-08-31 15:16:48 [INFO] 🏷️ [ENTITY] candidate = 'YouTube' (alias='youtube', method=exact_alias, confidence=0.98)
2026-08-31 15:16:48 [INFO] [ROUTER] Fast-path routing to 'open_app:youtube' for 'Mở YouTube'
2026-08-31 15:16:48 [INFO] [ROUTER] Command: 'open YouTube' -> Target: DETERMINISTIC_ACTION (Action: open_app:youtube)
2026-08-31 15:16:48 [INFO] [JARVIS] State changed -> processing
2026-08-31 15:16:48 [INFO] [ACTION] Fast-path executing deterministic action: open_app:youtube
2026-08-31 15:16:48 [INFO] [TOOL] open_application('YouTube')
2026-08-31 15:16:48 [INFO] [TOOL_REGISTRY] Executing 'open_application' with params: {'app_name': 'YouTube'}
2026-08-31 15:16:48 [INFO] [COMPUTER_USE] Opening web service 'YouTube' -> https://www.youtube.com
2026-08-31 15:16:48 [INFO] [BROWSER] Opened https://www.youtube.com with Isolated CDP on port 9222
2026-08-31 15:16:48 [INFO] [RESULT] success
2026-08-31 15:16:48 [INFO] Playing phrase from cache: C:\Users\ADMIN\Downloads\jarvis-main\jarvis-main\.cache\jarvis_welcome\df453efcd9c6d4e03836a8a9.wav
2026-08-31 15:16:48 [INFO] [JARVIS] State changed -> speaking
2026-08-31 15:16:49 [INFO] [JARVIS] State changed -> listening
2026-08-31 15:16:49 [INFO] [JARVIS] State changed -> listening
2026-08-31 15:16:49 [INFO] [CHAT] Returned to listening state. Ready for next voice command.
2026-08-31 15:16:52 [INFO] [VAD] Speech started.
2026-08-31 15:16:52 [INFO] 🎙️ [VAD] User started speaking turn...
2026-08-31 15:16:54 [INFO] [VAD] Speech ended (utterance bytes=74240).
2026-08-31 15:16:54 [INFO] [AUDIO] duration=2.32s rms=0.09000 peak=0.5519 silence_ratio=0.56 is_valid=True
2026-08-31 15:16:54 [INFO] Processing audio with duration 00:02.320
2026-08-31 15:16:55 [INFO] Detected language 'vi' with probability 0.97
2026-08-31 15:16:56 [INFO] [STT] Faster-Whisper: transcribed='Trọng video thứ tư.' | lang='vi' (prob=0.97)
2026-08-31 15:16:56 [INFO] [LANGUAGE] Detected VIETNAMESE utterance: 'Trọng video thứ tư.' (conf=0.90)
2026-08-31 15:16:56 [INFO] [STT] model=base language_mode=auto text='Trọng video thứ tư.' avg_logprob=-0.740 no_speech_prob=0.022 compression_ratio=0.73
2026-08-31 15:16:56 [INFO] [LANGUAGE] primary=vi languages=['vi'] mixed_language=False
2026-08-31 15:16:56 [INFO] [STT_RESOLVER] candidate_count=1 selected_candidate='Trọng video thứ tư.' confidence=0.97 score=-0.845
2026-08-31 15:16:56 [INFO] [STT -> INTERPRETATION]
  [STT RAW]: 'Trọng video thứ tư.'
  [NORMALIZED]: 'chọn video thứ tư.'
  [INTENT]: CONVERSATION (confidence=0.85, compound=False)
  [ENTITY]: None (method=None, confidence=0.00)
2026-08-31 15:16:56 [INFO] 🎙️ [SMART TURN COMPLETED] Raw: 'Trọng video thứ tư.' | Normalized: 'chọn video thứ tư.'
2026-08-31 15:16:56 [INFO] 💬 [CONVERSATION MODE] Processing user command: 'chọn video thứ tư.' (Raw STT: 'Trọng video thứ tư.')
2026-08-31 15:16:56 [INFO] [LANGUAGE] Detected VIETNAMESE utterance: 'Trọng video thứ tư.' (conf=0.90)
2026-08-31 15:16:56 [INFO] 🎙️ [STT] raw = 'Trọng video thứ tư.'
2026-08-31 15:16:56 [INFO] 🌐 [LANGUAGE] detected = 'vi' (confidence=0.90, response_rule='ALWAYS_ENGLISH')
2026-08-31 15:16:56 [INFO] ✨ [NORMALIZER] normalized = 'chọn video thứ tư.'
2026-08-31 15:16:56 [INFO] 🎯 [INTENT] type = CONVERSATION (confidence=0.85, compound=False)
2026-08-31 15:16:56 [INFO] [ROUTER] Routing natural-language task 'Trọng video thứ tư.' to Hermes Agent
2026-08-31 15:16:56 [INFO] [ROUTER] Command: 'chọn video thứ tư.' -> Target: HERMES_AGENT (Action: agent_task)
2026-08-31 15:16:56 [INFO] 🧠 [HERMES] Starting task delegation to Hermes Agent loop for session: c6943076
2026-08-31 15:16:56 [INFO] [JARVIS] State changed -> agent_thinking
2026-08-31 15:16:56 [INFO] [HERMES] Step 1: Agent thinking & reasoning about instruction 'chọn video thứ tư.'...
2026-08-31 15:16:56 [INFO] [CHAT -> HERMES] Dispatching instruction: 'chọn video thứ tư.' (Intent: CONVERSATION)
2026-08-31 15:16:56 [INFO] [HERMES_CLIENT] Sending message to Hermes for session c6943076: 'chọn video thứ tư.'
2026-08-31 15:16:56 [INFO] [HERMES EVENT] 💭 Thinking: Analyzing request with Qwen reasoning...
2026-08-31 15:16:56 [INFO] [JARVIS] State changed -> agent_thinking
2026-08-31 15:16:56 [INFO] [HERMES_RUNTIME] Fast-path deterministic routing for 'chọn video thứ tư.': ['select_youtube_video']
2026-08-31 15:16:56 [INFO] [HERMES_RUNTIME] Generated plan for 'chọn video thứ tư.': ['select_youtube_video']
2026-08-31 15:16:56 [INFO] [HERMES EVENT] ⚙️ Executing tool: 'select_youtube_video' (params: {'index': 4})
2026-08-31 15:16:56 [INFO] [JARVIS] State changed -> agent_acting
2026-08-31 15:16:56 [INFO] [HERMES_RUNTIME] Executing tool: select_youtube_video ({'index': 4})
2026-08-31 15:16:56 [INFO] [TOOL_REGISTRY] Executing 'select_youtube_video' with params: {'index': 4}
2026-08-31 15:16:56 [INFO] [WINDOW] Foreground matches target app 'chrome' & task 'youtube': HWND=47907456
2026-08-31 15:16:56 [INFO] ========== [YOUTUBE DOM EXTRACTION DEBUG LOG] ==========
2026-08-31 15:16:56 [INFO] [DOM_DEBUG] Viewport dimensions: innerWidth=1920, innerHeight=945
2026-08-31 15:16:56 [INFO] [DOM_DEBUG] Total nodes queried: 60
2026-08-31 15:16:56 [INFO] [DOM_DEBUG] Accepted ordinal #1: center=(1072.5, 290.6), href="/watch?v=NFYQK09Rh64", title="PC 300 củ, Siêu xe Và Ngày Mưa Setup Tại Biệt Thự Ven Sông Cùng Anh @PEWPEW"
2026-08-31 15:16:56 [INFO] [DOM_DEBUG] Accepted ordinal #2: center=(1616.8, 290.6), href="/watch?v=mm0QSsRwzUo", title="Home Beyond the Vale | Fantasy Celtic Ambience | Relaxing Music [No Ads]"
2026-08-31 15:16:56 [INFO] [DOM_DEBUG] Accepted ordinal #3: center=(528.2, 719.8), href="/watch?v=csFggifeAlk", title="「Vietsub | Pinyin」Nhà Ai – Trì Ngư | 谁家 - 池鱼"
2026-08-31 15:16:56 [INFO] [DOM_DEBUG] Accepted ordinal #4: center=(1616.8, 719.8), href="/watch?v=9avuQ72s5eM", title="Quà lớn 13 đàn vàng. x2 niềm vui (100 tr tài khoản / Best Mobile Game) | Where Winds Meet #wwmccps10"
2026-08-31 15:16:56 [INFO] [DOM_DEBUG] DOM Extraction finished: 4 visible videos identified.
2026-08-31 15:16:56 [INFO] =========================================================
2026-08-31 15:16:56 [INFO] [DOM_PERCEPTION] Extracted 4 visible YouTube video items directly from DOM.
2026-08-31 15:16:56 [INFO] [COORD MATH] Viewport (cx: 1616.8, cy: 719.8) -> Screen (X: 0 + 1616.8 = 1617, Y: 0 + 719.8 + 80 = 800)
2026-08-31 15:16:56 [INFO] [COMPONENT_TARGET] ordinal=#4 title='Quà lớn 13 đàn vàng. x2 niềm vui (100 tr tài khoản / Best Mobile Game) | Where Winds Meet #wwmccps10' href='/watch?v=9avuQ72s5eM&pp=ugUEEgJ2aQ%3D%3D' id=yt_video_4 is_ad=False
[COORDINATE] dom_viewport_space=(1616.8, 719.8) -> window_client_space=(1616.8, 799.8) -> screen_space=(1617, 800)
[WINDOW] hwnd=47907456 chrome_h=80 origin=(0, 0)
[MOUSE] final_physical_point=(1617, 800)
2026-08-31 15:16:56 [INFO] [MOUSE_TXN] id=DOM-YT-4-1950 action=CLICK target=(1617, 800) count=1 button=left
2026-08-31 15:16:56 [INFO] [DOM-YT-4-1950] [MOUSE_MOVE] requested=(1617, 800) before=(602, 526) delta=(1015, 274) distance=1051.3px
2026-08-31 15:16:56 [INFO] [DOM-YT-4-1950] [MOUSE_MOVE] actual=(1617, 800) distance=0.0px verified=True
2026-08-31 15:16:56 [INFO] [MOUSE_TXN] id=DOM-YT-4-1950 [MOUSE FINAL CHECK] requested_target=(1617, 800) actual_cursor=(1617, 800) delta=(0, 0) distance=0.0px
2026-08-31 15:16:57 [INFO] [DOM-YT-4-1950] [MOUSE_CLICK] physical_position=(1617, 800) button=left count=1 down=True up=True completed=True
2026-08-31 15:16:57 [INFO] [MOUSE_TXN] id=DOM-YT-4-1950 [MOUSE CLICK RESULT] position_at_click=(1617, 800) down_result=True up_result=True click_completed=True
2026-08-31 15:16:57 [INFO] 
[CURSOR]
expected=(1617, 800)
actual=(1617, 800)
distance=0.0
verified=True
2026-08-31 15:16:57 [INFO] 
[CLICK]
dispatch=SUCCESS
count=1
2026-08-31 15:16:57 [INFO] 
[ACTION]
VIDEO_SELECTION_COMPLETED
2026-08-31 15:16:57 [INFO] [HERMES EVENT] ✅ Tool finished: 'select_youtube_video' (result: {'success': True, 'status': 'SUCCESS', 'ordinal': 4, 'target_id': 'yt_video_4', 'component_id': 'yt_video_4', 'title': 'Quà lớn 13 đàn vàng. x2 niềm vui (100 tr tài khoản / Best Mobile Game) | Where Winds Meet #wwmccps10', 'href': '/watch?v=9avuQ72s5eM&pp=ugUEEgJ2aQ%3D%3D', 'is_ad': False, 'target': {'requested_index': 4, 'ordinal': 4, 'component_id': 'yt_video_4', 'bbox': [1352.7, 565.2, 528.3, 309.2], 'screen_point': (1617, 800), 'title': 'Quà lớn 13 đàn vàng. x2 niềm vui (100 tr tài khoản / Best Mobile Game) | Where Winds Meet #wwmccps10'}, 'viewport_point': (1616.8, 719.8), 'click_point': (1617, 800), 'cursor_before': (602, 526), 'cursor_after': (1617, 800), 'actual_position_before': (602, 526), 'actual_position_at_click': (1617, 800), 'coord_math': '[COORD MATH] Viewport (cx: 1616.8, cy: 719.8) -> Screen (X: 0 + 1616.8 = 1617, Y: 0 + 719.8 + 80 = 800)', 'debug_log': ['Viewport dimensions: innerWidth=1920, innerHeight=945', 'Total nodes queried: 60', 'Accepted ordinal #1: center=(1072.5, 290.6), href="/watch?v=NFYQK09Rh64", title="PC 300 củ, Siêu xe Và Ngày Mưa Setup Tại Biệt Thự Ven Sông Cùng Anh @PEWPEW"', 'Accepted ordinal #2: center=(1616.8, 290.6), href="/watch?v=mm0QSsRwzUo", title="Home Beyond the Vale | Fantasy Celtic Ambience | Relaxing Music [No Ads]"', 'Accepted ordinal #3: center=(528.2, 719.8), href="/watch?v=csFggifeAlk", title="「Vietsub | Pinyin」Nhà Ai – Trì Ngư | 谁家 - 池鱼"', 'Accepted ordinal #4: center=(1616.8, 719.8), href="/watch?v=9avuQ72s5eM", title="Quà lớn 13 đàn vàng. x2 niềm vui (100 tr tài khoản / Best Mobile Game) | Where Winds Meet #wwmccps10"', 'DOM Extraction finished: 4 visible videos identified.'], 'move_verified': True, 'click_completed': True, 'mouse_action_success': True, 'target_interaction_verified': True, 'task_verified': True, 'window_recovered': False, 'message': "Clicked and selected YouTube video #4 ('Quà lớn 13 đàn vàng. x2 niềm vui (100 tr tài khoản / Best Mobile Game) | Where Winds Meet #wwmccps10') via DOM perception."})
2026-08-31 15:16:57 [INFO] [HERMES EVENT] 🔍 Verifying results: Verifying execution results...
2026-08-31 15:16:57 [INFO] [JARVIS] State changed -> agent_verifying
2026-08-31 15:16:57 [INFO] [HERMES EVENT] 🎯 Completed! Response: 'Playing video 4.'
2026-08-31 15:16:57 [INFO] [HERMES_CLIENT] Received Hermes response: 'Playing video 4.'
2026-08-31 15:16:57 [INFO] [HERMES -> CHAT] Final response synthesized: 'Playing video 4.' (success=True)
2026-08-31 15:16:57 [INFO] Playing phrase from cache: C:\Users\ADMIN\Downloads\jarvis-main\jarvis-main\.cache\jarvis_welcome\f92f4bcfc159b236a2a2c676.wav
2026-08-31 15:16:57 [INFO] [JARVIS] State changed -> speaking
2026-08-31 15:16:58 [INFO] [JARVIS] State changed -> listening
2026-08-31 15:16:58 [INFO] [JARVIS] State changed -> listening
2026-08-31 15:16:58 [INFO] [CHAT] Returned to listening state. Ready for next voice command.
2026-08-31 15:16:59 [INFO] [VAD] Speech started.
2026-08-31 15:16:59 [INFO] 🎙️ [VAD] User started speaking turn...
2026-08-31 15:17:01 [INFO] [VAD] Speech ended (utterance bytes=71680).
2026-08-31 15:17:01 [INFO] [AUDIO] duration=2.24s rms=0.09000 peak=0.5544 silence_ratio=0.58 is_valid=True
2026-08-31 15:17:01 [INFO] Processing audio with duration 00:02.240
2026-08-31 15:17:02 [INFO] Detected language 'vi' with probability 0.99
2026-08-31 15:17:03 [INFO] [STT] Faster-Whisper: transcribed='Chọn video thức tâm.' | lang='vi' (prob=0.99)
2026-08-31 15:17:03 [INFO] [LANGUAGE] Detected VIETNAMESE utterance: 'Chọn video thức tâm.' (conf=0.90)
2026-08-31 15:17:03 [INFO] [STT] model=base language_mode=auto text='Chọn video thức tâm.' avg_logprob=-0.863 no_speech_prob=0.012 compression_ratio=0.78
2026-08-31 15:17:03 [INFO] [LANGUAGE] primary=vi languages=['vi'] mixed_language=False
2026-08-31 15:17:03 [INFO] [STT_RESOLVER] candidate_count=1 selected_candidate='Chọn video thức tâm.' confidence=0.99 score=-0.755
2026-08-31 15:17:03 [INFO] [STT -> INTERPRETATION]
  [STT RAW]: 'Chọn video thức tâm.'
  [NORMALIZED]: 'Chọn video thức tâm.'
  [INTENT]: CONVERSATION (confidence=0.85, compound=False)
  [ENTITY]: File Explorer (method=metaphone, confidence=0.77)
2026-08-31 15:17:03 [INFO] 🎙️ [SMART TURN COMPLETED] Raw: 'Chọn video thức tâm.' | Normalized: 'Chọn video thức tâm.'
2026-08-31 15:17:03 [INFO] 💬 [CONVERSATION MODE] Processing user command: 'Chọn video thức tâm.' (Raw STT: 'Chọn video thức tâm.')
2026-08-31 15:17:03 [INFO] [LANGUAGE] Detected VIETNAMESE utterance: 'Chọn video thức tâm.' (conf=0.90)
2026-08-31 15:17:03 [INFO] 🎙️ [STT] raw = 'Chọn video thức tâm.'
2026-08-31 15:17:03 [INFO] 🌐 [LANGUAGE] detected = 'vi' (confidence=0.90, response_rule='ALWAYS_ENGLISH')
2026-08-31 15:17:03 [INFO] ✨ [NORMALIZER] normalized = 'Chọn video thức tâm.'
2026-08-31 15:17:03 [INFO] 🎯 [INTENT] type = CONVERSATION (confidence=0.85, compound=False)
2026-08-31 15:17:03 [INFO] 🏷️ [ENTITY] candidate = 'File Explorer' (alias='thư mục', method=metaphone, confidence=0.77)
2026-08-31 15:17:03 [INFO] [ROUTER] Routing natural-language task 'Chọn video thức tâm.' to Hermes Agent
2026-08-31 15:17:03 [INFO] [ROUTER] Command: 'Chọn video thức tâm.' -> Target: HERMES_AGENT (Action: agent_task)
2026-08-31 15:17:03 [INFO] 🧠 [HERMES] Starting task delegation to Hermes Agent loop for session: c6943076
2026-08-31 15:17:03 [INFO] [JARVIS] State changed -> agent_thinking
2026-08-31 15:17:03 [INFO] [HERMES] Step 1: Agent thinking & reasoning about instruction 'Chọn video thức tâm.'...
2026-08-31 15:17:03 [INFO] [CHAT -> HERMES] Dispatching instruction: 'Chọn video thức tâm.' (Intent: CONVERSATION)
2026-08-31 15:17:03 [INFO] [HERMES_CLIENT] Sending message to Hermes for session c6943076: 'Chọn video thức tâm.'
2026-08-31 15:17:03 [INFO] [HERMES EVENT] 💭 Thinking: Analyzing request with Qwen reasoning...
2026-08-31 15:17:03 [INFO] [JARVIS] State changed -> agent_thinking
2026-08-31 15:17:03 [INFO] [HERMES_RUNTIME] Non-actionable utterance 'chọn video thức tâm.' -> Silent recovery
2026-08-31 15:17:08 [INFO] [HERMES_RUNTIME] Non-actionable utterance 'chọn video thức tâm.' -> Silent recovery
2026-08-31 15:17:08 [INFO] [HERMES_RUNTIME] Generated plan for 'Chọn video thức tâm.': []
2026-08-31 15:17:08 [INFO] [HERMES EVENT] 🔍 Verifying results: Verifying execution results...
2026-08-31 15:17:08 [INFO] [JARVIS] State changed -> agent_verifying
2026-08-31 15:17:08 [INFO] [HERMES EVENT] 🎯 Completed! Response: ''
2026-08-31 15:17:08 [INFO] [HERMES_CLIENT] Received Hermes response: ''
2026-08-31 15:17:08 [INFO] [HERMES -> CHAT] Final response synthesized: '' (success=True)
2026-08-31 15:17:08 [INFO] [HERMES] Response is silent (no speech synthesis needed).
2026-08-31 15:17:08 [INFO] [JARVIS] State changed -> listening
2026-08-31 15:17:08 [INFO] [CHAT] Returned to listening state. Ready for next voice command.
2026-08-31 15:17:12 [INFO] [VAD] Speech started.
2026-08-31 15:17:12 [INFO] 🎙️ [VAD] User started speaking turn...
2026-08-31 15:17:14 [INFO] [VAD] Speech ended (utterance bytes=69120).
2026-08-31 15:17:14 [INFO] [AUDIO] duration=2.16s rms=0.09000 peak=0.5132 silence_ratio=0.56 is_valid=True
2026-08-31 15:17:14 [INFO] Processing audio with duration 00:02.160
2026-08-31 15:17:15 [INFO] Detected language 'vi' with probability 0.91
2026-08-31 15:17:16 [INFO] [STT] Faster-Whisper: transcribed='Chọn video thứ 3.' | lang='vi' (prob=0.91)
2026-08-31 15:17:16 [INFO] [LANGUAGE] Detected VIETNAMESE utterance: 'Chọn video thứ 3.' (conf=0.85)
2026-08-31 15:17:16 [INFO] [STT] model=base language_mode=auto text='Chọn video thứ 3.' avg_logprob=-0.633 no_speech_prob=0.051 compression_ratio=0.75
2026-08-31 15:17:16 [INFO] [LANGUAGE] primary=vi languages=['vi'] mixed_language=False
2026-08-31 15:17:16 [INFO] [STT_RESOLVER] candidate_count=1 selected_candidate='Chọn video thứ 3.' confidence=0.91 score=-0.563
2026-08-31 15:17:16 [INFO] [STT -> INTERPRETATION]
  [STT RAW]: 'Chọn video thứ 3.'
  [NORMALIZED]: 'Chọn video thứ 3.'
  [INTENT]: CONVERSATION (confidence=0.85, compound=False)
  [ENTITY]: None (method=None, confidence=0.00)
2026-08-31 15:17:16 [INFO] 🎙️ [SMART TURN COMPLETED] Raw: 'Chọn video thứ 3.' | Normalized: 'Chọn video thứ 3.'
2026-08-31 15:17:16 [INFO] 💬 [CONVERSATION MODE] Processing user command: 'Chọn video thứ 3.' (Raw STT: 'Chọn video thứ 3.')
2026-08-31 15:17:16 [INFO] [LANGUAGE] Detected VIETNAMESE utterance: 'Chọn video thứ 3.' (conf=0.85)
2026-08-31 15:17:16 [INFO] 🎙️ [STT] raw = 'Chọn video thứ 3.'
2026-08-31 15:17:16 [INFO] 🌐 [LANGUAGE] detected = 'vi' (confidence=0.85, response_rule='ALWAYS_ENGLISH')
2026-08-31 15:17:16 [INFO] ✨ [NORMALIZER] normalized = 'Chọn video thứ 3.'
2026-08-31 15:17:16 [INFO] 🎯 [INTENT] type = CONVERSATION (confidence=0.85, compound=False)
2026-08-31 15:17:16 [INFO] [ROUTER] Routing natural-language task 'Chọn video thứ 3.' to Hermes Agent
2026-08-31 15:17:16 [INFO] [ROUTER] Command: 'Chọn video thứ 3.' -> Target: HERMES_AGENT (Action: agent_task)
2026-08-31 15:17:16 [INFO] 🧠 [HERMES] Starting task delegation to Hermes Agent loop for session: c6943076
2026-08-31 15:17:16 [INFO] [JARVIS] State changed -> agent_thinking
2026-08-31 15:17:16 [INFO] [HERMES] Step 1: Agent thinking & reasoning about instruction 'Chọn video thứ 3.'...
2026-08-31 15:17:16 [INFO] [CHAT -> HERMES] Dispatching instruction: 'Chọn video thứ 3.' (Intent: CONVERSATION)
2026-08-31 15:17:16 [INFO] [HERMES_CLIENT] Sending message to Hermes for session c6943076: 'Chọn video thứ 3.'
2026-08-31 15:17:16 [INFO] [HERMES EVENT] 💭 Thinking: Analyzing request with Qwen reasoning...
2026-08-31 15:17:16 [INFO] [JARVIS] State changed -> agent_thinking
2026-08-31 15:17:16 [INFO] [HERMES_RUNTIME] Fast-path deterministic routing for 'Chọn video thứ 3.': ['select_youtube_video']
2026-08-31 15:17:16 [INFO] [HERMES_RUNTIME] Generated plan for 'Chọn video thứ 3.': ['select_youtube_video']
2026-08-31 15:17:16 [INFO] [HERMES EVENT] ⚙️ Executing tool: 'select_youtube_video' (params: {'index': 3})
2026-08-31 15:17:16 [INFO] [JARVIS] State changed -> agent_acting
2026-08-31 15:17:16 [INFO] [HERMES_RUNTIME] Executing tool: select_youtube_video ({'index': 3})
2026-08-31 15:17:16 [INFO] [TOOL_REGISTRY] Executing 'select_youtube_video' with params: {'index': 3}
2026-08-31 15:17:21 [INFO] [WINDOW] Resolved 'chrome' candidate HWND=47907456 title='(45) YouTube - Google Chrome'
2026-08-31 15:17:21 [INFO] ========== [YOUTUBE DOM EXTRACTION DEBUG LOG] ==========
2026-08-31 15:17:21 [INFO] [DOM_DEBUG] Viewport dimensions: innerWidth=1920, innerHeight=945
2026-08-31 15:17:21 [INFO] [DOM_DEBUG] Total nodes queried: 60
2026-08-31 15:17:21 [INFO] [DOM_DEBUG] Accepted ordinal #1: center=(1072.5, 290.6), href="/watch?v=NFYQK09Rh64", title="PC 300 củ, Siêu xe Và Ngày Mưa Setup Tại Biệt Thự Ven Sông Cùng Anh @PEWPEW"
2026-08-31 15:17:21 [INFO] [DOM_DEBUG] Accepted ordinal #2: center=(1616.8, 290.6), href="/watch?v=mm0QSsRwzUo", title="Home Beyond the Vale | Fantasy Celtic Ambience | Relaxing Music [No Ads]"
2026-08-31 15:17:21 [INFO] [DOM_DEBUG] Accepted ordinal #3: center=(528.2, 719.8), href="/watch?v=csFggifeAlk", title="「Vietsub | Pinyin」Nhà Ai – Trì Ngư | 谁家 - 池鱼"
2026-08-31 15:17:21 [INFO] [DOM_DEBUG] Accepted ordinal #4: center=(1616.8, 719.8), href="/watch?v=9avuQ72s5eM", title="Quà lớn 13 đàn vàng. x2 niềm vui (100 tr tài khoản / Best Mobile Game) | Where Winds Meet #wwmccps10"
2026-08-31 15:17:21 [INFO] [DOM_DEBUG] DOM Extraction finished: 4 visible videos identified.
2026-08-31 15:17:21 [INFO] =========================================================
2026-08-31 15:17:21 [INFO] [DOM_PERCEPTION] Extracted 4 visible YouTube video items directly from DOM.
2026-08-31 15:17:21 [INFO] [COORD MATH] Viewport (cx: 528.2, cy: 719.8) -> Screen (X: 0 + 528.2 = 528, Y: 0 + 719.8 + 80 = 800)
2026-08-31 15:17:21 [INFO] [COMPONENT_TARGET] ordinal=#3 title='「Vietsub | Pinyin」Nhà Ai – Trì Ngư | 谁家 - 池鱼' href='/watch?v=csFggifeAlk' id=yt_video_3 is_ad=False
[COORDINATE] dom_viewport_space=(528.2, 719.8) -> window_client_space=(528.2, 799.8) -> screen_space=(528, 800)
[WINDOW] hwnd=47907456 chrome_h=80 origin=(0, 0)
[MOUSE] final_physical_point=(528, 800)
2026-08-31 15:17:21 [INFO] [MOUSE_TXN] id=DOM-YT-3-FFA4 action=CLICK target=(528, 800) count=1 button=left
2026-08-31 15:17:21 [INFO] [DOM-YT-3-FFA4] [MOUSE_MOVE] requested=(528, 800) before=(1617, 800) delta=(-1089, 0) distance=1089.0px
2026-08-31 15:17:22 [INFO] [DOM-YT-3-FFA4] [MOUSE_MOVE] actual=(528, 800) distance=0.0px verified=True
2026-08-31 15:17:22 [INFO] [MOUSE_TXN] id=DOM-YT-3-FFA4 [MOUSE FINAL CHECK] requested_target=(528, 800) actual_cursor=(528, 800) delta=(0, 0) distance=0.0px
2026-08-31 15:17:22 [INFO] [DOM-YT-3-FFA4] [MOUSE_CLICK] physical_position=(528, 800) button=left count=1 down=True up=True completed=True
2026-08-31 15:17:22 [INFO] [MOUSE_TXN] id=DOM-YT-3-FFA4 [MOUSE CLICK RESULT] position_at_click=(528, 800) down_result=True up_result=True click_completed=True
2026-08-31 15:17:22 [INFO] 
[CURSOR]
expected=(528, 800)
actual=(528, 800)
distance=0.0
verified=True
2026-08-31 15:17:22 [INFO] 
[CLICK]
dispatch=SUCCESS
count=1
2026-08-31 15:17:22 [INFO] 
[ACTION]
VIDEO_SELECTION_COMPLETED
2026-08-31 15:17:22 [INFO] [HERMES EVENT] ✅ Tool finished: 'select_youtube_video' (result: {'success': True, 'status': 'SUCCESS', 'ordinal': 3, 'target_id': 'yt_video_3', 'component_id': 'yt_video_3', 'title': '「Vietsub | Pinyin」Nhà Ai – Trì Ngư | 谁家 - 池鱼', 'href': '/watch?v=csFggifeAlk', 'is_ad': False, 'target': {'requested_index': 3, 'ordinal': 3, 'component_id': 'yt_video_3', 'bbox': [264, 565.2, 528.3, 309.2], 'screen_point': (528, 800), 'title': '「Vietsub | Pinyin」Nhà Ai – Trì Ngư | 谁家 - 池鱼'}, 'viewport_point': (528.2, 719.8), 'click_point': (528, 800), 'cursor_before': (1617, 800), 'cursor_after': (528, 800), 'actual_position_before': (1617, 800), 'actual_position_at_click': (528, 800), 'coord_math': '[COORD MATH] Viewport (cx: 528.2, cy: 719.8) -> Screen (X: 0 + 528.2 = 528, Y: 0 + 719.8 + 80 = 800)', 'debug_log': ['Viewport dimensions: innerWidth=1920, innerHeight=945', 'Total nodes queried: 60', 'Accepted ordinal #1: center=(1072.5, 290.6), href="/watch?v=NFYQK09Rh64", title="PC 300 củ, Siêu xe Và Ngày Mưa Setup Tại Biệt Thự Ven Sông Cùng Anh @PEWPEW"', 'Accepted ordinal #2: center=(1616.8, 290.6), href="/watch?v=mm0QSsRwzUo", title="Home Beyond the Vale | Fantasy Celtic Ambience | Relaxing Music [No Ads]"', 'Accepted ordinal #3: center=(528.2, 719.8), href="/watch?v=csFggifeAlk", title="「Vietsub | Pinyin」Nhà Ai – Trì Ngư | 谁家 - 池鱼"', 'Accepted ordinal #4: center=(1616.8, 719.8), href="/watch?v=9avuQ72s5eM", title="Quà lớn 13 đàn vàng. x2 niềm vui (100 tr tài khoản / Best Mobile Game) | Where Winds Meet #wwmccps10"', 'DOM Extraction finished: 4 visible videos identified.'], 'move_verified': True, 'click_completed': True, 'mouse_action_success': True, 'target_interaction_verified': True, 'task_verified': True, 'window_recovered': False, 'message': "Clicked and selected YouTube video #3 ('「Vietsub | Pinyin」Nhà Ai – Trì Ngư | 谁家 - 池鱼') via DOM perception."})
2026-08-31 15:17:22 [INFO] [HERMES EVENT] 🔍 Verifying results: Verifying execution results...
2026-08-31 15:17:22 [INFO] [JARVIS] State changed -> agent_verifying
2026-08-31 15:17:22 [INFO] [HERMES EVENT] 🎯 Completed! Response: 'Playing video 3.'
2026-08-31 15:17:22 [INFO] [HERMES_CLIENT] Received Hermes response: 'Playing video 3.'
2026-08-31 15:17:22 [INFO] [HERMES -> CHAT] Final response synthesized: 'Playing video 3.' (success=True)
2026-08-31 15:17:22 [INFO] Playing phrase from cache: C:\Users\ADMIN\Downloads\jarvis-main\jarvis-main\.cache\jarvis_welcome\5c3f93556a064b0fcc6f6c34.wav
2026-08-31 15:17:22 [INFO] [JARVIS] State changed -> speaking
2026-08-31 15:17:23 [INFO] [JARVIS] State changed -> listening
2026-08-31 15:17:23 [INFO] [JARVIS] State changed -> listening
2026-08-31 15:17:23 [INFO] [CHAT] Returned to listening state. Ready for next voice command.
2026-08-31 15:17:40 [INFO] [VAD] Speech started.
2026-08-31 15:17:40 [INFO] 🎙️ [VAD] User started speaking turn...
2026-08-31 15:17:42 [INFO] [VAD] Speech ended (utterance bytes=74240).
2026-08-31 15:17:42 [INFO] [AUDIO] duration=2.32s rms=0.09000 peak=0.5712 silence_ratio=0.57 is_valid=True
2026-08-31 15:17:42 [INFO] Processing audio with duration 00:02.320
2026-08-31 15:17:43 [INFO] Detected language 'vi' with probability 0.97
2026-08-31 15:17:44 [INFO] [STT] Faster-Whisper: transcribed='Đóng video đầu tiên.' | lang='vi' (prob=0.97)
2026-08-31 15:17:44 [INFO] [LANGUAGE] Detected VIETNAMESE utterance: 'Đóng video đầu tiên.' (conf=0.98)
2026-08-31 15:17:44 [INFO] [STT] model=base language_mode=auto text='Đóng video đầu tiên.' avg_logprob=-0.478 no_speech_prob=0.008 compression_ratio=0.74
2026-08-31 15:17:44 [INFO] [LANGUAGE] primary=vi languages=['vi'] mixed_language=False
2026-08-31 15:17:44 [INFO] [STT_RESOLVER] candidate_count=1 selected_candidate='Đóng video đầu tiên.' confidence=0.97 score=-0.257
2026-08-31 15:17:44 [INFO] [STT -> INTERPRETATION]
  [STT RAW]: 'Đóng video đầu tiên.'
  [NORMALIZED]: 'close video đầu tiên.'
  [INTENT]: CLOSE_APPLICATION (confidence=0.94, compound=False)
  [ENTITY]: Visual Studio Code (method=metaphone, confidence=0.80)
2026-08-31 15:17:44 [INFO] 🎙️ [SMART TURN COMPLETED] Raw: 'Đóng video đầu tiên.' | Normalized: 'close video đầu tiên.'
2026-08-31 15:17:44 [INFO] 💬 [CONVERSATION MODE] Processing user command: 'close video đầu tiên.' (Raw STT: 'Đóng video đầu tiên.')
2026-08-31 15:17:44 [INFO] [LANGUAGE] Detected VIETNAMESE utterance: 'Đóng video đầu tiên.' (conf=0.98)
2026-08-31 15:17:44 [INFO] 🎙️ [STT] raw = 'Đóng video đầu tiên.'
2026-08-31 15:17:44 [INFO] 🌐 [LANGUAGE] detected = 'vi' (confidence=0.98, response_rule='ALWAYS_ENGLISH')
2026-08-31 15:17:44 [INFO] ✨ [NORMALIZER] normalized = 'close video đầu tiên.'
2026-08-31 15:17:44 [INFO] 🎯 [INTENT] type = CLOSE_APPLICATION (confidence=0.94, compound=False)
2026-08-31 15:17:44 [INFO] 🏷️ [ENTITY] candidate = 'Visual Studio Code' (alias='viet code', method=metaphone, confidence=0.80)
2026-08-31 15:17:44 [INFO] [ROUTER] Detected desktop window close request 'Đóng video đầu tiên.' -> Routing to Hermes Agent
2026-08-31 15:17:44 [INFO] [ROUTER] Command: 'close video đầu tiên.' -> Target: HERMES_AGENT (Action: agent_task)
2026-08-31 15:17:44 [INFO] 🧠 [HERMES] Starting task delegation to Hermes Agent loop for session: c6943076
2026-08-31 15:17:44 [INFO] [JARVIS] State changed -> agent_thinking
2026-08-31 15:17:44 [INFO] [HERMES] Step 1: Agent thinking & reasoning about instruction 'close video đầu tiên.'...
2026-08-31 15:17:44 [INFO] [CHAT -> HERMES] Dispatching instruction: 'close video đầu tiên.' (Intent: CLOSE_APPLICATION)
2026-08-31 15:17:44 [INFO] [HERMES_CLIENT] Sending message to Hermes for session c6943076: 'close video đầu tiên.'
2026-08-31 15:17:44 [INFO] [HERMES EVENT] 💭 Thinking: Analyzing request with Qwen reasoning...
2026-08-31 15:17:44 [INFO] [JARVIS] State changed -> agent_thinking
2026-08-31 15:17:44 [INFO] [HERMES_RUNTIME] Fast-path deterministic routing for 'close video đầu tiên.': ['close_window']
2026-08-31 15:17:44 [INFO] [HERMES_RUNTIME] Generated plan for 'close video đầu tiên.': ['close_window']
2026-08-31 15:17:44 [INFO] [HERMES EVENT] ⚙️ Executing tool: 'close_window' (params: {'app_name': 'Visual Studio Code'})
2026-08-31 15:17:44 [INFO] [JARVIS] State changed -> agent_acting
2026-08-31 15:17:44 [INFO] [HERMES_RUNTIME] Executing tool: close_window ({'app_name': 'Visual Studio Code'})
2026-08-31 15:17:44 [INFO] [TOOL_REGISTRY] Executing 'close_window' with params: {'app_name': 'Visual Studio Code'}
2026-08-31 15:17:49 [INFO] [HERMES EVENT] ✅ Tool finished: 'close_window' (result: {'success': False, 'error': 'No active window found to close.'})
2026-08-31 15:17:49 [INFO] [HERMES EVENT] 🔍 Verifying results: Verifying execution results...
2026-08-31 15:17:49 [INFO] [JARVIS] State changed -> agent_verifying
2026-08-31 15:17:49 [INFO] [HERMES EVENT] 🎯 Completed! Response: 'Unable to complete the action: No active window found to close..'
2026-08-31 15:17:49 [INFO] [HERMES_CLIENT] Received Hermes response: 'Unable to complete the action: No active window found to close..'
2026-08-31 15:17:49 [INFO] [HERMES -> CHAT] Final response synthesized: 'Unable to complete the action: No active window found to close..' (success=False)
2026-08-31 15:17:49 [INFO] [TTS] Initializing TTS provider for mode 'hybrid'...
2026-08-31 15:17:49 [INFO] [TTS] Initializing VieNeu local neural TTS engine (dataset=C:\Users\ADMIN\Downloads\jarvis-main\jarvis-main\voice_assets\jarvis)...
2026-08-31 15:17:49 [INFO] [TTS] Hybrid Mode: Voice dataset ready (20 samples). Using local VieNeu runtime.
2026-08-31 15:17:49 [INFO] [TTS] Synthesizing response: 'Unable to complete the action: No active window found to close..'
2026-08-31 15:17:50 [INFO] [TTS] VieNeu synthesizing: 'Unable to complete the action: No active' (voice=en-US-ChristopherNeural)...
2026-08-31 15:17:52 [INFO] [TTS] Saved VieNeu audio to cache: 89866a7113ec42a78a9276dd.wav (235008 bytes)
2026-08-31 15:17:52 [INFO] [PLAYBACK] Playing audio (235008 bytes, 4.90s, 24000 Hz)
2026-08-31 15:17:52 [INFO] [JARVIS] State changed -> listening
2026-08-31 15:17:52 [INFO] [JARVIS] State changed -> speaking
2026-08-31 15:17:52 [INFO] [CHAT] Returned to listening state. Ready for next voice command.
2026-08-31 15:17:52 [INFO] [PLAYBACK] Playing 117504 samples (4.90s at 24000 Hz)...
2026-08-31 15:17:57 [INFO] [PLAYBACK] Playback completed normally.
2026-08-31 15:17:57 [INFO] [JARVIS] State changed -> listening
2026-08-31 15:17:58 [INFO] [VAD] Speech started.
2026-08-31 15:17:58 [INFO] 🎙️ [VAD] User started speaking turn...
2026-08-31 15:18:00 [INFO] [VAD] Speech ended (utterance bytes=79360).
2026-08-31 15:18:00 [INFO] [AUDIO] duration=2.48s rms=0.09000 peak=0.5354 silence_ratio=0.53 is_valid=True
2026-08-31 15:18:00 [INFO] Processing audio with duration 00:02.480
2026-08-31 15:18:01 [INFO] Detected language 'vi' with probability 0.99
2026-08-31 15:18:02 [INFO] [STT] Faster-Whisper: transcribed='Đóng video đầu tiên.' | lang='vi' (prob=0.99)
2026-08-31 15:18:02 [INFO] [LANGUAGE] Detected VIETNAMESE utterance: 'Đóng video đầu tiên.' (conf=0.98)
2026-08-31 15:18:02 [INFO] [STT] model=base language_mode=auto text='Đóng video đầu tiên.' avg_logprob=-0.404 no_speech_prob=0.012 compression_ratio=0.74
2026-08-31 15:18:02 [INFO] [LANGUAGE] primary=vi languages=['vi'] mixed_language=False
2026-08-31 15:18:02 [INFO] [STT_RESOLVER] candidate_count=1 selected_candidate='Đóng video đầu tiên.' confidence=0.99 score=-0.170
2026-08-31 15:18:02 [INFO] [STT -> INTERPRETATION]
  [STT RAW]: 'Đóng video đầu tiên.'
  [NORMALIZED]: 'close video đầu tiên.'
  [INTENT]: CLOSE_APPLICATION (confidence=0.94, compound=False)
  [ENTITY]: Visual Studio Code (method=metaphone, confidence=0.80)
2026-08-31 15:18:02 [INFO] 🎙️ [SMART TURN COMPLETED] Raw: 'Đóng video đầu tiên.' | Normalized: 'close video đầu tiên.'
2026-08-31 15:18:02 [INFO] 💬 [CONVERSATION MODE] Processing user command: 'close video đầu tiên.' (Raw STT: 'Đóng video đầu tiên.')
2026-08-31 15:18:02 [INFO] [LANGUAGE] Detected VIETNAMESE utterance: 'Đóng video đầu tiên.' (conf=0.98)
2026-08-31 15:18:02 [INFO] 🎙️ [STT] raw = 'Đóng video đầu tiên.'
2026-08-31 15:18:02 [INFO] 🌐 [LANGUAGE] detected = 'vi' (confidence=0.98, response_rule='ALWAYS_ENGLISH')
2026-08-31 15:18:02 [INFO] ✨ [NORMALIZER] normalized = 'close video đầu tiên.'
2026-08-31 15:18:02 [INFO] 🎯 [INTENT] type = CLOSE_APPLICATION (confidence=0.94, compound=False)
2026-08-31 15:18:02 [INFO] 🏷️ [ENTITY] candidate = 'Visual Studio Code' (alias='viet code', method=metaphone, confidence=0.80)
2026-08-31 15:18:02 [INFO] [ROUTER] Detected desktop window close request 'Đóng video đầu tiên.' -> Routing to Hermes Agent
2026-08-31 15:18:02 [INFO] [ROUTER] Command: 'close video đầu tiên.' -> Target: HERMES_AGENT (Action: agent_task)
2026-08-31 15:18:02 [INFO] 🧠 [HERMES] Starting task delegation to Hermes Agent loop for session: c6943076
2026-08-31 15:18:02 [INFO] [JARVIS] State changed -> agent_thinking
2026-08-31 15:18:02 [INFO] [HERMES] Step 1: Agent thinking & reasoning about instruction 'close video đầu tiên.'...
2026-08-31 15:18:02 [INFO] [CHAT -> HERMES] Dispatching instruction: 'close video đầu tiên.' (Intent: CLOSE_APPLICATION)
2026-08-31 15:18:02 [INFO] [HERMES_CLIENT] Sending message to Hermes for session c6943076: 'close video đầu tiên.'
2026-08-31 15:18:02 [INFO] [HERMES EVENT] 💭 Thinking: Analyzing request with Qwen reasoning...
2026-08-31 15:18:02 [INFO] [JARVIS] State changed -> agent_thinking
2026-08-31 15:18:02 [INFO] [HERMES_RUNTIME] Fast-path deterministic routing for 'close video đầu tiên.': ['close_window']
2026-08-31 15:18:02 [INFO] [HERMES_RUNTIME] Generated plan for 'close video đầu tiên.': ['close_window']
2026-08-31 15:18:02 [INFO] [HERMES EVENT] ⚙️ Executing tool: 'close_window' (params: {'app_name': 'Visual Studio Code'})
2026-08-31 15:18:02 [INFO] [JARVIS] State changed -> agent_acting
2026-08-31 15:18:02 [INFO] [HERMES_RUNTIME] Executing tool: close_window ({'app_name': 'Visual Studio Code'})
2026-08-31 15:18:02 [INFO] [TOOL_REGISTRY] Executing 'close_window' with params: {'app_name': 'Visual Studio Code'}
2026-08-31 15:18:07 [INFO] [HERMES EVENT] ✅ Tool finished: 'close_window' (result: {'success': False, 'error': 'No active window found to close.'})
2026-08-31 15:18:07 [INFO] [HERMES EVENT] 🔍 Verifying results: Verifying execution results...
2026-08-31 15:18:07 [INFO] [JARVIS] State changed -> agent_verifying
2026-08-31 15:18:07 [INFO] [HERMES EVENT] 🎯 Completed! Response: 'Unable to complete the action: No active window found to close..'
2026-08-31 15:18:07 [INFO] [HERMES_CLIENT] Received Hermes response: 'Unable to complete the action: No active window found to close..'
2026-08-31 15:18:07 [INFO] [HERMES -> CHAT] Final response synthesized: 'Unable to complete the action: No active window found to close..' (success=False)
2026-08-31 15:18:07 [INFO] Playing phrase from cache: C:\Users\ADMIN\Downloads\jarvis-main\jarvis-main\.cache\jarvis_welcome\81b502501da8f5751d9bb677.wav
2026-08-31 15:18:07 [INFO] [JARVIS] State changed -> speaking
2026-08-31 15:18:12 [INFO] [JARVIS] State changed -> listening
2026-08-31 15:18:12 [INFO] [JARVIS] State changed -> listening
2026-08-31 15:18:12 [INFO] [CHAT] Returned to listening state. Ready for next voice command.
2026-08-31 15:18:13 [INFO] [VAD] Speech started.
2026-08-31 15:18:13 [INFO] 🎙️ [VAD] User started speaking turn...
2026-08-31 15:18:15 [INFO] [VAD] Speech ended (utterance bytes=79360).
2026-08-31 15:18:15 [INFO] [AUDIO] duration=2.48s rms=0.09000 peak=0.5242 silence_ratio=0.56 is_valid=True
2026-08-31 15:18:15 [INFO] Processing audio with duration 00:02.480
2026-08-31 15:18:16 [INFO] Detected language 'vi' with probability 0.97
2026-08-31 15:18:17 [INFO] [STT] Faster-Whisper: transcribed='Chọn video đầu tiên.' | lang='vi' (prob=0.97)
2026-08-31 15:18:17 [INFO] [LANGUAGE] Detected VIETNAMESE utterance: 'Chọn video đầu tiên.' (conf=0.95)
2026-08-31 15:18:17 [INFO] [STT] model=base language_mode=auto text='Chọn video đầu tiên.' avg_logprob=-0.390 no_speech_prob=0.019 compression_ratio=0.74
2026-08-31 15:18:17 [INFO] [LANGUAGE] primary=vi languages=['vi'] mixed_language=False
2026-08-31 15:18:17 [INFO] [STT_RESOLVER] candidate_count=1 selected_candidate='Chọn video đầu tiên.' confidence=0.97 score=-0.164
2026-08-31 15:18:18 [INFO] [STT -> INTERPRETATION]
  [STT RAW]: 'Chọn video đầu tiên.'
  [NORMALIZED]: 'Chọn video đầu tiên.'
  [INTENT]: CONVERSATION (confidence=0.85, compound=False)
  [ENTITY]: Visual Studio Code (method=metaphone, confidence=0.80)
2026-08-31 15:18:18 [INFO] 🎙️ [SMART TURN COMPLETED] Raw: 'Chọn video đầu tiên.' | Normalized: 'Chọn video đầu tiên.'
2026-08-31 15:18:18 [INFO] 💬 [CONVERSATION MODE] Processing user command: 'Chọn video đầu tiên.' (Raw STT: 'Chọn video đầu tiên.')
2026-08-31 15:18:18 [INFO] [LANGUAGE] Detected VIETNAMESE utterance: 'Chọn video đầu tiên.' (conf=0.95)
2026-08-31 15:18:18 [INFO] 🎙️ [STT] raw = 'Chọn video đầu tiên.'
2026-08-31 15:18:18 [INFO] 🌐 [LANGUAGE] detected = 'vi' (confidence=0.95, response_rule='ALWAYS_ENGLISH')
2026-08-31 15:18:18 [INFO] ✨ [NORMALIZER] normalized = 'Chọn video đầu tiên.'
2026-08-31 15:18:18 [INFO] 🎯 [INTENT] type = CONVERSATION (confidence=0.85, compound=False)
2026-08-31 15:18:18 [INFO] 🏷️ [ENTITY] candidate = 'Visual Studio Code' (alias='viet code', method=metaphone, confidence=0.80)
2026-08-31 15:18:18 [INFO] [ROUTER] Routing natural-language task 'Chọn video đầu tiên.' to Hermes Agent
2026-08-31 15:18:18 [INFO] [ROUTER] Command: 'Chọn video đầu tiên.' -> Target: HERMES_AGENT (Action: agent_task)
2026-08-31 15:18:18 [INFO] 🧠 [HERMES] Starting task delegation to Hermes Agent loop for session: c6943076
2026-08-31 15:18:18 [INFO] [JARVIS] State changed -> agent_thinking
2026-08-31 15:18:18 [INFO] [HERMES] Step 1: Agent thinking & reasoning about instruction 'Chọn video đầu tiên.'...
2026-08-31 15:18:18 [INFO] [CHAT -> HERMES] Dispatching instruction: 'Chọn video đầu tiên.' (Intent: CONVERSATION)
2026-08-31 15:18:18 [INFO] [HERMES_CLIENT] Sending message to Hermes for session c6943076: 'Chọn video đầu tiên.'
2026-08-31 15:18:18 [INFO] [HERMES EVENT] 💭 Thinking: Analyzing request with Qwen reasoning...
2026-08-31 15:18:18 [INFO] [JARVIS] State changed -> agent_thinking
2026-08-31 15:18:18 [INFO] [HERMES_RUNTIME] Fast-path deterministic routing for 'Chọn video đầu tiên.': ['select_youtube_video']
2026-08-31 15:18:18 [INFO] [HERMES_RUNTIME] Generated plan for 'Chọn video đầu tiên.': ['select_youtube_video']
2026-08-31 15:18:18 [INFO] [HERMES EVENT] ⚙️ Executing tool: 'select_youtube_video' (params: {'index': 1})
2026-08-31 15:18:18 [INFO] [JARVIS] State changed -> agent_acting
2026-08-31 15:18:18 [INFO] [HERMES_RUNTIME] Executing tool: select_youtube_video ({'index': 1})
2026-08-31 15:18:18 [INFO] [TOOL_REGISTRY] Executing 'select_youtube_video' with params: {'index': 1}
2026-08-31 15:18:18 [INFO] [WINDOW] Foreground matches target app 'chrome' & task 'youtube': HWND=47907456
2026-08-31 15:18:18 [INFO] ========== [YOUTUBE DOM EXTRACTION DEBUG LOG] ==========
2026-08-31 15:18:18 [INFO] [DOM_DEBUG] Viewport dimensions: innerWidth=1920, innerHeight=945
2026-08-31 15:18:18 [INFO] [DOM_DEBUG] Total nodes queried: 80
2026-08-31 15:18:18 [INFO] [DOM_DEBUG] Accepted ordinal #1: center=(1072.5, 290.6), href="/watch?v=NFYQK09Rh64", title="PC 300 củ, Siêu xe Và Ngày Mưa Setup Tại Biệt Thự Ven Sông Cùng Anh @PEWPEW"
2026-08-31 15:18:18 [INFO] [DOM_DEBUG] Accepted ordinal #2: center=(1616.8, 290.6), href="/watch?v=mm0QSsRwzUo", title="Home Beyond the Vale | Fantasy Celtic Ambience | Relaxing Music [No Ads]"
2026-08-31 15:18:18 [INFO] [DOM_DEBUG] Accepted ordinal #3: center=(528.2, 719.8), href="/watch?v=csFggifeAlk", title="「Vietsub | Pinyin」Nhà Ai – Trì Ngư | 谁家 - 池鱼"
2026-08-31 15:18:18 [INFO] [DOM_DEBUG] Accepted ordinal #4: center=(1616.8, 719.8), href="/watch?v=9avuQ72s5eM", title="Quà lớn 13 đàn vàng. x2 niềm vui (100 tr tài khoản / Best Mobile Game) | Where Winds Meet #wwmccps10"
2026-08-31 15:18:18 [INFO] [DOM_DEBUG] DOM Extraction finished: 4 visible videos identified.
2026-08-31 15:18:18 [INFO] =========================================================
2026-08-31 15:18:18 [INFO] [DOM_PERCEPTION] Extracted 4 visible YouTube video items directly from DOM.
2026-08-31 15:18:18 [INFO] [COORD MATH] Viewport (cx: 1072.5, cy: 290.6) -> Screen (X: 0 + 1072.5 = 1072, Y: 0 + 290.6 + 80 = 371)
2026-08-31 15:18:18 [INFO] [COMPONENT_TARGET] ordinal=#1 title='PC 300 củ, Siêu xe Và Ngày Mưa Setup Tại Biệt Thự Ven Sông Cùng Anh @PEWPEW' href='/watch?v=NFYQK09Rh64' id=yt_video_1 is_ad=False
[COORDINATE] dom_viewport_space=(1072.5, 290.6) -> window_client_space=(1072.5, 370.6) -> screen_space=(1072, 371)
[WINDOW] hwnd=47907456 chrome_h=80 origin=(0, 0)
[MOUSE] final_physical_point=(1072, 371)
2026-08-31 15:18:18 [INFO] [MOUSE_TXN] id=DOM-YT-1-1DF4 action=CLICK target=(1072, 371) count=1 button=left
2026-08-31 15:18:18 [INFO] [DOM-YT-1-1DF4] [MOUSE_MOVE] requested=(1072, 371) before=(18, 54) delta=(1054, 317) distance=1100.6px
2026-08-31 15:18:18 [INFO] [DOM-YT-1-1DF4] [MOUSE_MOVE] actual=(1072, 371) distance=0.0px verified=True
2026-08-31 15:18:18 [INFO] [MOUSE_TXN] id=DOM-YT-1-1DF4 [MOUSE FINAL CHECK] requested_target=(1072, 371) actual_cursor=(1072, 371) delta=(0, 0) distance=0.0px
2026-08-31 15:18:18 [INFO] [DOM-YT-1-1DF4] [MOUSE_CLICK] physical_position=(1072, 371) button=left count=1 down=True up=True completed=True
2026-08-31 15:18:18 [INFO] [MOUSE_TXN] id=DOM-YT-1-1DF4 [MOUSE CLICK RESULT] position_at_click=(1072, 371) down_result=True up_result=True click_completed=True
2026-08-31 15:18:18 [INFO] 
[CURSOR]
expected=(1072, 371)
actual=(1072, 371)
distance=0.0
verified=True
2026-08-31 15:18:18 [INFO] 
[CLICK]
dispatch=SUCCESS
count=1
2026-08-31 15:18:18 [INFO] 
[ACTION]
VIDEO_SELECTION_COMPLETED
2026-08-31 15:18:18 [INFO] [HERMES EVENT] ✅ Tool finished: 'select_youtube_video' (result: {'success': True, 'status': 'SUCCESS', 'ordinal': 1, 'target_id': 'yt_video_1', 'component_id': 'yt_video_1', 'title': 'PC 300 củ, Siêu xe Và Ngày Mưa Setup Tại Biệt Thự Ven Sông Cùng Anh @PEWPEW', 'href': '/watch?v=NFYQK09Rh64', 'is_ad': False, 'target': {'requested_index': 1, 'ordinal': 1, 'component_id': 'yt_video_1', 'bbox': [808.3, 136, 528.3, 309.2], 'screen_point': (1072, 371), 'title': 'PC 300 củ, Siêu xe Và Ngày Mưa Setup Tại Biệt Thự Ven Sông Cùng Anh @PEWPEW'}, 'viewport_point': (1072.5, 290.6), 'click_point': (1072, 371), 'cursor_before': (18, 54), 'cursor_after': (1072, 371), 'actual_position_before': (18, 54), 'actual_position_at_click': (1072, 371), 'coord_math': '[COORD MATH] Viewport (cx: 1072.5, cy: 290.6) -> Screen (X: 0 + 1072.5 = 1072, Y: 0 + 290.6 + 80 = 371)', 'debug_log': ['Viewport dimensions: innerWidth=1920, innerHeight=945', 'Total nodes queried: 80', 'Accepted ordinal #1: center=(1072.5, 290.6), href="/watch?v=NFYQK09Rh64", title="PC 300 củ, Siêu xe Và Ngày Mưa Setup Tại Biệt Thự Ven Sông Cùng Anh @PEWPEW"', 'Accepted ordinal #2: center=(1616.8, 290.6), href="/watch?v=mm0QSsRwzUo", title="Home Beyond the Vale | Fantasy Celtic Ambience | Relaxing Music [No Ads]"', 'Accepted ordinal #3: center=(528.2, 719.8), href="/watch?v=csFggifeAlk", title="「Vietsub | Pinyin」Nhà Ai – Trì Ngư | 谁家 - 池鱼"', 'Accepted ordinal #4: center=(1616.8, 719.8), href="/watch?v=9avuQ72s5eM", title="Quà lớn 13 đàn vàng. x2 niềm vui (100 tr tài khoản / Best Mobile Game) | Where Winds Meet #wwmccps10"', 'DOM Extraction finished: 4 visible videos identified.'], 'move_verified': True, 'click_completed': True, 'mouse_action_success': True, 'target_interaction_verified': True, 'task_verified': True, 'window_recovered': False, 'message': "Clicked and selected YouTube video #1 ('PC 300 củ, Siêu xe Và Ngày Mưa Setup Tại Biệt Thự Ven Sông Cùng Anh @PEWPEW') via DOM perception."})
2026-08-31 15:18:18 [INFO] [HERMES EVENT] 🔍 Verifying results: Verifying execution results...
2026-08-31 15:18:18 [INFO] [JARVIS] State changed -> agent_verifying
2026-08-31 15:18:18 [INFO] [HERMES EVENT] 🎯 Completed! Response: 'Playing video 1.'
2026-08-31 15:18:18 [INFO] [HERMES_CLIENT] Received Hermes response: 'Playing video 1.'
2026-08-31 15:18:18 [INFO] [HERMES -> CHAT] Final response synthesized: 'Playing video 1.' (success=True)
2026-08-31 15:18:18 [INFO] Playing phrase from cache: C:\Users\ADMIN\Downloads\jarvis-main\jarvis-main\.cache\jarvis_welcome\b8116be7ec171d15a95ca712.wav
2026-08-31 15:18:18 [INFO] [JARVIS] State changed -> speaking
2026-08-31 15:18:19 [INFO] [JARVIS] State changed -> listening
2026-08-31 15:18:19 [INFO] [JARVIS] State changed -> listening
2026-08-31 15:18:19 [INFO] [CHAT] Returned to listening state. Ready for next voice command.
2026-08-31 15:18:22 [INFO] [VAD] Speech started.
2026-08-31 15:18:22 [INFO] 🎙️ [VAD] User started speaking turn...
2026-08-31 15:18:24 [INFO] [VAD] Speech ended (utterance bytes=81920).
2026-08-31 15:18:24 [INFO] [AUDIO] duration=2.56s rms=0.09000 peak=0.4656 silence_ratio=0.54 is_valid=True
2026-08-31 15:18:24 [INFO] Processing audio with duration 00:02.560
2026-08-31 15:18:25 [INFO] Detected language 'vi' with probability 0.88
2026-08-31 15:18:26 [INFO] [STT] Faster-Whisper: transcribed='Chọn video thứ 2.' | lang='vi' (prob=0.88)
2026-08-31 15:18:26 [INFO] [LANGUAGE] Detected VIETNAMESE utterance: 'Chọn video thứ 2.' (conf=0.85)
2026-08-31 15:18:26 [INFO] [STT] model=base language_mode=auto text='Chọn video thứ 2.' avg_logprob=-0.658 no_speech_prob=0.025 compression_ratio=0.75
2026-08-31 15:18:26 [INFO] [LANGUAGE] primary=vi languages=['vi'] mixed_language=False
2026-08-31 15:18:26 [INFO] [STT_RESOLVER] candidate_count=1 selected_candidate='Chọn video thứ 2.' confidence=0.88 score=-0.495
2026-08-31 15:18:27 [INFO] [STT -> INTERPRETATION]
  [STT RAW]: 'Chọn video thứ 2.'
  [NORMALIZED]: 'Chọn video thứ 2.'
  [INTENT]: CONVERSATION (confidence=0.85, compound=False)
  [ENTITY]: None (method=None, confidence=0.00)
2026-08-31 15:18:27 [INFO] 🎙️ [SMART TURN COMPLETED] Raw: 'Chọn video thứ 2.' | Normalized: 'Chọn video thứ 2.'
2026-08-31 15:18:27 [INFO] 💬 [CONVERSATION MODE] Processing user command: 'Chọn video thứ 2.' (Raw STT: 'Chọn video thứ 2.')
2026-08-31 15:18:27 [INFO] [LANGUAGE] Detected VIETNAMESE utterance: 'Chọn video thứ 2.' (conf=0.85)
2026-08-31 15:18:27 [INFO] 🎙️ [STT] raw = 'Chọn video thứ 2.'
2026-08-31 15:18:27 [INFO] 🌐 [LANGUAGE] detected = 'vi' (confidence=0.85, response_rule='ALWAYS_ENGLISH')
2026-08-31 15:18:27 [INFO] ✨ [NORMALIZER] normalized = 'Chọn video thứ 2.'
2026-08-31 15:18:27 [INFO] 🎯 [INTENT] type = CONVERSATION (confidence=0.85, compound=False)
2026-08-31 15:18:27 [INFO] [ROUTER] Routing natural-language task 'Chọn video thứ 2.' to Hermes Agent
2026-08-31 15:18:27 [INFO] [ROUTER] Command: 'Chọn video thứ 2.' -> Target: HERMES_AGENT (Action: agent_task)
2026-08-31 15:18:27 [INFO] 🧠 [HERMES] Starting task delegation to Hermes Agent loop for session: c6943076
2026-08-31 15:18:27 [INFO] [JARVIS] State changed -> agent_thinking
2026-08-31 15:18:27 [INFO] [HERMES] Step 1: Agent thinking & reasoning about instruction 'Chọn video thứ 2.'...
2026-08-31 15:18:27 [INFO] [CHAT -> HERMES] Dispatching instruction: 'Chọn video thứ 2.' (Intent: CONVERSATION)
2026-08-31 15:18:27 [INFO] [HERMES_CLIENT] Sending message to Hermes for session c6943076: 'Chọn video thứ 2.'
2026-08-31 15:18:27 [INFO] [HERMES EVENT] 💭 Thinking: Analyzing request with Qwen reasoning...
2026-08-31 15:18:27 [INFO] [JARVIS] State changed -> agent_thinking
2026-08-31 15:18:27 [INFO] [HERMES_RUNTIME] Fast-path deterministic routing for 'Chọn video thứ 2.': ['select_youtube_video']
2026-08-31 15:18:27 [INFO] [HERMES_RUNTIME] Generated plan for 'Chọn video thứ 2.': ['select_youtube_video']
2026-08-31 15:18:27 [INFO] [HERMES EVENT] ⚙️ Executing tool: 'select_youtube_video' (params: {'index': 2})
2026-08-31 15:18:27 [INFO] [JARVIS] State changed -> agent_acting
2026-08-31 15:18:27 [INFO] [HERMES_RUNTIME] Executing tool: select_youtube_video ({'index': 2})
2026-08-31 15:18:27 [INFO] [TOOL_REGISTRY] Executing 'select_youtube_video' with params: {'index': 2}
2026-08-31 15:18:27 [INFO] [WINDOW] Foreground matches target app 'chrome' & task 'youtube': HWND=47907456
2026-08-31 15:18:27 [INFO] ========== [YOUTUBE DOM EXTRACTION DEBUG LOG] ==========
2026-08-31 15:18:27 [INFO] [DOM_DEBUG] Viewport dimensions: innerWidth=1920, innerHeight=945
2026-08-31 15:18:27 [INFO] [DOM_DEBUG] Total nodes queried: 80
2026-08-31 15:18:27 [INFO] [DOM_DEBUG] Accepted ordinal #1: center=(1072.5, 290.6), href="/watch?v=NFYQK09Rh64", title="PC 300 củ, Siêu xe Và Ngày Mưa Setup Tại Biệt Thự Ven Sông Cùng Anh @PEWPEW"
2026-08-31 15:18:27 [INFO] [DOM_DEBUG] Accepted ordinal #2: center=(1616.8, 290.6), href="/watch?v=mm0QSsRwzUo", title="Home Beyond the Vale | Fantasy Celtic Ambience | Relaxing Music [No Ads]"
2026-08-31 15:18:27 [INFO] [DOM_DEBUG] Accepted ordinal #3: center=(528.2, 719.8), href="/watch?v=csFggifeAlk", title="「Vietsub | Pinyin」Nhà Ai – Trì Ngư | 谁家 - 池鱼"
2026-08-31 15:18:27 [INFO] [DOM_DEBUG] Accepted ordinal #4: center=(1616.8, 719.8), href="/watch?v=9avuQ72s5eM", title="Quà lớn 13 đàn vàng. x2 niềm vui (100 tr tài khoản / Best Mobile Game) | Where Winds Meet #wwmccps10"
2026-08-31 15:18:27 [INFO] [DOM_DEBUG] DOM Extraction finished: 4 visible videos identified.
2026-08-31 15:18:27 [INFO] =========================================================
2026-08-31 15:18:27 [INFO] [DOM_PERCEPTION] Extracted 4 visible YouTube video items directly from DOM.
2026-08-31 15:18:27 [INFO] [COORD MATH] Viewport (cx: 1616.8, cy: 290.6) -> Screen (X: 0 + 1616.8 = 1617, Y: 0 + 290.6 + 80 = 371)
2026-08-31 15:18:27 [INFO] [COMPONENT_TARGET] ordinal=#2 title='Home Beyond the Vale | Fantasy Celtic Ambience | Relaxing Music [No Ads]' href='/watch?v=mm0QSsRwzUo' id=yt_video_2 is_ad=False
[COORDINATE] dom_viewport_space=(1616.8, 290.6) -> window_client_space=(1616.8, 370.6) -> screen_space=(1617, 371)
[WINDOW] hwnd=47907456 chrome_h=80 origin=(0, 0)
[MOUSE] final_physical_point=(1617, 371)
2026-08-31 15:18:27 [INFO] [MOUSE_TXN] id=DOM-YT-2-8E08 action=CLICK target=(1617, 371) count=1 button=left
2026-08-31 15:18:27 [INFO] [DOM-YT-2-8E08] [MOUSE_MOVE] requested=(1617, 371) before=(19, 64) delta=(1598, 307) distance=1627.2px
2026-08-31 15:18:27 [INFO] [DOM-YT-2-8E08] [MOUSE_MOVE] actual=(1617, 371) distance=0.0px verified=True
2026-08-31 15:18:27 [INFO] [MOUSE_TXN] id=DOM-YT-2-8E08 [MOUSE FINAL CHECK] requested_target=(1617, 371) actual_cursor=(1617, 371) delta=(0, 0) distance=0.0px
2026-08-31 15:18:27 [INFO] [DOM-YT-2-8E08] [MOUSE_CLICK] physical_position=(1617, 371) button=left count=1 down=True up=True completed=True
2026-08-31 15:18:27 [INFO] [MOUSE_TXN] id=DOM-YT-2-8E08 [MOUSE CLICK RESULT] position_at_click=(1617, 371) down_result=True up_result=True click_completed=True
2026-08-31 15:18:27 [INFO] 
[CURSOR]
expected=(1617, 371)
actual=(1617, 371)
distance=0.0
verified=True
2026-08-31 15:18:27 [INFO] 
[CLICK]
dispatch=SUCCESS
count=1
2026-08-31 15:18:27 [INFO] 
[ACTION]
VIDEO_SELECTION_COMPLETED
2026-08-31 15:18:27 [INFO] [HERMES EVENT] ✅ Tool finished: 'select_youtube_video' (result: {'success': True, 'status': 'SUCCESS', 'ordinal': 2, 'target_id': 'yt_video_2', 'component_id': 'yt_video_2', 'title': 'Home Beyond the Vale | Fantasy Celtic Ambience | Relaxing Music [No Ads]', 'href': '/watch?v=mm0QSsRwzUo', 'is_ad': False, 'target': {'requested_index': 2, 'ordinal': 2, 'component_id': 'yt_video_2', 'bbox': [1352.7, 136, 528.3, 309.2], 'screen_point': (1617, 371), 'title': 'Home Beyond the Vale | Fantasy Celtic Ambience | Relaxing Music [No Ads]'}, 'viewport_point': (1616.8, 290.6), 'click_point': (1617, 371), 'cursor_before': (19, 64), 'cursor_after': (1617, 371), 'actual_position_before': (19, 64), 'actual_position_at_click': (1617, 371), 'coord_math': '[COORD MATH] Viewport (cx: 1616.8, cy: 290.6) -> Screen (X: 0 + 1616.8 = 1617, Y: 0 + 290.6 + 80 = 371)', 'debug_log': ['Viewport dimensions: innerWidth=1920, innerHeight=945', 'Total nodes queried: 80', 'Accepted ordinal #1: center=(1072.5, 290.6), href="/watch?v=NFYQK09Rh64", title="PC 300 củ, Siêu xe Và Ngày Mưa Setup Tại Biệt Thự Ven Sông Cùng Anh @PEWPEW"', 'Accepted ordinal #2: center=(1616.8, 290.6), href="/watch?v=mm0QSsRwzUo", title="Home Beyond the Vale | Fantasy Celtic Ambience | Relaxing Music [No Ads]"', 'Accepted ordinal #3: center=(528.2, 719.8), href="/watch?v=csFggifeAlk", title="「Vietsub | Pinyin」Nhà Ai – Trì Ngư | 谁家 - 池鱼"', 'Accepted ordinal #4: center=(1616.8, 719.8), href="/watch?v=9avuQ72s5eM", title="Quà lớn 13 đàn vàng. x2 niềm vui (100 tr tài khoản / Best Mobile Game) | Where Winds Meet #wwmccps10"', 'DOM Extraction finished: 4 visible videos identified.'], 'move_verified': True, 'click_completed': True, 'mouse_action_success': True, 'target_interaction_verified': True, 'task_verified': True, 'window_recovered': False, 'message': "Clicked and selected YouTube video #2 ('Home Beyond the Vale | Fantasy Celtic Ambience | Relaxing Music [No Ads]') via DOM perception."})
2026-08-31 15:18:27 [INFO] [HERMES EVENT] 🔍 Verifying results: Verifying execution results...
2026-08-31 15:18:27 [INFO] [JARVIS] State changed -> agent_verifying
2026-08-31 15:18:27 [INFO] [HERMES EVENT] 🎯 Completed! Response: 'Playing video 2.'
2026-08-31 15:18:27 [INFO] [HERMES_CLIENT] Received Hermes response: 'Playing video 2.'
2026-08-31 15:18:27 [INFO] [HERMES -> CHAT] Final response synthesized: 'Playing video 2.' (success=True)
2026-08-31 15:18:27 [INFO] Playing phrase from cache: C:\Users\ADMIN\Downloads\jarvis-main\jarvis-main\.cache\jarvis_welcome\ef803ccc89d907373d7adec3.wav
2026-08-31 15:18:27 [INFO] [JARVIS] State changed -> speaking
2026-08-31 15:18:29 [INFO] [JARVIS] State changed -> listening
2026-08-31 15:18:29 [INFO] [JARVIS] State changed -> listening
2026-08-31 15:18:29 [INFO] [CHAT] Returned to listening state. Ready for next voice command.
2026-08-31 15:18:31 [INFO] [VAD] Speech started.
2026-08-31 15:18:31 [INFO] 🎙️ [VAD] User started speaking turn...
2026-08-31 15:18:33 [INFO] [VAD] Speech ended (utterance bytes=74240).
2026-08-31 15:18:33 [INFO] [AUDIO] duration=2.32s rms=0.09000 peak=0.4058 silence_ratio=0.53 is_valid=True
2026-08-31 15:18:33 [INFO] Processing audio with duration 00:02.320
2026-08-31 15:18:34 [INFO] Detected language 'vi' with probability 0.97
2026-08-31 15:18:35 [INFO] [STT] Faster-Whisper: transcribed='Chọn video thứ 3.' | lang='vi' (prob=0.97)
2026-08-31 15:18:35 [INFO] [LANGUAGE] Detected VIETNAMESE utterance: 'Chọn video thứ 3.' (conf=0.85)
2026-08-31 15:18:35 [INFO] [STT] model=base language_mode=auto text='Chọn video thứ 3.' avg_logprob=-0.476 no_speech_prob=0.144 compression_ratio=0.75
2026-08-31 15:18:35 [INFO] [LANGUAGE] primary=vi languages=['vi'] mixed_language=False
2026-08-31 15:18:35 [INFO] [STT_RESOLVER] candidate_count=1 selected_candidate='Chọn video thứ 3.' confidence=0.97 score=-0.568
2026-08-31 15:18:36 [INFO] [STT -> INTERPRETATION]
  [STT RAW]: 'Chọn video thứ 3.'
  [NORMALIZED]: 'Chọn video thứ 3.'
  [INTENT]: CONVERSATION (confidence=0.85, compound=False)
  [ENTITY]: None (method=None, confidence=0.00)
2026-08-31 15:18:36 [INFO] 🎙️ [SMART TURN COMPLETED] Raw: 'Chọn video thứ 3.' | Normalized: 'Chọn video thứ 3.'
2026-08-31 15:18:36 [INFO] 💬 [CONVERSATION MODE] Processing user command: 'Chọn video thứ 3.' (Raw STT: 'Chọn video thứ 3.')
2026-08-31 15:18:36 [INFO] [LANGUAGE] Detected VIETNAMESE utterance: 'Chọn video thứ 3.' (conf=0.85)
2026-08-31 15:18:36 [INFO] 🎙️ [STT] raw = 'Chọn video thứ 3.'
2026-08-31 15:18:36 [INFO] 🌐 [LANGUAGE] detected = 'vi' (confidence=0.85, response_rule='ALWAYS_ENGLISH')
2026-08-31 15:18:36 [INFO] ✨ [NORMALIZER] normalized = 'Chọn video thứ 3.'
2026-08-31 15:18:36 [INFO] 🎯 [INTENT] type = CONVERSATION (confidence=0.85, compound=False)
2026-08-31 15:18:36 [INFO] [ROUTER] Routing natural-language task 'Chọn video thứ 3.' to Hermes Agent
2026-08-31 15:18:36 [INFO] [ROUTER] Command: 'Chọn video thứ 3.' -> Target: HERMES_AGENT (Action: agent_task)
2026-08-31 15:18:36 [INFO] 🧠 [HERMES] Starting task delegation to Hermes Agent loop for session: c6943076
2026-08-31 15:18:36 [INFO] [JARVIS] State changed -> agent_thinking
2026-08-31 15:18:36 [INFO] [HERMES] Step 1: Agent thinking & reasoning about instruction 'Chọn video thứ 3.'...
2026-08-31 15:18:36 [INFO] [CHAT -> HERMES] Dispatching instruction: 'Chọn video thứ 3.' (Intent: CONVERSATION)
2026-08-31 15:18:36 [INFO] [HERMES_CLIENT] Sending message to Hermes for session c6943076: 'Chọn video thứ 3.'
2026-08-31 15:18:36 [INFO] [HERMES EVENT] 💭 Thinking: Analyzing request with Qwen reasoning...
2026-08-31 15:18:36 [INFO] [JARVIS] State changed -> agent_thinking
2026-08-31 15:18:36 [INFO] [HERMES_RUNTIME] Fast-path deterministic routing for 'Chọn video thứ 3.': ['select_youtube_video']
2026-08-31 15:18:36 [INFO] [HERMES_RUNTIME] Generated plan for 'Chọn video thứ 3.': ['select_youtube_video']
2026-08-31 15:18:36 [INFO] [HERMES EVENT] ⚙️ Executing tool: 'select_youtube_video' (params: {'index': 3})
2026-08-31 15:18:36 [INFO] [JARVIS] State changed -> agent_acting
2026-08-31 15:18:36 [INFO] [HERMES_RUNTIME] Executing tool: select_youtube_video ({'index': 3})
2026-08-31 15:18:36 [INFO] [TOOL_REGISTRY] Executing 'select_youtube_video' with params: {'index': 3}
2026-08-31 15:18:36 [INFO] [WINDOW] Foreground matches target app 'chrome' & task 'youtube': HWND=47907456
2026-08-31 15:18:36 [INFO] ========== [YOUTUBE DOM EXTRACTION DEBUG LOG] ==========
2026-08-31 15:18:36 [INFO] [DOM_DEBUG] Viewport dimensions: innerWidth=1920, innerHeight=945
2026-08-31 15:18:36 [INFO] [DOM_DEBUG] Total nodes queried: 80
2026-08-31 15:18:36 [INFO] [DOM_DEBUG] Accepted ordinal #1: center=(1072.5, 290.6), href="/watch?v=NFYQK09Rh64", title="PC 300 củ, Siêu xe Và Ngày Mưa Setup Tại Biệt Thự Ven Sông Cùng Anh @PEWPEW"
2026-08-31 15:18:36 [INFO] [DOM_DEBUG] Accepted ordinal #2: center=(1616.8, 290.6), href="/watch?v=mm0QSsRwzUo", title="Home Beyond the Vale | Fantasy Celtic Ambience | Relaxing Music [No Ads]"
2026-08-31 15:18:36 [INFO] [DOM_DEBUG] Accepted ordinal #3: center=(528.2, 719.8), href="/watch?v=csFggifeAlk", title="「Vietsub | Pinyin」Nhà Ai – Trì Ngư | 谁家 - 池鱼"
2026-08-31 15:18:36 [INFO] [DOM_DEBUG] Accepted ordinal #4: center=(1616.8, 719.8), href="/watch?v=9avuQ72s5eM", title="Quà lớn 13 đàn vàng. x2 niềm vui (100 tr tài khoản / Best Mobile Game) | Where Winds Meet #wwmccps10"
2026-08-31 15:18:36 [INFO] [DOM_DEBUG] DOM Extraction finished: 4 visible videos identified.
2026-08-31 15:18:36 [INFO] =========================================================
2026-08-31 15:18:36 [INFO] [DOM_PERCEPTION] Extracted 4 visible YouTube video items directly from DOM.
2026-08-31 15:18:36 [INFO] [COORD MATH] Viewport (cx: 528.2, cy: 719.8) -> Screen (X: 0 + 528.2 = 528, Y: 0 + 719.8 + 80 = 800)
2026-08-31 15:18:36 [INFO] [COMPONENT_TARGET] ordinal=#3 title='「Vietsub | Pinyin」Nhà Ai – Trì Ngư | 谁家 - 池鱼' href='/watch?v=csFggifeAlk' id=yt_video_3 is_ad=False
[COORDINATE] dom_viewport_space=(528.2, 719.8) -> window_client_space=(528.2, 799.8) -> screen_space=(528, 800)
[WINDOW] hwnd=47907456 chrome_h=80 origin=(0, 0)
[MOUSE] final_physical_point=(528, 800)
2026-08-31 15:18:36 [INFO] [MOUSE_TXN] id=DOM-YT-3-CE1B action=CLICK target=(528, 800) count=1 button=left
2026-08-31 15:18:36 [INFO] [DOM-YT-3-CE1B] [MOUSE_MOVE] requested=(528, 800) before=(47, 143) delta=(481, 657) distance=814.3px
2026-08-31 15:18:36 [INFO] [DOM-YT-3-CE1B] [MOUSE_MOVE] actual=(528, 800) distance=0.0px verified=True
2026-08-31 15:18:36 [INFO] [MOUSE_TXN] id=DOM-YT-3-CE1B [MOUSE FINAL CHECK] requested_target=(528, 800) actual_cursor=(528, 800) delta=(0, 0) distance=0.0px
2026-08-31 15:18:36 [INFO] [DOM-YT-3-CE1B] [MOUSE_CLICK] physical_position=(528, 800) button=left count=1 down=True up=True completed=True
2026-08-31 15:18:36 [INFO] [MOUSE_TXN] id=DOM-YT-3-CE1B [MOUSE CLICK RESULT] position_at_click=(528, 800) down_result=True up_result=True click_completed=True
2026-08-31 15:18:36 [INFO] 
[CURSOR]
expected=(528, 800)
actual=(528, 800)
distance=0.0
verified=True
2026-08-31 15:18:36 [INFO] 
[CLICK]
dispatch=SUCCESS
count=1
2026-08-31 15:18:36 [INFO] 
[ACTION]
VIDEO_SELECTION_COMPLETED
2026-08-31 15:18:36 [INFO] [HERMES EVENT] ✅ Tool finished: 'select_youtube_video' (result: {'success': True, 'status': 'SUCCESS', 'ordinal': 3, 'target_id': 'yt_video_3', 'component_id': 'yt_video_3', 'title': '「Vietsub | Pinyin」Nhà Ai – Trì Ngư | 谁家 - 池鱼', 'href': '/watch?v=csFggifeAlk', 'is_ad': False, 'target': {'requested_index': 3, 'ordinal': 3, 'component_id': 'yt_video_3', 'bbox': [264, 565.2, 528.3, 309.2], 'screen_point': (528, 800), 'title': '「Vietsub | Pinyin」Nhà Ai – Trì Ngư | 谁家 - 池鱼'}, 'viewport_point': (528.2, 719.8), 'click_point': (528, 800), 'cursor_before': (47, 143), 'cursor_after': (528, 800), 'actual_position_before': (47, 143), 'actual_position_at_click': (528, 800), 'coord_math': '[COORD MATH] Viewport (cx: 528.2, cy: 719.8) -> Screen (X: 0 + 528.2 = 528, Y: 0 + 719.8 + 80 = 800)', 'debug_log': ['Viewport dimensions: innerWidth=1920, innerHeight=945', 'Total nodes queried: 80', 'Accepted ordinal #1: center=(1072.5, 290.6), href="/watch?v=NFYQK09Rh64", title="PC 300 củ, Siêu xe Và Ngày Mưa Setup Tại Biệt Thự Ven Sông Cùng Anh @PEWPEW"', 'Accepted ordinal #2: center=(1616.8, 290.6), href="/watch?v=mm0QSsRwzUo", title="Home Beyond the Vale | Fantasy Celtic Ambience | Relaxing Music [No Ads]"', 'Accepted ordinal #3: center=(528.2, 719.8), href="/watch?v=csFggifeAlk", title="「Vietsub | Pinyin」Nhà Ai – Trì Ngư | 谁家 - 池鱼"', 'Accepted ordinal #4: center=(1616.8, 719.8), href="/watch?v=9avuQ72s5eM", title="Quà lớn 13 đàn vàng. x2 niềm vui (100 tr tài khoản / Best Mobile Game) | Where Winds Meet #wwmccps10"', 'DOM Extraction finished: 4 visible videos identified.'], 'move_verified': True, 'click_completed': True, 'mouse_action_success': True, 'target_interaction_verified': True, 'task_verified': True, 'window_recovered': False, 'message': "Clicked and selected YouTube video #3 ('「Vietsub | Pinyin」Nhà Ai – Trì Ngư | 谁家 - 池鱼') via DOM perception."})
2026-08-31 15:18:36 [INFO] [HERMES EVENT] 🔍 Verifying results: Verifying execution results...
2026-08-31 15:18:36 [INFO] [JARVIS] State changed -> agent_verifying
2026-08-31 15:18:36 [INFO] [HERMES EVENT] 🎯 Completed! Response: 'Playing video 3.'
2026-08-31 15:18:36 [INFO] [HERMES_CLIENT] Received Hermes response: 'Playing video 3.'
2026-08-31 15:18:36 [INFO] [HERMES -> CHAT] Final response synthesized: 'Playing video 3.' (success=True)
2026-08-31 15:18:36 [INFO] Playing phrase from cache: C:\Users\ADMIN\Downloads\jarvis-main\jarvis-main\.cache\jarvis_welcome\5c3f93556a064b0fcc6f6c34.wav
2026-08-31 15:18:36 [INFO] [JARVIS] State changed -> speaking
2026-08-31 15:18:37 [INFO] [JARVIS] State changed -> listening
2026-08-31 15:18:37 [INFO] [JARVIS] State changed -> listening
2026-08-31 15:18:37 [INFO] [CHAT] Returned to listening state. Ready for next voice command.
2026-08-31 15:18:43 [INFO] [VAD] Speech started.
2026-08-31 15:18:43 [INFO] 🎙️ [VAD] User started speaking turn...
2026-08-31 15:18:45 [INFO] [VAD] Speech ended (utterance bytes=71680).
2026-08-31 15:18:45 [INFO] [AUDIO] duration=2.24s rms=0.09000 peak=0.4680 silence_ratio=0.57 is_valid=True
2026-08-31 15:18:45 [INFO] Processing audio with duration 00:02.240
2026-08-31 15:18:45 [INFO] Detected language 'vi' with probability 0.99
2026-08-31 15:18:47 [INFO] [STT] Faster-Whisper: transcribed='Chọn video thứ tự.' | lang='vi' (prob=0.99)
2026-08-31 15:18:47 [INFO] [LANGUAGE] Detected VIETNAMESE utterance: 'Chọn video thứ tự.' (conf=0.90)
2026-08-31 15:18:47 [INFO] [STT] model=base language_mode=auto text='Chọn video thứ tự.' avg_logprob=-0.739 no_speech_prob=0.031 compression_ratio=0.77
2026-08-31 15:18:47 [INFO] [LANGUAGE] primary=vi languages=['vi'] mixed_language=False
2026-08-31 15:18:47 [INFO] [STT_RESOLVER] candidate_count=1 selected_candidate='Chọn video thứ tự.' confidence=0.99 score=-0.597
2026-08-31 15:18:47 [INFO] [STT -> INTERPRETATION]
  [STT RAW]: 'Chọn video thứ tự.'
  [NORMALIZED]: 'Chọn video thứ 4.'
  [INTENT]: CONVERSATION (confidence=0.85, compound=False)
  [ENTITY]: None (method=None, confidence=0.00)
2026-08-31 15:18:47 [INFO] 🎙️ [SMART TURN COMPLETED] Raw: 'Chọn video thứ tự.' | Normalized: 'Chọn video thứ 4.'
2026-08-31 15:18:47 [INFO] 💬 [CONVERSATION MODE] Processing user command: 'Chọn video thứ 4.' (Raw STT: 'Chọn video thứ tự.')
2026-08-31 15:18:47 [INFO] [LANGUAGE] Detected VIETNAMESE utterance: 'Chọn video thứ tự.' (conf=0.90)
2026-08-31 15:18:47 [INFO] 🎙️ [STT] raw = 'Chọn video thứ tự.'
2026-08-31 15:18:47 [INFO] 🌐 [LANGUAGE] detected = 'vi' (confidence=0.90, response_rule='ALWAYS_ENGLISH')
2026-08-31 15:18:47 [INFO] ✨ [NORMALIZER] normalized = 'Chọn video thứ 4.'
2026-08-31 15:18:47 [INFO] 🎯 [INTENT] type = CONVERSATION (confidence=0.85, compound=False)
2026-08-31 15:18:47 [INFO] [ROUTER] Routing natural-language task 'Chọn video thứ tự.' to Hermes Agent
2026-08-31 15:18:47 [INFO] [ROUTER] Command: 'Chọn video thứ 4.' -> Target: HERMES_AGENT (Action: agent_task)
2026-08-31 15:18:47 [INFO] 🧠 [HERMES] Starting task delegation to Hermes Agent loop for session: c6943076
2026-08-31 15:18:47 [INFO] [JARVIS] State changed -> agent_thinking
2026-08-31 15:18:47 [INFO] [HERMES] Step 1: Agent thinking & reasoning about instruction 'Chọn video thứ 4.'...
2026-08-31 15:18:47 [INFO] [CHAT -> HERMES] Dispatching instruction: 'Chọn video thứ 4.' (Intent: CONVERSATION)
2026-08-31 15:18:47 [INFO] [HERMES_CLIENT] Sending message to Hermes for session c6943076: 'Chọn video thứ 4.'
2026-08-31 15:18:47 [INFO] [HERMES EVENT] 💭 Thinking: Analyzing request with Qwen reasoning...
2026-08-31 15:18:47 [INFO] [JARVIS] State changed -> agent_thinking
2026-08-31 15:18:47 [INFO] [HERMES_RUNTIME] Fast-path deterministic routing for 'Chọn video thứ 4.': ['select_youtube_video']
2026-08-31 15:18:47 [INFO] [HERMES_RUNTIME] Generated plan for 'Chọn video thứ 4.': ['select_youtube_video']
2026-08-31 15:18:47 [INFO] [HERMES EVENT] ⚙️ Executing tool: 'select_youtube_video' (params: {'index': 4})
2026-08-31 15:18:47 [INFO] [JARVIS] State changed -> agent_acting
2026-08-31 15:18:47 [INFO] [HERMES_RUNTIME] Executing tool: select_youtube_video ({'index': 4})
2026-08-31 15:18:47 [INFO] [TOOL_REGISTRY] Executing 'select_youtube_video' with params: {'index': 4}
2026-08-31 15:18:47 [INFO] [WINDOW] Foreground matches target app 'chrome' & task 'youtube': HWND=47907456
2026-08-31 15:18:47 [INFO] ========== [YOUTUBE DOM EXTRACTION DEBUG LOG] ==========
2026-08-31 15:18:47 [INFO] [DOM_DEBUG] Viewport dimensions: innerWidth=1920, innerHeight=945
2026-08-31 15:18:47 [INFO] [DOM_DEBUG] Total nodes queried: 80
2026-08-31 15:18:47 [INFO] [DOM_DEBUG] Accepted ordinal #1: center=(1072.5, 290.6), href="/watch?v=NFYQK09Rh64", title="PC 300 củ, Siêu xe Và Ngày Mưa Setup Tại Biệt Thự Ven Sông Cùng Anh @PEWPEW"
2026-08-31 15:18:47 [INFO] [DOM_DEBUG] Accepted ordinal #2: center=(1616.8, 290.6), href="/watch?v=mm0QSsRwzUo", title="Home Beyond the Vale | Fantasy Celtic Ambience | Relaxing Music [No Ads]"
2026-08-31 15:18:47 [INFO] [DOM_DEBUG] Accepted ordinal #3: center=(528.2, 719.8), href="/watch?v=csFggifeAlk", title="「Vietsub | Pinyin」Nhà Ai – Trì Ngư | 谁家 - 池鱼"
2026-08-31 15:18:47 [INFO] [DOM_DEBUG] Accepted ordinal #4: center=(1616.8, 719.8), href="/watch?v=9avuQ72s5eM", title="Quà lớn 13 đàn vàng. x2 niềm vui (100 tr tài khoản / Best Mobile Game) | Where Winds Meet #wwmccps10"
2026-08-31 15:18:47 [INFO] [DOM_DEBUG] DOM Extraction finished: 4 visible videos identified.
2026-08-31 15:18:47 [INFO] =========================================================
2026-08-31 15:18:47 [INFO] [DOM_PERCEPTION] Extracted 4 visible YouTube video items directly from DOM.
2026-08-31 15:18:47 [INFO] [COORD MATH] Viewport (cx: 1616.8, cy: 719.8) -> Screen (X: 0 + 1616.8 = 1617, Y: 0 + 719.8 + 80 = 800)
2026-08-31 15:18:47 [INFO] [COMPONENT_TARGET] ordinal=#4 title='Quà lớn 13 đàn vàng. x2 niềm vui (100 tr tài khoản / Best Mobile Game) | Where Winds Meet #wwmccps10' href='/watch?v=9avuQ72s5eM&pp=ugUEEgJ2aQ%3D%3D' id=yt_video_4 is_ad=False
[COORDINATE] dom_viewport_space=(1616.8, 719.8) -> window_client_space=(1616.8, 799.8) -> screen_space=(1617, 800)
[WINDOW] hwnd=47907456 chrome_h=80 origin=(0, 0)
[MOUSE] final_physical_point=(1617, 800)
2026-08-31 15:18:47 [INFO] [MOUSE_TXN] id=DOM-YT-4-78A9 action=CLICK target=(1617, 800) count=1 button=left
2026-08-31 15:18:47 [INFO] [DOM-YT-4-78A9] [MOUSE_MOVE] requested=(1617, 800) before=(22, 63) delta=(1595, 737) distance=1757.0px
2026-08-31 15:18:47 [INFO] [DOM-YT-4-78A9] [MOUSE_MOVE] actual=(1617, 800) distance=0.0px verified=True
2026-08-31 15:18:47 [INFO] [MOUSE_TXN] id=DOM-YT-4-78A9 [MOUSE FINAL CHECK] requested_target=(1617, 800) actual_cursor=(1617, 800) delta=(0, 0) distance=0.0px
2026-08-31 15:18:47 [INFO] [DOM-YT-4-78A9] [MOUSE_CLICK] physical_position=(1617, 800) button=left count=1 down=True up=True completed=True
2026-08-31 15:18:47 [INFO] [MOUSE_TXN] id=DOM-YT-4-78A9 [MOUSE CLICK RESULT] position_at_click=(1617, 800) down_result=True up_result=True click_completed=True
2026-08-31 15:18:47 [INFO] 
[CURSOR]
expected=(1617, 800)
actual=(1617, 800)
distance=0.0
verified=True
2026-08-31 15:18:47 [INFO] 
[CLICK]
dispatch=SUCCESS
count=1
2026-08-31 15:18:47 [INFO] 
[ACTION]
VIDEO_SELECTION_COMPLETED
2026-08-31 15:18:47 [INFO] [HERMES EVENT] ✅ Tool finished: 'select_youtube_video' (result: {'success': True, 'status': 'SUCCESS', 'ordinal': 4, 'target_id': 'yt_video_4', 'component_id': 'yt_video_4', 'title': 'Quà lớn 13 đàn vàng. x2 niềm vui (100 tr tài khoản / Best Mobile Game) | Where Winds Meet #wwmccps10', 'href': '/watch?v=9avuQ72s5eM&pp=ugUEEgJ2aQ%3D%3D', 'is_ad': False, 'target': {'requested_index': 4, 'ordinal': 4, 'component_id': 'yt_video_4', 'bbox': [1352.7, 565.2, 528.3, 309.2], 'screen_point': (1617, 800), 'title': 'Quà lớn 13 đàn vàng. x2 niềm vui (100 tr tài khoản / Best Mobile Game) | Where Winds Meet #wwmccps10'}, 'viewport_point': (1616.8, 719.8), 'click_point': (1617, 800), 'cursor_before': (22, 63), 'cursor_after': (1617, 800), 'actual_position_before': (22, 63), 'actual_position_at_click': (1617, 800), 'coord_math': '[COORD MATH] Viewport (cx: 1616.8, cy: 719.8) -> Screen (X: 0 + 1616.8 = 1617, Y: 0 + 719.8 + 80 = 800)', 'debug_log': ['Viewport dimensions: innerWidth=1920, innerHeight=945', 'Total nodes queried: 80', 'Accepted ordinal #1: center=(1072.5, 290.6), href="/watch?v=NFYQK09Rh64", title="PC 300 củ, Siêu xe Và Ngày Mưa Setup Tại Biệt Thự Ven Sông Cùng Anh @PEWPEW"', 'Accepted ordinal #2: center=(1616.8, 290.6), href="/watch?v=mm0QSsRwzUo", title="Home Beyond the Vale | Fantasy Celtic Ambience | Relaxing Music [No Ads]"', 'Accepted ordinal #3: center=(528.2, 719.8), href="/watch?v=csFggifeAlk", title="「Vietsub | Pinyin」Nhà Ai – Trì Ngư | 谁家 - 池鱼"', 'Accepted ordinal #4: center=(1616.8, 719.8), href="/watch?v=9avuQ72s5eM", title="Quà lớn 13 đàn vàng. x2 niềm vui (100 tr tài khoản / Best Mobile Game) | Where Winds Meet #wwmccps10"', 'DOM Extraction finished: 4 visible videos identified.'], 'move_verified': True, 'click_completed': True, 'mouse_action_success': True, 'target_interaction_verified': True, 'task_verified': True, 'window_recovered': False, 'message': "Clicked and selected YouTube video #4 ('Quà lớn 13 đàn vàng. x2 niềm vui (100 tr tài khoản / Best Mobile Game) | Where Winds Meet #wwmccps10') via DOM perception."})
2026-08-31 15:18:47 [INFO] [HERMES EVENT] 🔍 Verifying results: Verifying execution results...
2026-08-31 15:18:47 [INFO] [JARVIS] State changed -> agent_verifying
2026-08-31 15:18:47 [INFO] [HERMES EVENT] 🎯 Completed! Response: 'Playing video 4.'
2026-08-31 15:18:47 [INFO] [HERMES_CLIENT] Received Hermes response: 'Playing video 4.'
2026-08-31 15:18:47 [INFO] [HERMES -> CHAT] Final response synthesized: 'Playing video 4.' (success=True)
2026-08-31 15:18:47 [INFO] Playing phrase from cache: C:\Users\ADMIN\Downloads\jarvis-main\jarvis-main\.cache\jarvis_welcome\f92f4bcfc159b236a2a2c676.wav
2026-08-31 15:18:47 [INFO] [JARVIS] State changed -> speaking
2026-08-31 15:18:49 [INFO] [JARVIS] State changed -> listening
2026-08-31 15:18:49 [INFO] [JARVIS] State changed -> listening
2026-08-31 15:18:49 [INFO] [CHAT] Returned to listening state. Ready for next voice command.
2026-08-31 15:18:54 [INFO] [VAD] Speech started.
2026-08-31 15:18:54 [INFO] 🎙️ [VAD] User started speaking turn...
2026-08-31 15:18:56 [INFO] [VAD] Speech ended (utterance bytes=71680).
2026-08-31 15:18:56 [INFO] [AUDIO] duration=2.24s rms=0.09000 peak=0.6401 silence_ratio=0.55 is_valid=True
2026-08-31 15:18:56 [INFO] Processing audio with duration 00:02.240
2026-08-31 15:18:57 [INFO] Detected language 'vi' with probability 0.91
2026-08-31 15:18:58 [INFO] [STT] Faster-Whisper: transcribed='Trọng video đầu tiên.' | lang='vi' (prob=0.91)
2026-08-31 15:18:58 [INFO] [LANGUAGE] Detected VIETNAMESE utterance: 'Trọng video đầu tiên.' (conf=0.95)
2026-08-31 15:18:58 [INFO] [STT] model=base language_mode=auto text='Trọng video đầu tiên.' avg_logprob=-0.509 no_speech_prob=0.091 compression_ratio=0.75
2026-08-31 15:18:58 [INFO] [LANGUAGE] primary=vi languages=['vi'] mixed_language=False
2026-08-31 15:18:58 [INFO] [STT_RESOLVER] candidate_count=1 selected_candidate='Trọng video đầu tiên.' confidence=0.91 score=-0.667
2026-08-31 15:18:59 [INFO] [STT -> INTERPRETATION]
  [STT RAW]: 'Trọng video đầu tiên.'
  [NORMALIZED]: 'chọn video đầu tiên.'
  [INTENT]: CONVERSATION (confidence=0.85, compound=False)
  [ENTITY]: Visual Studio Code (method=metaphone, confidence=0.80)
2026-08-31 15:18:59 [INFO] 🎙️ [SMART TURN COMPLETED] Raw: 'Trọng video đầu tiên.' | Normalized: 'chọn video đầu tiên.'
2026-08-31 15:18:59 [INFO] 💬 [CONVERSATION MODE] Processing user command: 'chọn video đầu tiên.' (Raw STT: 'Trọng video đầu tiên.')
2026-08-31 15:18:59 [INFO] [LANGUAGE] Detected VIETNAMESE utterance: 'Trọng video đầu tiên.' (conf=0.95)
2026-08-31 15:18:59 [INFO] 🎙️ [STT] raw = 'Trọng video đầu tiên.'
2026-08-31 15:18:59 [INFO] 🌐 [LANGUAGE] detected = 'vi' (confidence=0.95, response_rule='ALWAYS_ENGLISH')
2026-08-31 15:18:59 [INFO] ✨ [NORMALIZER] normalized = 'chọn video đầu tiên.'
2026-08-31 15:18:59 [INFO] 🎯 [INTENT] type = CONVERSATION (confidence=0.85, compound=False)
2026-08-31 15:18:59 [INFO] 🏷️ [ENTITY] candidate = 'Visual Studio Code' (alias='viet code', method=metaphone, confidence=0.80)
2026-08-31 15:18:59 [INFO] [ROUTER] Routing natural-language task 'Trọng video đầu tiên.' to Hermes Agent
2026-08-31 15:18:59 [INFO] [ROUTER] Command: 'chọn video đầu tiên.' -> Target: HERMES_AGENT (Action: agent_task)
2026-08-31 15:18:59 [INFO] 🧠 [HERMES] Starting task delegation to Hermes Agent loop for session: c6943076
2026-08-31 15:18:59 [INFO] [JARVIS] State changed -> agent_thinking
2026-08-31 15:18:59 [INFO] [HERMES] Step 1: Agent thinking & reasoning about instruction 'chọn video đầu tiên.'...
2026-08-31 15:18:59 [INFO] [CHAT -> HERMES] Dispatching instruction: 'chọn video đầu tiên.' (Intent: CONVERSATION)
2026-08-31 15:18:59 [INFO] [HERMES_CLIENT] Sending message to Hermes for session c6943076: 'chọn video đầu tiên.'
2026-08-31 15:18:59 [INFO] [HERMES EVENT] 💭 Thinking: Analyzing request with Qwen reasoning...
2026-08-31 15:18:59 [INFO] [JARVIS] State changed -> agent_thinking
2026-08-31 15:18:59 [INFO] [HERMES_RUNTIME] Fast-path deterministic routing for 'chọn video đầu tiên.': ['select_youtube_video']
2026-08-31 15:18:59 [INFO] [HERMES_RUNTIME] Generated plan for 'chọn video đầu tiên.': ['select_youtube_video']
2026-08-31 15:18:59 [INFO] [HERMES EVENT] ⚙️ Executing tool: 'select_youtube_video' (params: {'index': 1})
2026-08-31 15:18:59 [INFO] [JARVIS] State changed -> agent_acting
2026-08-31 15:18:59 [INFO] [HERMES_RUNTIME] Executing tool: select_youtube_video ({'index': 1})
2026-08-31 15:18:59 [INFO] [TOOL_REGISTRY] Executing 'select_youtube_video' with params: {'index': 1}
2026-08-31 15:19:04 [INFO] [WINDOW] Resolved 'chrome' candidate HWND=47907456 title='(45) YouTube - Google Chrome'
2026-08-31 15:19:04 [INFO] ========== [YOUTUBE DOM EXTRACTION DEBUG LOG] ==========
2026-08-31 15:19:04 [INFO] [DOM_DEBUG] Viewport dimensions: innerWidth=1920, innerHeight=945
2026-08-31 15:19:04 [INFO] [DOM_DEBUG] Total nodes queried: 80
2026-08-31 15:19:04 [INFO] [DOM_DEBUG] Accepted ordinal #1: center=(1072.5, 290.6), href="/watch?v=NFYQK09Rh64", title="PC 300 củ, Siêu xe Và Ngày Mưa Setup Tại Biệt Thự Ven Sông Cùng Anh @PEWPEW"
2026-08-31 15:19:04 [INFO] [DOM_DEBUG] Accepted ordinal #2: center=(1616.8, 290.6), href="/watch?v=mm0QSsRwzUo", title="Home Beyond the Vale | Fantasy Celtic Ambience | Relaxing Music [No Ads]"
2026-08-31 15:19:04 [INFO] [DOM_DEBUG] Accepted ordinal #3: center=(528.2, 719.8), href="/watch?v=csFggifeAlk", title="「Vietsub | Pinyin」Nhà Ai – Trì Ngư | 谁家 - 池鱼"
2026-08-31 15:19:04 [INFO] [DOM_DEBUG] Accepted ordinal #4: center=(1616.8, 719.8), href="/watch?v=9avuQ72s5eM", title="Quà lớn 13 đàn vàng. x2 niềm vui (100 tr tài khoản / Best Mobile Game) | Where Winds Meet #wwmccps10"
2026-08-31 15:19:04 [INFO] [DOM_DEBUG] DOM Extraction finished: 4 visible videos identified.
2026-08-31 15:19:04 [INFO] =========================================================
2026-08-31 15:19:04 [INFO] [DOM_PERCEPTION] Extracted 4 visible YouTube video items directly from DOM.
2026-08-31 15:19:04 [INFO] [COORD MATH] Viewport (cx: 1072.5, cy: 290.6) -> Screen (X: 0 + 1072.5 = 1072, Y: 0 + 290.6 + 80 = 371)
2026-08-31 15:19:04 [INFO] [COMPONENT_TARGET] ordinal=#1 title='PC 300 củ, Siêu xe Và Ngày Mưa Setup Tại Biệt Thự Ven Sông Cùng Anh @PEWPEW' href='/watch?v=NFYQK09Rh64' id=yt_video_1 is_ad=False
[COORDINATE] dom_viewport_space=(1072.5, 290.6) -> window_client_space=(1072.5, 370.6) -> screen_space=(1072, 371)
[WINDOW] hwnd=47907456 chrome_h=80 origin=(0, 0)
[MOUSE] final_physical_point=(1072, 371)
2026-08-31 15:19:04 [INFO] [MOUSE_TXN] id=DOM-YT-1-E420 action=CLICK target=(1072, 371) count=1 button=left
2026-08-31 15:19:04 [INFO] [DOM-YT-1-E420] [MOUSE_MOVE] requested=(1072, 371) before=(1617, 800) delta=(-545, -429) distance=693.6px
2026-08-31 15:19:04 [INFO] [DOM-YT-1-E420] [MOUSE_MOVE] actual=(1072, 371) distance=0.0px verified=True
2026-08-31 15:19:04 [INFO] [MOUSE_TXN] id=DOM-YT-1-E420 [MOUSE FINAL CHECK] requested_target=(1072, 371) actual_cursor=(1072, 371) delta=(0, 0) distance=0.0px
2026-08-31 15:19:04 [INFO] [DOM-YT-1-E420] [MOUSE_CLICK] physical_position=(1072, 371) button=left count=1 down=True up=True completed=True
2026-08-31 15:19:04 [INFO] [MOUSE_TXN] id=DOM-YT-1-E420 [MOUSE CLICK RESULT] position_at_click=(1072, 371) down_result=True up_result=True click_completed=True
2026-08-31 15:19:04 [INFO] 
[CURSOR]
expected=(1072, 371)
actual=(1072, 371)
distance=0.0
verified=True
2026-08-31 15:19:04 [INFO] 
[CLICK]
dispatch=SUCCESS
count=1
2026-08-31 15:19:04 [INFO] 
[ACTION]
VIDEO_SELECTION_COMPLETED
2026-08-31 15:19:04 [INFO] [HERMES EVENT] ✅ Tool finished: 'select_youtube_video' (result: {'success': True, 'status': 'SUCCESS', 'ordinal': 1, 'target_id': 'yt_video_1', 'component_id': 'yt_video_1', 'title': 'PC 300 củ, Siêu xe Và Ngày Mưa Setup Tại Biệt Thự Ven Sông Cùng Anh @PEWPEW', 'href': '/watch?v=NFYQK09Rh64', 'is_ad': False, 'target': {'requested_index': 1, 'ordinal': 1, 'component_id': 'yt_video_1', 'bbox': [808.3, 136, 528.3, 309.2], 'screen_point': (1072, 371), 'title': 'PC 300 củ, Siêu xe Và Ngày Mưa Setup Tại Biệt Thự Ven Sông Cùng Anh @PEWPEW'}, 'viewport_point': (1072.5, 290.6), 'click_point': (1072, 371), 'cursor_before': (1617, 800), 'cursor_after': (1072, 371), 'actual_position_before': (1617, 800), 'actual_position_at_click': (1072, 371), 'coord_math': '[COORD MATH] Viewport (cx: 1072.5, cy: 290.6) -> Screen (X: 0 + 1072.5 = 1072, Y: 0 + 290.6 + 80 = 371)', 'debug_log': ['Viewport dimensions: innerWidth=1920, innerHeight=945', 'Total nodes queried: 80', 'Accepted ordinal #1: center=(1072.5, 290.6), href="/watch?v=NFYQK09Rh64", title="PC 300 củ, Siêu xe Và Ngày Mưa Setup Tại Biệt Thự Ven Sông Cùng Anh @PEWPEW"', 'Accepted ordinal #2: center=(1616.8, 290.6), href="/watch?v=mm0QSsRwzUo", title="Home Beyond the Vale | Fantasy Celtic Ambience | Relaxing Music [No Ads]"', 'Accepted ordinal #3: center=(528.2, 719.8), href="/watch?v=csFggifeAlk", title="「Vietsub | Pinyin」Nhà Ai – Trì Ngư | 谁家 - 池鱼"', 'Accepted ordinal #4: center=(1616.8, 719.8), href="/watch?v=9avuQ72s5eM", title="Quà lớn 13 đàn vàng. x2 niềm vui (100 tr tài khoản / Best Mobile Game) | Where Winds Meet #wwmccps10"', 'DOM Extraction finished: 4 visible videos identified.'], 'move_verified': True, 'click_completed': True, 'mouse_action_success': True, 'target_interaction_verified': True, 'task_verified': True, 'window_recovered': False, 'message': "Clicked and selected YouTube video #1 ('PC 300 củ, Siêu xe Và Ngày Mưa Setup Tại Biệt Thự Ven Sông Cùng Anh @PEWPEW') via DOM perception."})
2026-08-31 15:19:04 [INFO] [HERMES EVENT] 🔍 Verifying results: Verifying execution results...
2026-08-31 15:19:04 [INFO] [JARVIS] State changed -> agent_verifying
2026-08-31 15:19:04 [INFO] [HERMES EVENT] 🎯 Completed! Response: 'Playing video 1.'
2026-08-31 15:19:04 [INFO] [HERMES_CLIENT] Received Hermes response: 'Playing video 1.'
2026-08-31 15:19:04 [INFO] [HERMES -> CHAT] Final response synthesized: 'Playing video 1.' (success=True)
2026-08-31 15:19:04 [INFO] Playing phrase from cache: C:\Users\ADMIN\Downloads\jarvis-main\jarvis-main\.cache\jarvis_welcome\b8116be7ec171d15a95ca712.wav
2026-08-31 15:19:04 [INFO] [JARVIS] State changed -> speaking
2026-08-31 15:19:05 [INFO] [JARVIS] State changed -> listening
2026-08-31 15:19:05 [INFO] [JARVIS] State changed -> listening
2026-08-31 15:19:05 [INFO] [CHAT] Returned to listening state. Ready for next voice command.
